category_id,base10,image_count
0,0,0
1,3.600532557166335,45
2,4.221897703689684,10
3,3.8483170408770913,25
4,3.98453678789508,18
5,3.8653503801758715,24
6,3.67222578182141,38
7,3.8483170408770913,25
8,4.032841467469635,16
9,3.53901451924712,52
10,4.087199129792228,14
11,3.8483170408770913,25
12,4.008017883744603,17
13,2.975488658917683,193
14,3.2901625352482102,93
15,3.786169134128247,29
16,3.098937533063472,145
17,3.5911925309121915,46
18,3.9622603931839278,19
19,3.3548053699692595,80
20,3.6298219332683224,42
21,3.221897703689684,109
22,3.263290388847909,99
23,3.0354036842342356,168
24,3.424441298110654,68
25,3.800892390948953,28
26,4.309047879408585,8
27,4.149347036541072,12
28,3.98453678789508,18
29,3.920867708025703,21
30,3.7447764489700215,32
31,2.7229609140570354,346
32,3.883079147136303,23
33,3.043182300807854,165
34,3.470898699349655,61
35,4.117162353169671,13
36,3.9622603931839278,19
37,3.7719286950136364,30
38,3.98453678789508,18
39,2.8054084921139166,286
40,3.1914083815417835,117
41,2.188839669893318,1186
42,3.3442122964718353,82
43,3.731811471805654,33
44,2.759499705790728,318
45,2.9536602214220102,203
46,2.9308519289323036,214
47,4.184109142800284,11
48,3.6298219332683224,42
49,4.008017883744603,17
50,3.9622603931839278,19
51,3.5730943088193956,48
52,3.4059578924166405,71
53,3.920867708025703,21
54,4.032841467469635,16
55,3.1140712761925293,140
56,4.309047879408585,8
57,3.6298219332683224,42
58,3.4372155861470826,66
59,3.2546902170859915,101
60,3.920867708025703,21
61,4.059170406191984,15
62,2.141402403744228,1323
63,3.920867708025703,21
64,2.273395825129136,976
65,3.6298219332683224,42
66,3.7069878880806217,35
67,2.955794350934696,202
68,3.2258638909072856,108
69,3.2855667835590614,94
70,1.6802050225002214,3828
71,3.98453678789508,18
72,2.168121037416154,1244
73,2.746094490897935,328
74,2.9600943314274204,200
75,3.9015625528303164,22
76,3.67222578182141,38
77,3.4998623952849717,57
78,3.94107109411399,20
79,4.059170406191984,15
80,3.582049151472322,47
81,3.9622603931839278,19
82,4.087199129792228,14
83,2.6755794238289976,386
84,3.920867708025703,21
85,3.6298219332683224,42
86,4.360200401855965,7
87,3.683506792231099,37
88,3.53901451924712,52
89,2.1695186073491795,1240
90,3.5557202127499727,50
91,4.221897703689684,10
92,3.1049278967526597,143
93,2.567808712357712,495
94,3.008017883744603,179
95,1.7235871499000834,3464
96,3.5557202127499727,50
97,3.1663803758398528,124
98,4.117162353169671,13
99,3.0673907364386754,156
100,4.032841467469635,16
101,4.059170406191984,15
102,4.117162353169671,13
103,3.6505065321281736,40
104,3.786169134128247,29
105,3.786169134128247,29
106,3.376799663675427,76
107,4.221897703689684,10
108,3.683506792231099,37
109,4.184109142800284,11
110,3.98453678789508,18
111,4.032841467469635,16
112,4.008017883744603,17
113,4.032841467469635,16
114,4.059170406191984,15
115,4.032841467469635,16
116,4.032841467469635,16
117,3.9622603931839278,19
118,3.9622603931839278,19
119,4.059170406191984,15
120,4.008017883744603,17
121,3.98453678789508,18
122,4.032841467469635,16
123,3.9015625528303164,22
124,2.9799891601443598,191
125,3.2546902170859915,101
126,3.98453678789508,18
127,3.731811471805654,33
128,3.98453678789508,18
129,3.582049151472322,47
130,3.883079147136303,23
131,3.6298219332683224,42
132,4.008017883744603,17
133,4.309047879408585,8
134,3.132956620352903,134
135,3.399967528727453,72
136,2.6218162783438097,437
137,2.9288366376969783,215
138,4.008017883744603,17
139,3.94107109411399,20
140,4.008017883744603,17
141,4.087199129792228,14
142,3.98453678789508,18
143,3.758140410528003,31
144,3.4998623952849717,57
145,3.8483170408770913,25
146,4.008017883744603,17
147,3.7069878880806217,35
148,3.920867708025703,21
149,4.008017883744603,17
150,4.263290388847909,9
151,3.8483170408770913,25
152,3.8483170408770913,25
153,4.008017883744603,17
154,3.9622603931839278,19
155,3.9622603931839278,19
156,3.5643203845118903,49
157,4.032841467469635,16
158,4.059170406191984,15
159,4.184109142800284,11
160,4.008017883744603,17
161,3.4998623952849717,57
162,4.087199129792228,14
163,3.8319266246889216,26
164,4.008017883744603,17
165,3.8319266246889216,26
166,4.032841467469635,16
167,4.184109142800284,11
168,4.117162353169671,13
169,4.221897703689684,10
170,4.087199129792228,14
171,4.221897703689684,10
172,4.032841467469635,16
173,3.758140410528003,31
174,4.032841467469635,16
175,4.117162353169671,13
176,4.087199129792228,14
177,2.343167062557185,831
178,1.9829396958019034,1906
179,2.2441740984008365,1044
180,2.095973054099733,1469
181,2.4503770322050538,649
182,1.7208384414719327,3486
183,2.3143886278776953,888
184,3.920867708025703,21
185,3.81613235750569,27
186,1.830481383814741,2708
187,3.399967528727453,72
188,3.1140712761925293,140
189,2.292014540109804,935
190,3.2140723661777275,111
191,3.4779605538371423,60
192,2.70819594026959,358
193,2.5967724082930284,463
194,2.6634073167742214,397
195,3.67222578182141,38
196,2.3080838513059674,901
197,4.008017883744603,17
198,3.8483170408770913,25
199,4.418192348833652,6
200,3.4503770322050533,64
201,3.7192223444976333,34
202,3.8483170408770913,25
203,2.861889848066365,251
204,3.0564645128160595,160
205,3.8483170408770913,25
206,4.117162353169671,13
207,3.9622603931839278,19
208,4.059170406191984,15
209,3.883079147136303,23
210,3.920867708025703,21
211,3.883079147136303,23
212,4.032841467469635,16
213,3.7192223444976333,34
214,3.883079147136303,23
215,3.2589690150652664,100
216,3.94107109411399,20
217,4.117162353169671,13
218,3.81613235750569,27
219,3.7719286950136364,30
220,3.8319266246889216,26
221,2.759499705790728,318
222,3.683506792231099,37
223,2.868838708021693,247
224,1.956008341814563,2028
225,4.149347036541072,12
226,2.9308519289323036,214
227,3.920867708025703,21
228,4.087199129792228,14
229,4.087199129792228,14
230,3.883079147136303,23
231,4.059170406191984,15
232,4.008017883744603,17
233,3.9015625528303164,22
234,3.4437464533060402,65
235,3.180505018531459,120
236,3.683506792231099,37
237,3.94107109411399,20
238,4.008017883744603,17
239,4.360200401855965,7
240,4.087199129792228,14
241,4.485139138464265,5
242,4.032841467469635,16
243,3.7447764489700215,32
244,4.786169134128246,2
245,3.8653503801758715,24
246,4.117162353169671,13
247,4.149347036541072,12
248,3.8483170408770913,25
249,4.309047879408585,8
250,3.94107109411399,20
251,4.008017883744603,17
252,4.059170406191984,15
253,4.087199129792228,14
254,4.059170406191984,15
255,4.087199129792228,14
256,4.032841467469635,16
257,4.008017883744603,17
258,4.008017883744603,17
259,3.94107109411399,20
260,4.008017883744603,17
261,4.008017883744603,17
262,4.087199129792228,14
263,4.087199129792228,14
264,4.032841467469635,16
265,3.399967528727453,72
266,2.316347118150084,884
267,3.075769668011446,153
268,3.7069878880806217,35
269,3.600532557166335,45
270,4.087199129792228,14
271,4.087199129792228,14
272,4.149347036541072,12
273,3.920867708025703,21
274,3.8319266246889216,26
275,3.98453678789508,18
276,3.54728704521311,51
277,3.5308966290249404,53
278,4.360200401855965,7
279,4.221897703689684,10
280,4.059170406191984,15
281,3.8319266246889216,26
282,4.059170406191984,15
283,4.221897703689684,10
284,4.008017883744603,17
285,3.8319266246889216,26
286,3.98453678789508,18
287,3.6298219332683224,42
288,4.008017883744603,17
289,4.032841467469635,16
290,3.786169134128247,29
291,3.81613235750569,27
292,3.98453678789508,18
293,3.5074155331754175,56
294,3.2140723661777275,111
295,3.6400410984500087,41
296,3.1265698216915023,136
297,4.008017883744603,17
298,4.008017883744603,17
299,3.695088664780914,36
300,3.920867708025703,21
301,3.7719286950136364,30
302,3.8653503801758715,24
303,3.786169134128247,29
304,3.731811471805654,33
305,3.8483170408770913,25
306,3.67222578182141,38
307,3.4639498393943273,62
308,3.6298219332683224,42
309,4.008017883744603,17
310,3.695088664780914,36
311,3.9622603931839278,19
312,3.81613235750569,27
313,4.059170406191984,15
314,4.008017883744603,17
315,3.6198377123617216,43
316,3.6400410984500087,41
317,4.008017883744603,17
318,3.242101089777971,104
319,3.7447764489700215,32
320,3.5229276993536653,54
321,2.5043784964499354,573
322,2.3905515613752404,745
323,3.3390111027860274,83
324,3.786169134128247,29
325,3.2140723661777275,111
326,3.6298219332683224,42
327,3.2546902170859915,101
328,2.9961186604448953,184
329,2.8483170408770913,259
330,3.98453678789508,18
331,3.4998623952849717,57
332,3.2948074402939738,92
333,3.1733852774085114,122
334,3.661230397519947,39
335,3.4639498393943273,62
336,4.008017883744603,17
337,3.5911925309121915,46
338,3.412032040128834,70
339,3.180505018531459,120
340,3.0729586906776176,154
341,3.6400410984500087,41
342,3.7447764489700215,32
343,3.883079147136303,23
344,4.008017883744603,17
345,4.56432038451189,4
346,4.059170406191984,15
347,4.418192348833652,6
348,3.695088664780914,36
349,4.087199129792228,14
350,4.008017883744603,17
351,2.877684115249597,242
352,3.9622603931839278,19
353,4.059170406191984,15
354,3.9622603931839278,19
355,3.8653503801758715,24
356,4.087199129792228,14
357,4.221897703689684,10
358,3.2901625352482102,93
359,4.008017883744603,17
360,4.032841467469635,16
361,4.032841467469635,16
362,3.98453678789508,18
363,4.032841467469635,16
364,4.008017883744603,17
365,4.008017883744603,17
366,3.94107109411399,20
367,4.008017883744603,17
368,4.059170406191984,15
369,4.008017883744603,17
370,4.032841467469635,16
371,4.059170406191984,15
372,2.4639498393943273,629
373,1.534125599155139,5359
374,3.3042489965268156,90
375,2.6644998820847943,396
376,1.7677460513014607,3129
377,3.883079147136303,23
378,3.731811471805654,33
379,2.4851391384642656,599
380,2.9961186604448953,184
381,3.8319266246889216,26
382,3.695088664780914,36
383,3.3287919376043416,85
384,3.731811471805654,33
385,2.3975943289318384,733
386,3.376799663675427,76
387,3.695088664780914,36
388,3.198832399620991,115
389,4.149347036541072,12
390,3.94107109411399,20
391,4.032841467469635,16
392,3.470898699349655,61
393,3.3390111027860274,83
394,3.120275588593814,138
395,3.5643203845118903,49
396,2.612012374849765,447
397,2.6149303778669775,444
398,2.0886491961874607,1494
399,3.3548053699692595,80
400,3.8319266246889216,26
401,4.059170406191984,15
402,3.8319266246889216,26
403,4.087199129792228,14
404,3.4437464533060402,65
405,3.6198377123617216,43
406,3.758140410528003,31
407,3.1914083815417835,117
408,3.5557202127499727,50
409,2.9188981151627984,220
410,3.2901625352482102,93
411,3.9622603931839278,19
412,3.920867708025703,21
413,3.920867708025703,21
414,3.3602004018559657,79
415,3.8653503801758715,24
416,4.032841467469635,16
417,4.032841467469635,16
418,2.94107109411399,209
419,4.059170406191984,15
420,4.008017883744603,17
421,3.81613235750569,27
422,3.98453678789508,18
423,3.683506792231099,37
424,3.98453678789508,18
425,4.184109142800284,11
426,3.8319266246889216,26
427,4.008017883744603,17
428,4.360200401855965,7
429,4.149347036541072,12
430,4.087199129792228,14
431,3.94107109411399,20
432,3.800892390948953,28
433,4.485139138464265,5
434,4.117162353169671,13
435,4.221897703689684,10
436,3.786169134128247,29
437,3.7447764489700215,32
438,3.3042489965268156,90
439,4.117162353169671,13
440,4.184109142800284,11
441,3.94107109411399,20
442,3.54728704521311,51
443,3.2298666333609596,107
444,4.087199129792228,14
445,4.008017883744603,17
446,3.8653503801758715,24
447,3.98453678789508,18
448,3.7192223444976333,34
449,3.98453678789508,18
450,3.8653503801758715,24
451,3.8483170408770913,25
452,4.149347036541072,12
453,4.059170406191984,15
454,3.98453678789508,18
455,3.920867708025703,21
456,3.98453678789508,18
457,3.5308966290249404,53
458,3.9015625528303164,22
459,4.032841467469635,16
460,3.4998623952849717,57
461,4.117162353169671,13
462,3.7192223444976333,34
463,4.032841467469635,16
464,4.032841467469635,16
465,3.6400410984500087,41
466,3.94107109411399,20
467,3.758140410528003,31
468,3.98453678789508,18
469,3.6198377123617216,43
470,2.9799891601443598,191
471,3.6400410984500087,41
472,3.2901625352482102,93
473,3.7192223444976333,34
474,3.7719286950136364,30
475,3.94107109411399,20
476,2.424441298110654,689
477,3.98453678789508,18
478,2.947320043390991,206
479,3.4998623952849717,57
480,3.6298219332683224,42
481,4.032841467469635,16
482,3.4998623952849717,57
483,3.6298219332683224,42
484,2.224670226898206,1092
485,3.146019093192145,130
486,3.7447764489700215,32
487,3.883079147136303,23
488,3.5911925309121915,46
489,3.313900382202996,88
490,2.1339227931249236,1346
491,3.470898699349655,61
492,3.7447764489700215,32
493,3.81613235750569,27
494,3.4059578924166405,71
495,5.263290388847909,0
496,3.3042489965268156,90
497,2.4424323994082093,661
498,2.4231842943911515,691
499,2.8483170408770913,259
500,1.9583692269470174,2017
501,3.758140410528003,31
502,2.3242706123992427,868
503,3.6400410984500087,41
504,3.661230397519947,39
505,2.6110440478445858,448
506,3.3390111027860274,83
507,4.032841467469635,16
508,4.221897703689684,10
509,2.659064335763439,401
510,2.03823969270986,1678
511,1.8584566722279712,2539
512,3.0511027844439513,162
513,3.2025925484942976,114
514,2.738245581811064,334
515,4.485139138464265,5
516,3.9015625528303164,22
517,2.6110440478445858,448
518,4.117162353169671,13
519,4.059170406191984,15
520,3.67222578182141,38
521,3.159486667891952,126
522,3.800892390948953,28
523,3.6198377123617216,43
524,4.117162353169671,13
525,3.2140723661777275,111
526,3.94107109411399,20
527,3.1361855904831013,133
528,4.087199129792228,14
529,3.4998623952849717,57
530,4.032841467469635,16
531,2.3426453874411215,832
532,1.30177437739896,9151
533,3.800892390948953,28
534,3.786169134128247,29
535,3.758140410528003,31
536,3.9015625528303164,22
537,4.149347036541072,12
538,3.695088664780914,36
539,3.800892390948953,28
540,3.98453678789508,18
541,3.758140410528003,31
542,4.008017883744603,17
543,3.67222578182141,38
544,4.087199129792228,14
545,3.920867708025703,21
546,3.3656632975574676,78
547,3.94107109411399,20
548,3.731811471805654,33
549,3.94107109411399,20
550,4.032841467469635,16
551,3.6400410984500087,41
552,4.360200401855965,7
553,3.8653503801758715,24
554,4.309047879408585,8
555,4.221897703689684,10
556,3.53901451924712,52
557,3.5151023618417088,55
558,3.920867708025703,21
559,3.94107109411399,20
560,3.81613235750569,27
561,3.600532557166335,45
562,3.800892390948953,28
563,3.67222578182141,38
564,3.920867708025703,21
565,4.309047879408585,8
566,4.309047879408585,8
567,4.008017883744603,17
568,4.149347036541072,12
569,4.360200401855965,7
570,4.184109142800284,11
571,4.418192348833652,6
572,4.360200401855965,7
573,4.56432038451189,4
574,4.263290388847909,9
575,1.6134689256233439,4464
576,4.309047879408585,8
577,3.6198377123617216,43
578,3.9015625528303164,22
579,4.263290388847909,9
580,3.920867708025703,21
581,4.418192348833652,6
582,4.149347036541072,12
583,3.6505065321281736,40
584,4.221897703689684,10
585,4.117162353169671,13
586,3.695088664780914,36
587,4.149347036541072,12
588,4.485139138464265,5
589,3.2298666333609596,107
590,3.5308966290249404,53
591,3.3442122964718353,82
592,3.98453678789508,18
593,4.059170406191984,15
594,3.8319266246889216,26
595,3.81613235750569,27
596,3.94107109411399,20
597,3.53901451924712,52
598,3.7719286950136364,30
599,4.263290388847909,9
600,4.962260393183928,1
601,3.6400410984500087,41
602,3.8653503801758715,24
603,3.883079147136303,23
604,4.184109142800284,11
605,4.184109142800284,11
606,3.8483170408770913,25
607,3.9622603931839278,19
608,3.98453678789508,18
609,3.4503770322050533,64
610,4.032841467469635,16
611,3.883079147136303,23
612,4.059170406191984,15
613,3.9622603931839278,19
614,4.032841467469635,16
615,4.6612303975199465,3
616,4.032841467469635,16
617,3.9622603931839278,19
618,3.9622603931839278,19
619,4.087199129792228,14
620,4.485139138464265,5
621,4.149347036541072,12
622,5.263290388847909,0
623,3.6298219332683224,42
624,4.059170406191984,15
625,4.008017883744603,17
626,4.008017883744603,17
627,4.149347036541072,12
628,3.9622603931839278,19
629,4.221897703689684,10
630,3.9622603931839278,19
631,3.800892390948953,28
632,3.94107109411399,20
633,3.9015625528303164,22
634,4.117162353169671,13
635,3.3602004018559657,79
636,3.920867708025703,21
637,4.059170406191984,15
638,3.786169134128247,29
639,3.98453678789508,18
640,3.7719286950136364,30
641,4.149347036541072,12
642,3.920867708025703,21
643,3.7447764489700215,32
644,3.731811471805654,33
645,3.9015625528303164,22
646,3.9622603931839278,19
647,4.059170406191984,15
648,4.059170406191984,15
649,3.758140410528003,31
650,4.059170406191984,15
651,4.008017883744603,17
652,4.032841467469635,16
653,3.94107109411399,20
654,4.059170406191984,15
655,3.98453678789508,18
656,4.008017883744603,17
657,4.149347036541072,12
658,4.184109142800284,11
659,4.087199129792228,14
660,3.9622603931839278,19
661,4.059170406191984,15
662,3.920867708025703,21
663,3.883079147136303,23
664,4.059170406191984,15
665,4.149347036541072,12
666,4.117162353169671,13
667,3.883079147136303,23
668,3.6400410984500087,41
669,3.5308966290249404,53
670,3.7719286950136364,30
671,2.6915815570392216,372
672,3.470898699349655,61
673,3.98453678789508,18
674,3.299502561502354,91
675,3.7719286950136364,30
676,2.811503953323619,282
677,3.600532557166335,45
678,1.4363737416629887,6712
679,4.6612303975199465,3
680,3.2462570495491287,103
681,3.582049151472322,47
682,3.9015625528303164,22
683,3.8319266246889216,26
684,3.94107109411399,20
685,3.9015625528303164,22
686,3.94107109411399,20
687,3.9015625528303164,22
688,2.3447358582976356,828
689,3.3548053699692595,80
690,3.5308966290249404,53
691,3.582049151472322,47
692,3.800892390948953,28
693,4.087199129792228,14
694,3.7719286950136364,30
695,2.2934087451014094,932
696,2.9072645316547865,226
697,4.008017883744603,17
698,3.0056118139787245,180
699,3.3338714631336166,84
700,2.899678408955765,230
701,4.008017883744603,17
702,3.5911925309121915,46
703,3.81613235750569,27
704,3.8483170408770913,25
705,3.9622603931839278,19
706,2.8038979010886784,287
707,3.5229276993536653,54
708,3.920867708025703,21
709,3.582049151472322,47
710,3.7719286950136364,30
711,3.67222578182141,38
712,4.087199129792228,14
713,4.032841467469635,16
714,3.07859895803031,152
715,2.6359245322551765,423
716,3.5308966290249404,53
717,3.101922386612934,144
718,3.2901625352482102,93
719,3.8653503801758715,24
720,1.8709452334867052,2467
721,2.612982865715973,446
722,2.336433679898217,844
723,2.132313697242292,1351
724,2.0578153521070184,1604
725,1.5628462878201577,5016
726,3.3237711362292908,86
727,2.3076026385344033,902
728,2.0594419251016745,1598
729,3.457110414864022,63
730,3.169868703685674,123
731,3.0302942784557554,170
732,2.412032040128834,709
733,2.316838123834836,883
734,3.1265698216915023,136
735,2.9600943314274204,200
736,1.824431729427347,2746
737,3.8319266246889216,26
738,3.1049278967526597,143
739,3.457110414864022,63
740,3.457110414864022,63
741,4.786169134128246,2
742,2.6789591644803785,383
743,2.473709676683484,615
744,2.073238971088703,1548
745,3.7069878880806217,35
746,2.841686461978078,263
747,2.4530578708528252,645
748,4.032841467469635,16
749,3.3656632975574676,78
750,2.883079147136303,239
751,2.7057831869422513,360
752,3.090104120435635,148
753,3.146019093192145,130
754,3.3287919376043416,85
755,3.94107109411399,20
756,3.98453678789508,18
757,3.3188077166977403,87
758,3.2765186545816642,96
759,2.763603306229505,315
760,2.6869490386421164,376
761,3.1560804192000407,127
762,3.94107109411399,20
763,4.008017883744603,17
764,3.6100778750725655,44
765,4.56432038451189,4
766,4.008017883744603,17
767,4.309047879408585,8
768,3.9015625528303164,22
769,4.008017883744603,17
770,2.860169867672091,252
771,4.059170406191984,15
772,3.8653503801758715,24
773,3.920867708025703,21
774,3.1733852774085114,122
775,4.008017883744603,17
776,4.008017883744603,17
777,4.149347036541072,12
778,4.087199129792228,14
779,3.9622603931839278,19
780,3.1297514804776916,135
781,2.54728704521311,519
782,3.920867708025703,21
783,4.418192348833652,6
784,4.008017883744603,17
785,3.94107109411399,20
786,4.087199129792228,14
787,4.221897703689684,10
788,4.059170406191984,15
789,4.032841467469635,16
790,3.5151023618417088,55
791,4.032841467469635,16
792,4.087199129792228,14
793,4.008017883744603,17
794,4.008017883744603,17
795,4.032841467469635,16
796,4.059170406191984,15
797,3.9622603931839278,19
798,4.087199129792228,14
799,4.008017883744603,17
800,2.971034317491433,195
801,4.184109142800284,11
802,4.786169134128246,2
803,4.059170406191984,15
804,4.032841467469635,16
805,4.184109142800284,11
806,4.008017883744603,17
807,4.059170406191984,15
808,3.9015625528303164,22
809,4.059170406191984,15
810,3.9015625528303164,22
811,3.7069878880806217,35
812,3.9015625528303164,22
813,4.008017883744603,17
814,4.149347036541072,12
815,4.56432038451189,4
816,4.263290388847909,9
817,4.008017883744603,17
818,3.0511027844439513,162
819,3.5730943088193956,48
820,3.2140723661777275,111
821,3.2720643131554144,97
822,3.2258638909072856,108
823,3.7192223444976333,34
824,2.3684207321026567,784
825,2.5481230309994514,518
826,3.94107109411399,20
827,3.883079147136303,23
828,4.418192348833652,6
829,4.360200401855965,7
830,2.6569090237373043,403
831,3.8483170408770913,25
832,2.886713431791397,237
833,3.9622603931839278,19
834,2.4625733105655243,631
835,3.3494765364641923,81
836,3.4851391384642656,59
837,3.81613235750569,27
838,2.9536602214220102,203
839,4.087199129792228,14
840,2.306162191171096,905
841,2.430781476141673,679
842,3.8483170408770913,25
843,3.4998623952849717,57
844,2.982257021600182,190
845,2.4314206145674073,678
846,2.9984725658383726,183
847,3.037981107122046,167
848,4.008017883744603,17
849,3.1877434274553784,118
850,3.313900382202996,88
851,3.2258638909072856,108
852,3.54728704521311,51
853,3.1914083815417835,117
854,3.800892390948953,28
855,3.430781476141673,67
856,4.149347036541072,12
857,3.075769668011446,153
858,3.3390111027860274,83
859,3.0056118139787245,180
860,2.894074531437766,233
861,2.1684700084931094,1243
862,3.098937533063472,145
863,4.032841467469635,16
864,3.9015625528303164,22
865,3.695088664780914,36
866,3.731811471805654,33
867,3.7719286950136364,30
868,2.713062035792815,354
869,2.868838708021693,247
870,2.3847685933467027,755
871,3.1361855904831013,133
872,4.6612303975199465,3
873,4.149347036541072,12
874,3.758140410528003,31
875,4.184109142800284,11
876,3.470898699349655,61
877,3.9015625528303164,22
878,4.008017883744603,17
879,3.2339066111626993,106
880,3.9015625528303164,22
881,3.7192223444976333,34
882,3.731811471805654,33
883,4.032841467469635,16
884,4.117162353169671,13
885,4.309047879408585,8
886,4.360200401855965,7
887,4.221897703689684,10
888,4.221897703689684,10
889,4.117162353169671,13
890,4.087199129792228,14
891,4.149347036541072,12
892,3.7719286950136364,30
893,4.087199129792228,14
894,3.94107109411399,20
895,4.059170406191984,15
896,3.8653503801758715,24
897,4.087199129792228,14
898,4.008017883744603,17
899,3.98453678789508,18
900,3.7719286950136364,30
901,3.7069878880806217,35
902,4.008017883744603,17
903,4.008017883744603,17
904,3.883079147136303,23
905,3.7719286950136364,30
906,4.059170406191984,15
907,3.98453678789508,18
908,4.184109142800284,11
909,4.149347036541072,12
910,4.360200401855965,7
911,4.087199129792228,14
912,4.032841467469635,16
913,3.7447764489700215,32
914,4.149347036541072,12
915,3.8653503801758715,24
916,3.98453678789508,18
917,3.9622603931839278,19
918,4.059170406191984,15
919,4.032841467469635,16
920,4.059170406191984,15
921,4.087199129792228,14
922,4.184109142800284,11
923,4.059170406191984,15
924,4.6612303975199465,3
925,3.8653503801758715,24
926,3.9622603931839278,19
927,4.221897703689684,10
928,4.6612303975199465,3
929,4.008017883744603,17
930,3.412032040128834,70
931,4.149347036541072,12
932,3.017777721033759,175
933,3.313900382202996,88
934,4.56432038451189,4
935,4.117162353169671,13
936,4.149347036541072,12
937,3.883079147136303,23
938,4.418192348833652,6
939,3.8483170408770913,25
940,3.4924383772057648,58
941,3.7719286950136364,30
942,3.0328414674696353,169
943,2.752745378641297,323
944,3.2462570495491287,103
945,3.3940586691169328,73
946,3.3494765364641923,81
947,3.758140410528003,31
948,3.7719286950136364,30
949,4.184109142800284,11
950,3.5557202127499727,50
951,2.685798589010684,377
952,4.263290388847909,9
953,4.184109142800284,11
954,3.9622603931839278,19
955,4.149347036541072,12
956,4.087199129792228,14
957,3.7447764489700215,32
958,3.98453678789508,18
959,3.94107109411399,20
960,3.017777721033759,175
961,3.7719286950136364,30
962,4.032841467469635,16
963,3.9015625528303164,22
964,3.7447764489700215,32
965,3.3711957861574287,77
966,3.8483170408770913,25
967,3.883079147136303,23
968,4.087199129792228,14
969,4.008017883744603,17
970,3.883079147136303,23
971,4.008017883744603,17
972,5.263290388847909,0
973,4.087199129792228,14
974,3.920867708025703,21
975,4.149347036541072,12
976,4.149347036541072,12
977,3.920867708025703,21
978,4.008017883744603,17
979,3.2676551942503593,98
980,3.7192223444976333,34
981,3.98453678789508,18
982,3.9622603931839278,19
983,3.8653503801758715,24
984,3.98453678789508,18
985,4.008017883744603,17
986,4.059170406191984,15
987,3.81613235750569,27
988,3.7069878880806217,35
989,3.7447764489700215,32
990,3.9015625528303164,22
991,4.008017883744603,17
992,3.98453678789508,18
993,3.98453678789508,18
994,4.059170406191984,15
995,3.4503770322050533,64
996,3.9622603931839278,19
997,3.731811471805654,33
998,4.149347036541072,12
999,3.94107109411399,20
1000,3.800892390948953,28
1001,3.94107109411399,20
1002,3.3940586691169328,73
1003,4.117162353169671,13
1004,2.81613235750569,279
1005,3.920867708025703,21
1006,3.5308966290249404,53
1007,3.0302942784557554,170
1008,3.98453678789508,18
1009,3.6100778750725655,44
1010,2.920867708025703,219
1011,3.94107109411399,20
1012,3.98453678789508,18
1013,3.237984523583139,105
1014,4.008017883744603,17
1015,3.7447764489700215,32
1016,3.98453678789508,18
1017,4.008017883744603,17
1018,3.6198377123617216,43
1019,4.059170406191984,15
1020,3.0673907364386754,156
1021,3.661230397519947,39
1022,4.059170406191984,15
1023,3.98453678789508,18
1024,4.032841467469635,16
1025,3.9622603931839278,19
1026,4.117162353169671,13
1027,3.731811471805654,33
1028,3.9015625528303164,22
1029,3.94107109411399,20
1030,3.4851391384642656,59
1031,3.786169134128247,29
1032,3.8319266246889216,26
1033,4.032841467469635,16
1034,3.8319266246889216,26
1035,4.059170406191984,15
1036,3.2102119453644895,112
1037,3.8653503801758715,24
1038,3.81613235750569,27
1039,3.7192223444976333,34
1040,4.032841467469635,16
1041,3.9622603931839278,19
1042,3.2810191558083406,95
1043,4.032841467469635,16
1044,3.8319266246889216,26
1045,4.032841467469635,16
1046,3.98453678789508,18
1047,3.9622603931839278,19
1048,3.98453678789508,18
1049,4.008017883744603,17
1050,3.9622603931839278,19
1051,4.059170406191984,15
1052,4.008017883744603,17
1053,3.9622603931839278,19
1054,3.98453678789508,18
1055,3.731811471805654,33
1056,3.8319266246889216,26
1057,3.94107109411399,20
1058,3.237984523583139,105
1059,3.7719286950136364,30
1060,3.2462570495491287,103
1061,3.0032190008628343,181
1062,3.94107109411399,20
1063,3.883079147136303,23
1064,3.94107109411399,20
1065,3.920867708025703,21
1066,3.2901625352482102,93
1067,3.94107109411399,20
1068,3.9015625528303164,22
1069,3.683506792231099,37
1070,3.6298219332683224,42
1071,3.8319266246889216,26
1072,3.800892390948953,28
1073,4.008017883744603,17
1074,4.008017883744603,17
1075,4.032841467469635,16
1076,3.98453678789508,18
1077,4.008017883744603,17
1078,4.087199129792228,14
1079,4.008017883744603,17
1080,4.008017883744603,17
1081,4.087199129792228,14
1082,3.9622603931839278,19
1083,4.059170406191984,15
1084,4.008017883744603,17
1085,4.56432038451189,4
1086,4.032841467469635,16
1087,3.883079147136303,23
1088,4.032841467469635,16
1089,4.008017883744603,17
1090,4.149347036541072,12
1091,4.032841467469635,16
1092,3.600532557166335,45
1093,4.149347036541072,12
1094,4.149347036541072,12
1095,3.94107109411399,20
1096,3.920867708025703,21
1097,4.360200401855965,7
1098,4.117162353169671,13
1099,3.9622603931839278,19
1100,4.032841467469635,16
1101,4.008017883744603,17
1102,4.059170406191984,15
1103,3.54728704521311,51
1104,5.263290388847909,0
1105,4.56432038451189,4
1106,3.9622603931839278,19
1107,4.149347036541072,12
1108,3.81613235750569,27
1109,3.920867708025703,21
1110,4.087199129792228,14
1111,4.087199129792228,14
1112,3.883079147136303,23
1113,4.418192348833652,6
1114,3.9622603931839278,19
1115,4.117162353169671,13
1116,4.032841467469635,16
1117,3.8653503801758715,24
1118,4.032841467469635,16
1119,4.6612303975199465,3
1120,4.032841467469635,16
1121,3.8483170408770913,25
1122,3.758140410528003,31
1123,3.5911925309121915,46
1124,5.263290388847909,0
1125,4.032841467469635,16
1126,3.412032040128834,70
1127,4.184109142800284,11
1128,4.032841467469635,16
1129,4.184109142800284,11
1130,3.98453678789508,18
1131,3.9015625528303164,22
1132,4.059170406191984,15
1133,4.263290388847909,9
1134,3.98453678789508,18
1135,4.032841467469635,16
1136,4.087199129792228,14
1137,4.008017883744603,17
1138,4.008017883744603,17
1139,3.98453678789508,18
1140,4.221897703689684,10
1141,4.059170406191984,15
1142,4.032841467469635,16
1143,3.6198377123617216,43
1144,4.008017883744603,17
1145,4.032841467469635,16
1146,4.117162353169671,13
1147,3.920867708025703,21
1148,4.059170406191984,15
1149,4.008017883744603,17
1150,4.008017883744603,17
1151,4.059170406191984,15
1152,4.008017883744603,17
1153,4.008017883744603,17
1154,3.98453678789508,18
1155,4.059170406191984,15
1156,3.98453678789508,18
1157,4.032841467469635,16
1158,4.149347036541072,12
1159,4.008017883744603,17
1160,4.059170406191984,15
1161,4.008017883744603,17
1162,3.94107109411399,20
1163,4.360200401855965,7
1164,4.032841467469635,16
1165,4.008017883744603,17
1166,4.032841467469635,16
1167,4.008017883744603,17
1168,3.9015625528303164,22
1169,4.087199129792228,14
1170,4.032841467469635,16
1171,4.032841467469635,16
1172,4.485139138464265,5
1173,3.98453678789508,18
1174,4.032841467469635,16
1175,3.98453678789508,18
1176,3.94107109411399,20
1177,4.008017883744603,17
1178,3.9015625528303164,22
1179,3.98453678789508,18
1180,4.032841467469635,16
1181,4.087199129792228,14
1182,4.059170406191984,15
1183,3.263290388847909,99
1184,3.731811471805654,33
1185,4.032841467469635,16
1186,3.582049151472322,47
1187,2.9984725658383726,183
1188,3.159486667891952,126
1189,3.67222578182141,38
1190,3.94107109411399,20
1191,3.3940586691169328,73
1192,4.032841467469635,16
1193,4.184109142800284,11
1194,4.059170406191984,15
1195,3.7447764489700215,32
1196,4.149347036541072,12
1197,3.661230397519947,39
1198,3.9622603931839278,19
1199,3.7192223444976333,34
1200,4.032841467469635,16
1201,4.008017883744603,17
1202,4.032841467469635,16
1203,3.98453678789508,18
1204,4.008017883744603,17
1205,4.059170406191984,15
1206,4.56432038451189,4
1207,3.8653503801758715,24
1208,3.98453678789508,18
1209,4.008017883744603,17
1210,3.98453678789508,18
1211,4.008017883744603,17
1212,4.032841467469635,16
1213,3.9015625528303164,22
1214,3.94107109411399,20
1215,4.032841467469635,16
1216,4.059170406191984,15
1217,4.008017883744603,17
1218,4.032841467469635,16
1219,3.98453678789508,18
1220,3.786169134128247,29
1221,4.087199129792228,14
1222,4.360200401855965,7
1223,3.98453678789508,18
1224,4.117162353169671,13
1225,3.786169134128247,29
1226,3.8483170408770913,25
1227,4.059170406191984,15
1228,3.920867708025703,21
1229,4.008017883744603,17
1230,4.032841467469635,16
1231,4.032841467469635,16
1232,4.008017883744603,17
1233,4.008017883744603,17
1234,4.032841467469635,16
1235,3.388229125456209,74
1236,3.883079147136303,23
1237,3.418192348833652,69
1238,3.94107109411399,20
1239,3.920867708025703,21
1240,4.008017883744603,17
1241,3.9622603931839278,19
1242,3.8483170408770913,25
1243,3.81613235750569,27
1244,4.263290388847909,9
1245,3.920867708025703,21
1246,3.786169134128247,29
1247,3.920867708025703,21
1248,3.7719286950136364,30
1249,3.54728704521311,51
1250,3.5557202127499727,50
1251,3.8483170408770913,25
1252,3.54728704521311,51
1253,3.67222578182141,38
1254,3.600532557166335,45
1255,4.032841467469635,16
1256,3.6198377123617216,43
1257,3.695088664780914,36
1258,3.9015625528303164,22
1259,3.9622603931839278,19
1260,3.883079147136303,23
1261,4.059170406191984,15
1262,3.9622603931839278,19
1263,4.008017883744603,17
1264,5.263290388847909,0
1265,3.800892390948953,28
1266,3.9622603931839278,19
1267,3.7069878880806217,35
1268,5.263290388847909,0
1269,4.032841467469635,16
1270,3.9622603931839278,19
1271,4.032841467469635,16
1272,4.184109142800284,11
1273,4.008017883744603,17
1274,4.008017883744603,17
1275,4.087199129792228,14
1276,4.008017883744603,17
1277,4.087199129792228,14
1278,3.98453678789508,18
1279,4.008017883744603,17
1280,5.263290388847909,0
1281,4.418192348833652,6
1282,4.087199129792228,14
1283,4.418192348833652,6
1284,4.059170406191984,15
1285,3.94107109411399,20
1286,4.117162353169671,13
1287,4.032841467469635,16
1288,4.059170406191984,15
1289,4.117162353169671,13
1290,3.920867708025703,21
1291,4.008017883744603,17
1292,4.059170406191984,15
1293,4.008017883744603,17
1294,3.920867708025703,21
1295,3.9015625528303164,22
1296,4.032841467469635,16
1297,4.117162353169671,13
1298,3.4503770322050533,64
1299,3.786169134128247,29
1300,3.98453678789508,18
1301,4.087199129792228,14
1302,4.117162353169671,13
1303,3.198832399620991,115
1304,4.059170406191984,15
1305,3.2676551942503593,98
1306,3.399967528727453,72
1307,2.886713431791397,237
1308,3.661230397519947,39
1309,4.032841467469635,16
1310,3.81613235750569,27
1311,4.117162353169671,13
1312,3.9622603931839278,19
1313,2.326776646369016,863
1314,3.5229276993536653,54
1315,3.800892390948953,28
1316,4.008017883744603,17
1317,3.1663803758398528,124
1318,3.470898699349655,61
1319,3.67222578182141,38
1320,3.683506792231099,37
1321,4.149347036541072,12
1322,2.595837435957955,464
1323,4.008017883744603,17
1324,3.9622603931839278,19
1325,3.920867708025703,21
1326,3.7719286950136364,30
1327,3.920867708025703,21
1328,3.5151023618417088,55
1329,3.683506792231099,37
1330,3.883079147136303,23
1331,3.9015625528303164,22
1332,4.032841467469635,16
1333,3.98453678789508,18
1334,3.98453678789508,18
1335,4.786169134128246,2
1336,4.059170406191984,15
1337,3.98453678789508,18
1338,3.8319266246889216,26
1339,4.184109142800284,11
1340,4.263290388847909,9
1341,3.81613235750569,27
1342,3.883079147136303,23
1343,3.98453678789508,18
1344,4.149347036541072,12
1345,4.184109142800284,11
1346,3.53901451924712,52
1347,3.101922386612934,144
1348,3.600532557166335,45
1349,3.920867708025703,21
1350,3.920867708025703,21
1351,3.94107109411399,20
1352,3.3442122964718353,82
1353,3.98453678789508,18
1354,3.7447764489700215,32
1355,3.920867708025703,21
1356,4.032841467469635,16
1357,3.043182300807854,165
1358,3.4059578924166405,71
1359,3.6400410984500087,41
1360,3.3548053699692595,80
1361,2.594904472157909,465
1362,2.6778296593394084,384
1363,3.8319266246889216,26
1364,3.098937533063472,145
1365,4.059170406191984,15
1366,4.087199129792228,14
1367,4.008017883744603,17
1368,4.149347036541072,12
1369,3.920867708025703,21
1370,3.4437464533060402,65
1371,4.008017883744603,17
1372,3.9015625528303164,22
1373,4.360200401855965,7
1374,3.731811471805654,33
1375,4.184109142800284,11
1376,4.221897703689684,10
1377,3.883079147136303,23
1378,3.94107109411399,20
1379,4.149347036541072,12
1380,4.087199129792228,14
1381,3.98453678789508,18
1382,3.920867708025703,21
1383,3.800892390948953,28
1384,4.008017883744603,17
1385,4.087199129792228,14
1386,4.008017883744603,17
1387,4.008017883744603,17
1388,4.087199129792228,14
1389,3.9622603931839278,19
1390,4.032841467469635,16
1391,4.059170406191984,15
1392,4.008017883744603,17
1393,3.9622603931839278,19
1394,3.1914083815417835,117
1395,3.98453678789508,18
1396,4.087199129792228,14
1397,3.94107109411399,20
1398,3.683506792231099,37
1399,3.9622603931839278,19
1400,3.661230397519947,39
1401,3.98453678789508,18
1402,3.94107109411399,20
1403,4.149347036541072,12
1404,4.059170406191984,15
1405,4.032841467469635,16
1406,3.221897703689684,109
1407,3.7192223444976333,34
1408,3.313900382202996,88
1409,3.3090478794085842,89
1410,4.008017883744603,17
1411,3.5730943088193956,48
1412,3.5557202127499727,50
1413,3.4779605538371423,60
1414,4.149347036541072,12
1415,4.087199129792228,14
1416,3.4851391384642656,59
1417,4.059170406191984,15
1418,2.424441298110654,689
1419,3.786169134128247,29
1420,3.758140410528003,31
1421,4.032841467469635,16
1422,3.7192223444976333,34
1423,3.3824767965671176,75
1424,3.8483170408770913,25
1425,4.032841467469635,16
1426,3.661230397519947,39
1427,3.98453678789508,18
1428,4.221897703689684,10
1429,3.8483170408770913,25
1430,3.8319266246889216,26
1431,3.8319266246889216,26
1432,3.800892390948953,28
1433,3.4779605538371423,60
1434,3.095973054099733,146
1435,3.5911925309121915,46
1436,3.6100778750725655,44
1437,4.263290388847909,9
1438,3.6100778750725655,44
1439,3.683506792231099,37
1440,3.3494765364641923,81
1441,3.67222578182141,38
1442,4.032841467469635,16
1443,3.1265698216915023,136
1444,3.5151023618417088,55
1445,3.299502561502354,91
1446,4.059170406191984,15
1447,3.98453678789508,18
1448,3.81613235750569,27
1449,3.920867708025703,21
1450,3.6505065321281736,40
1451,3.8483170408770913,25
1452,3.299502561502354,91
1453,4.059170406191984,15
1454,3.4059578924166405,71
1455,3.94107109411399,20
1456,3.5643203845118903,49
1457,3.2589690150652664,100
1458,4.059170406191984,15
1459,3.731811471805654,33
1460,4.117162353169671,13
1461,3.582049151472322,47
1462,3.53901451924712,52
1463,4.032841467469635,16
1464,3.9622603931839278,19
1465,4.008017883744603,17
1466,3.9622603931839278,19
1467,4.032841467469635,16
1468,4.008017883744603,17
1469,4.309047879408585,8
1470,4.059170406191984,15
1471,4.008017883744603,17
1472,3.8483170408770913,25
1473,3.54728704521311,51
1474,4.008017883744603,17
1475,3.3824767965671176,75
1476,4.008017883744603,17
1477,3.3824767965671176,75
1478,3.3287919376043416,85
1479,3.5151023618417088,55
1480,3.758140410528003,31
1481,3.6100778750725655,44
1482,4.008017883744603,17
1483,4.032841467469635,16
1484,3.8653503801758715,24
1485,3.94107109411399,20
1486,3.9622603931839278,19
1487,4.032841467469635,16
1488,3.98453678789508,18
1489,4.087199129792228,14
1490,4.008017883744603,17
1491,4.008017883744603,17
1492,4.008017883744603,17
1493,4.117162353169671,13
1494,4.059170406191984,15
1495,4.032841467469635,16
1496,4.032841467469635,16
1497,3.98453678789508,18
1498,3.94107109411399,20
1499,4.032841467469635,16
1500,3.9015625528303164,22
1501,4.032841467469635,16
1502,3.661230397519947,39
1503,4.032841467469635,16
1504,3.883079147136303,23
1505,3.94107109411399,20
1506,4.032841467469635,16
1507,4.032841467469635,16
1508,3.9622603931839278,19
1509,4.032841467469635,16
1510,3.3442122964718353,82
1511,4.087199129792228,14
1512,4.221897703689684,10
1513,3.8653503801758715,24
1514,4.032841467469635,16
1515,4.059170406191984,15
1516,4.032841467469635,16
1517,4.059170406191984,15
1518,4.059170406191984,15
1519,4.485139138464265,5
1520,4.032841467469635,16
1521,4.032841467469635,16
1522,4.117162353169671,13
1523,4.117162353169671,13
1524,4.309047879408585,8
1525,4.418192348833652,6
1526,4.032841467469635,16
1527,4.059170406191984,15
1528,4.008017883744603,17
1529,4.032841467469635,16
1530,4.059170406191984,15
1531,4.6612303975199465,3
1532,4.032841467469635,16
1533,4.184109142800284,11
1534,4.032841467469635,16
1535,4.087199129792228,14
1536,4.008017883744603,17
1537,3.9622603931839278,19
1538,4.087199129792228,14
1539,4.032841467469635,16
1540,3.9622603931839278,19
1541,4.149347036541072,12
1542,4.087199129792228,14
1543,4.008017883744603,17
1544,4.117162353169671,13
1545,4.032841467469635,16
1546,4.117162353169671,13
1547,4.184109142800284,11
1548,3.98453678789508,18
1549,3.9015625528303164,22
1550,3.7719286950136364,30
1551,4.008017883744603,17
1552,4.032841467469635,16
1553,3.94107109411399,20
1554,4.059170406191984,15
1555,4.032841467469635,16
1556,4.008017883744603,17
1557,4.032841467469635,16
1558,3.883079147136303,23
1559,4.221897703689684,10
1560,3.9622603931839278,19
1561,3.94107109411399,20
1562,3.883079147136303,23
1563,4.184109142800284,11
1564,4.149347036541072,12
1565,4.184109142800284,11
1566,3.9622603931839278,19
1567,3.94107109411399,20
1568,3.920867708025703,21
1569,3.3656632975574676,78
1570,3.94107109411399,20
1571,3.5151023618417088,55
1572,4.032841467469635,16
1573,4.117162353169671,13
1574,3.98453678789508,18
1575,4.087199129792228,14
1576,4.032841467469635,16
1577,3.731811471805654,33
1578,3.800892390948953,28
1579,4.087199129792228,14
1580,4.032841467469635,16
1581,3.9622603931839278,19
1582,3.94107109411399,20
1583,4.008017883744603,17
1584,2.868838708021693,247
1585,3.8483170408770913,25
1586,4.032841467469635,16
1587,3.7069878880806217,35
1588,3.3442122964718353,82
1589,2.3100140521806045,897
1590,4.059170406191984,15
1591,4.008017883744603,17
1592,4.032841467469635,16
1593,4.059170406191984,15
1594,4.032841467469635,16
1595,3.7069878880806217,35
1596,4.059170406191984,15
1597,3.9015625528303164,22
1598,4.032841467469635,16
1599,4.059170406191984,15
1600,4.184109142800284,11
1601,4.087199129792228,14
1602,4.008017883744603,17
1603,3.9622603931839278,19
1604,3.883079147136303,23
1605,4.059170406191984,15
1606,4.418192348833652,6
1607,4.418192348833652,6
1608,3.2765186545816642,96
1609,3.786169134128247,29
1610,4.032841467469635,16
1611,3.9622603931839278,19
1612,4.184109142800284,11
1613,3.9622603931839278,19
1614,3.4924383772057648,58
1615,4.149347036541072,12
1616,3.81613235750569,27
1617,2.416335063828085,702
1618,4.032841467469635,16
1619,3.883079147136303,23
1620,4.087199129792228,14
1621,3.9015625528303164,22
1622,4.059170406191984,15
1623,2.793468372869746,294
1624,3.3940586691169328,73
1625,4.032841467469635,16
1626,3.424441298110654,68
1627,3.731811471805654,33
1628,4.087199129792228,14
1629,3.8653503801758715,24
1630,4.008017883744603,17
1631,4.117162353169671,13
1632,3.920867708025703,21
1633,4.059170406191984,15
1634,2.0305483261271724,1708
1635,3.7447764489700215,32
1636,4.059170406191984,15
1637,4.032841467469635,16
1638,3.3940586691169328,73
1639,3.1171623531696713,139
1640,4.008017883744603,17
1641,4.117162353169671,13
1642,3.7447764489700215,32
1643,3.98453678789508,18
1644,3.7719286950136364,30
1645,3.98453678789508,18
1646,3.8483170408770913,25
1647,4.032841467469635,16
1648,3.8653503801758715,24
1649,3.8653503801758715,24
1650,3.8319266246889216,26
1651,4.149347036541072,12
1652,3.600532557166335,45
1653,4.008017883744603,17
1654,4.184109142800284,11
1655,4.008017883744603,17
1656,3.920867708025703,21
1657,3.4924383772057648,58
1658,3.3494765364641923,81
1659,4.008017883744603,17
1660,4.221897703689684,10
1661,4.221897703689684,10
1662,4.008017883744603,17
1663,4.008017883744603,17
1664,4.059170406191984,15
1665,3.5643203845118903,49
1666,2.584772009807795,476
1667,3.695088664780914,36
1668,2.883079147136303,239
1669,3.1171623531696713,139
1670,3.4998623952849717,57
1671,3.6400410984500087,41
1672,4.221897703689684,10
1673,4.117162353169671,13
1674,3.9015625528303164,22
1675,4.6612303975199465,3
1676,3.5074155331754175,56
1677,4.117162353169671,13
1678,4.418192348833652,6
1679,3.6198377123617216,43
1680,4.059170406191984,15
1681,3.139438747880823,132
1682,3.9622603931839278,19
1683,3.758140410528003,31
1684,3.920867708025703,21
1685,3.7719286950136364,30
1686,2.258539233256908,1010
1687,4.008017883744603,17
1688,3.920867708025703,21
1689,3.2676551942503593,98
1690,3.376799663675427,76
1691,4.059170406191984,15
1692,3.9015625528303164,22
1693,3.7447764489700215,32
1694,3.9622603931839278,19
1695,4.032841467469635,16
1696,3.9015625528303164,22
1697,4.184109142800284,11
1698,4.008017883744603,17
1699,4.221897703689684,10
1700,4.360200401855965,7
1701,4.059170406191984,15
1702,4.059170406191984,15
1703,4.117162353169671,13
1704,3.9015625528303164,22
1705,3.600532557166335,45
1706,3.9015625528303164,22
1707,3.920867708025703,21
1708,3.758140410528003,31
1709,3.0032190008628343,181
1710,4.008017883744603,17
1711,3.7447764489700215,32
1712,3.7447764489700215,32
1713,4.032841467469635,16
1714,4.087199129792228,14
1715,4.032841467469635,16
1716,4.059170406191984,15
1717,2.769135794829466,311
1718,4.059170406191984,15
1719,4.087199129792228,14
1720,3.883079147136303,23
1721,3.786169134128247,29
1722,4.087199129792228,14
1723,3.786169134128247,29
1724,3.883079147136303,23
1725,4.032841467469635,16
1726,3.98453678789508,18
1727,3.98453678789508,18
1728,4.117162353169671,13
1729,4.032841467469635,16
1730,4.008017883744603,17
1731,4.059170406191984,15
1732,4.032841467469635,16
1733,3.8653503801758715,24
1734,4.008017883744603,17
1735,3.94107109411399,20
1736,4.117162353169671,13
1737,4.087199129792228,14
1738,3.98453678789508,18
1739,3.9015625528303164,22
1740,3.98453678789508,18
1741,3.8653503801758715,24
1742,4.032841467469635,16
1743,3.8319266246889216,26
1744,3.7069878880806217,35
1745,4.008017883744603,17
1746,3.5911925309121915,46
1747,4.008017883744603,17
1748,3.7719286950136364,30
1749,4.087199129792228,14
1750,3.67222578182141,38
1751,4.087199129792228,14
1752,3.98453678789508,18
1753,4.059170406191984,15
1754,3.4639498393943273,62
1755,3.6198377123617216,43
1756,4.184109142800284,11
1757,4.059170406191984,15
1758,2.975488658917683,193
1759,4.184109142800284,11
1760,3.9622603931839278,19
1761,3.017777721033759,175
1762,4.032841467469635,16
1763,3.6298219332683224,42
1764,4.032841467469635,16
1765,3.786169134128247,29
1766,3.5730943088193956,48
1767,3.98453678789508,18
1768,3.9622603931839278,19
1769,4.008017883744603,17
1770,3.758140410528003,31
1771,3.3494765364641923,81
1772,3.7719286950136364,30
1773,3.4372155861470826,66
1774,4.008017883744603,17
1775,3.81613235750569,27
1776,4.059170406191984,15
1777,3.920867708025703,21
1778,3.2901625352482102,93
1779,3.376799663675427,76
1780,3.0537753743052782,161
1781,2.808445528839399,284
1782,3.6505065321281736,40
1783,3.920867708025703,21
1784,3.2462570495491287,103
1785,4.087199129792228,14
1786,2.932876615498718,213
1787,4.032841467469635,16
1788,3.600532557166335,45
1789,3.0153171224861026,176
1790,2.7343736885702543,337
1791,3.0646333018934864,157
1792,2.81613235750569,279
1793,3.1733852774085114,122
1794,3.883079147136303,23
1795,3.54728704521311,51
1796,2.8533572655166144,256
1797,4.008017883744603,17
1798,3.457110414864022,63
1799,4.032841467469635,16
1800,3.6505065321281736,40
1801,3.418192348833652,69
1802,3.418192348833652,69
1803,3.695088664780914,36
1804,3.418192348833652,69
1805,3.731811471805654,33
1806,3.2258638909072856,108
1807,2.660146016227727,400
1808,3.5151023618417088,55
1809,4.032841467469635,16
1810,3.5643203845118903,49
1811,4.032841467469635,16
1812,3.9622603931839278,19
1813,2.98453678789508,189
1814,1.9675034485962999,1975
1815,4.059170406191984,15
1816,3.6198377123617216,43
1817,4.786169134128246,2
1818,4.184109142800284,11
1819,3.661230397519947,39
1820,3.3656632975574676,78
1821,3.7719286950136364,30
1822,3.8483170408770913,25
1823,3.2948074402939738,92
1824,3.7447764489700215,32
1825,4.032841467469635,16
1826,3.3494765364641923,81
1827,4.087199129792228,14
1828,3.98453678789508,18
1829,3.3390111027860274,83
1830,4.149347036541072,12
1831,3.6505065321281736,40
1832,2.7474165451362302,327
1833,4.059170406191984,15
1834,3.388229125456209,74
1835,2.6974425701743914,367
1836,3.7719286950136364,30
1837,4.032841467469635,16
1838,3.94107109411399,20
1839,3.8483170408770913,25
1840,3.883079147136303,23
1841,3.883079147136303,23
1842,3.3042489965268156,90
1843,3.8483170408770913,25
1844,4.008017883744603,17
1845,3.883079147136303,23
1846,3.94107109411399,20
1847,3.9622603931839278,19
1848,3.94107109411399,20
1849,4.032841467469635,16
1850,3.457110414864022,63
1851,3.9015625528303164,22
1852,3.8483170408770913,25
1853,3.5911925309121915,46
1854,3.9622603931839278,19
1855,4.032841467469635,16
1856,3.94107109411399,20
1857,3.98453678789508,18
1858,4.008017883744603,17
1859,4.059170406191984,15
1860,3.98453678789508,18
1861,3.6505065321281736,40
1862,4.008017883744603,17
1863,3.98453678789508,18
1864,4.032841467469635,16
1865,3.98453678789508,18
1866,4.087199129792228,14
1867,4.008017883744603,17
1868,4.032841467469635,16
1869,4.008017883744603,17
1870,3.9622603931839278,19
1871,4.059170406191984,15
1872,3.1171623531696713,139
1873,3.5229276993536653,54
1874,4.008017883744603,17
1875,3.7192223444976333,34
1876,4.032841467469635,16
1877,3.883079147136303,23
1878,3.98453678789508,18
1879,4.008017883744603,17
1880,4.149347036541072,12
1881,3.5730943088193956,48
1882,3.5730943088193956,48
1883,3.9622603931839278,19
1884,3.9622603931839278,19
1885,4.008017883744603,17
1886,3.920867708025703,21
1887,3.98453678789508,18
1888,4.032841467469635,16
1889,4.008017883744603,17
1890,4.032841467469635,16
1891,4.087199129792228,14
1892,4.008017883744603,17
1893,2.9149855257997483,222
1894,3.695088664780914,36
1895,3.920867708025703,21
1896,4.087199129792228,14
1897,3.8483170408770913,25
1898,3.7719286950136364,30
1899,3.920867708025703,21
1900,4.059170406191984,15
1901,4.059170406191984,15
1902,4.032841467469635,16
1903,3.98453678789508,18
1904,3.9015625528303164,22
1905,3.800892390948953,28
1906,2.8848924878997715,238
1907,3.98453678789508,18
1908,3.661230397519947,39
1909,3.758140410528003,31
1910,4.008017883744603,17
1911,3.5557202127499727,50
1912,3.731811471805654,33
1913,3.67222578182141,38
1914,3.758140410528003,31
1915,3.9622603931839278,19
1916,3.786169134128247,29
1917,3.98453678789508,18
1918,2.7949430584357517,293
1919,3.090104120435635,148
1920,4.117162353169671,13
1921,3.7447764489700215,32
1922,3.67222578182141,38
1923,4.008017883744603,17
1924,4.221897703689684,10
1925,4.117162353169671,13
1926,3.94107109411399,20
1927,4.059170406191984,15
1928,4.087199129792228,14
1929,4.059170406191984,15
1930,3.920867708025703,21
1931,4.032841467469635,16
1932,4.087199129792228,14
1933,4.117162353169671,13
1934,3.98453678789508,18
1935,4.008017883744603,17
1936,4.087199129792228,14
1937,4.032841467469635,16
1938,4.032841467469635,16
1939,4.059170406191984,15
1940,4.059170406191984,15
1941,4.032841467469635,16
1942,4.087199129792228,14
1943,4.087199129792228,14
1944,4.059170406191984,15
1945,4.008017883744603,17
1946,3.94107109411399,20
1947,4.149347036541072,12
1948,4.087199129792228,14
1949,4.059170406191984,15
1950,3.9622603931839278,19
1951,4.032841467469635,16
1952,4.087199129792228,14
1953,3.98453678789508,18
1954,3.3824767965671176,75
1955,3.418192348833652,69
1956,3.5151023618417088,55
1957,3.94107109411399,20
1958,4.008017883744603,17
1959,3.81613235750569,27
1960,3.424441298110654,68
1961,3.94107109411399,20
1962,3.7719286950136364,30
1963,4.059170406191984,15
1964,4.032841467469635,16
1965,3.920867708025703,21
1966,4.008017883744603,17
1967,4.087199129792228,14
1968,3.94107109411399,20
1969,3.8319266246889216,26
1970,3.8653503801758715,24
1971,3.7719286950136364,30
1972,4.008017883744603,17
1973,3.800892390948953,28
1974,3.1733852774085114,122
1975,3.94107109411399,20
1976,4.032841467469635,16
1977,3.98453678789508,18
1978,3.98453678789508,18
1979,4.008017883744603,17
1980,3.98453678789508,18
1981,4.309047879408585,8
1982,3.9622603931839278,19
1983,3.600532557166335,45
1984,3.9622603931839278,19
1985,4.032841467469635,16
1986,3.5911925309121915,46
1987,4.032841467469635,16
1988,4.008017883744603,17
1989,3.8653503801758715,24
1990,4.087199129792228,14
1991,4.059170406191984,15
1992,4.008017883744603,17
1993,4.184109142800284,11
1994,3.1560804192000407,127
1995,3.2140723661777275,111
1996,3.3237711362292908,86
1997,3.758140410528003,31
1998,2.326776646369016,863
1999,3.800892390948953,28
2000,3.98453678789508,18
2001,2.98453678789508,189
2002,4.032841467469635,16
2003,3.412032040128834,70
2004,4.059170406191984,15
2005,4.059170406191984,15
2006,3.920867708025703,21
2007,4.032841467469635,16
2008,4.087199129792228,14
2009,4.008017883744603,17
2010,4.087199129792228,14
2011,4.117162353169671,13
2012,4.418192348833652,6
2013,4.418192348833652,6
2014,4.032841467469635,16
2015,4.059170406191984,15
2016,3.9622603931839278,19
2017,4.032841467469635,16
2018,4.032841467469635,16
2019,5.263290388847909,0
2020,4.059170406191984,15
2021,4.059170406191984,15
2022,4.008017883744603,17
2023,4.059170406191984,15
2024,4.059170406191984,15
2025,4.032841467469635,16
2026,4.059170406191984,15
2027,4.087199129792228,14
2028,4.059170406191984,15
2029,4.032841467469635,16
2030,4.087199129792228,14
2031,4.184109142800284,11
2032,4.087199129792228,14
2033,4.059170406191984,15
2034,4.087199129792228,14
2035,4.008017883744603,17
2036,4.008017883744603,17
2037,4.087199129792228,14
2038,4.087199129792228,14
2039,4.008017883744603,17
2040,4.087199129792228,14
2041,4.059170406191984,15
2042,4.117162353169671,13
2043,4.087199129792228,14
2044,4.360200401855965,7
2045,5.263290388847909,0
2046,4.059170406191984,15
2047,4.418192348833652,6
2048,4.309047879408585,8
2049,4.059170406191984,15
2050,4.032841467469635,16
2051,4.087199129792228,14
2052,4.087199129792228,14
2053,4.059170406191984,15
2054,4.059170406191984,15
2055,4.117162353169671,13
2056,4.059170406191984,15
2057,4.149347036541072,12
2058,4.184109142800284,11
2059,5.263290388847909,0
2060,4.221897703689684,10
2061,4.032841467469635,16
2062,4.485139138464265,5
2063,4.059170406191984,15
2064,4.263290388847909,9
2065,4.087199129792228,14
2066,4.117162353169671,13
2067,4.962260393183928,1
2068,4.786169134128246,2
2069,5.263290388847909,0
2070,4.059170406191984,15
2071,4.309047879408585,8
2072,4.032841467469635,16
2073,4.962260393183928,1
2074,4.008017883744603,17
2075,4.087199129792228,14
2076,4.360200401855965,7
2077,4.263290388847909,9
2078,4.117162353169671,13
2079,5.263290388847909,0
2080,4.962260393183928,1
2081,4.008017883744603,17
2082,4.032841467469635,16
2083,4.786169134128246,2
2084,4.059170406191984,15
2085,4.059170406191984,15
2086,4.059170406191984,15
2087,4.032841467469635,16
2088,4.485139138464265,5
2089,4.008017883744603,17
2090,4.087199129792228,14
2091,4.962260393183928,1
2092,4.485139138464265,5
2093,4.032841467469635,16
2094,4.008017883744603,17
2095,4.786169134128246,2
2096,4.117162353169671,13
2097,4.962260393183928,1
2098,4.059170406191984,15
2099,4.221897703689684,10
2100,4.008017883744603,17
2101,4.117162353169671,13
2102,4.059170406191984,15
2103,4.184109142800284,11
2104,5.263290388847909,0
2105,3.98453678789508,18
2106,4.008017883744603,17
2107,5.263290388847909,0
2108,4.008017883744603,17
2109,4.56432038451189,4
2110,4.059170406191984,15
2111,4.309047879408585,8
2112,4.032841467469635,16
2113,5.263290388847909,0
2114,4.087199129792228,14
2115,4.56432038451189,4
2116,4.962260393183928,1
2117,4.56432038451189,4
2118,4.263290388847909,9
2119,4.059170406191984,15
2120,4.485139138464265,5
2121,4.008017883744603,17
2122,4.962260393183928,1
2123,4.059170406191984,15
2124,4.059170406191984,15
2125,4.008017883744603,17
2126,4.059170406191984,15
2127,4.087199129792228,14
2128,4.360200401855965,7
2129,4.032841467469635,16
2130,4.149347036541072,12
2131,4.032841467469635,16
2132,4.309047879408585,8
2133,4.309047879408585,8
2134,4.032841467469635,16
2135,4.221897703689684,10
2136,4.008017883744603,17
2137,4.786169134128246,2
2138,4.032841467469635,16
2139,5.263290388847909,0
2140,5.263290388847909,0
2141,4.786169134128246,2
2142,4.786169134128246,2
2143,4.059170406191984,15
2144,3.9015625528303164,22
2145,4.032841467469635,16
2146,4.032841467469635,16
2147,4.032841467469635,16
2148,4.149347036541072,12
2149,4.087199129792228,14
2150,4.032841467469635,16
2151,4.008017883744603,17
2152,4.032841467469635,16
2153,4.032841467469635,16
2154,4.117162353169671,13
2155,4.087199129792228,14
2156,4.059170406191984,15
2157,4.008017883744603,17
2158,4.008017883744603,17
2159,4.149347036541072,12
2160,4.059170406191984,15
2161,4.059170406191984,15
2162,4.032841467469635,16
2163,4.032841467469635,16
2164,4.032841467469635,16
2165,4.087199129792228,14
2166,3.98453678789508,18
2167,4.032841467469635,16
2168,4.008017883744603,17
2169,4.032841467469635,16
2170,4.059170406191984,15
2171,4.059170406191984,15
2172,4.087199129792228,14
2173,4.032841467469635,16
2174,4.117162353169671,13
2175,4.117162353169671,13
2176,4.059170406191984,15
2177,3.9015625528303164,22
2178,4.032841467469635,16
2179,4.087199129792228,14
2180,4.032841467469635,16
2181,4.032841467469635,16
2182,4.059170406191984,15
2183,4.087199129792228,14
2184,4.032841467469635,16
2185,4.059170406191984,15
2186,4.059170406191984,15
2187,4.032841467469635,16
2188,4.087199129792228,14
2189,4.059170406191984,15
2190,4.059170406191984,15
2191,4.059170406191984,15
2192,4.962260393183928,1
2193,5.263290388847909,0
2194,4.117162353169671,13
2195,4.117162353169671,13
2196,4.149347036541072,12
2197,3.0729586906776176,154
2198,3.9622603931839278,19
2199,4.032841467469635,16
2200,4.117162353169671,13
2201,4.117162353169671,13
2202,4.117162353169671,13
2203,4.087199129792228,14
2204,4.008017883744603,17
2205,4.059170406191984,15
2206,4.149347036541072,12
2207,4.117162353169671,13
2208,3.94107109411399,20
2209,4.149347036541072,12
2210,3.98453678789508,18
2211,3.5557202127499727,50
2212,4.059170406191984,15
2213,5.263290388847909,0
2214,4.059170406191984,15
2215,4.032841467469635,16
2216,3.98453678789508,18
2217,4.008017883744603,17
2218,4.059170406191984,15
2219,4.059170406191984,15
2220,4.032841467469635,16
2221,5.263290388847909,0
2222,4.149347036541072,12
2223,4.962260393183928,1
2224,4.149347036541072,12
2225,4.032841467469635,16
2226,4.786169134128246,2
2227,4.032841467469635,16
2228,5.263290388847909,0
2229,4.6612303975199465,3
2230,4.032841467469635,16
2231,4.087199129792228,14
2232,4.008017883744603,17
2233,4.059170406191984,15
2234,4.117162353169671,13
2235,4.059170406191984,15
2236,4.008017883744603,17
2237,4.087199129792228,14
2238,4.059170406191984,15
2239,4.032841467469635,16
2240,4.087199129792228,14
2241,4.008017883744603,17
2242,5.263290388847909,0
2243,4.360200401855965,7
2244,4.008017883744603,17
2245,4.008017883744603,17
2246,4.008017883744603,17
2247,4.059170406191984,15
2248,4.059170406191984,15
2249,4.008017883744603,17
2250,4.059170406191984,15
2251,4.786169134128246,2
2252,4.087199129792228,14
2253,4.059170406191984,15
2254,4.008017883744603,17
2255,4.087199129792228,14
2256,4.059170406191984,15
2257,4.008017883744603,17
2258,4.149347036541072,12
2259,4.059170406191984,15
2260,4.087199129792228,14
2261,4.087199129792228,14
2262,4.032841467469635,16
2263,4.263290388847909,9
2264,3.94107109411399,20
2265,4.087199129792228,14
2266,4.032841467469635,16
2267,4.786169134128246,2
2268,4.032841467469635,16
2269,4.032841467469635,16
2270,4.485139138464265,5
2271,4.485139138464265,5
2272,4.087199129792228,14
2273,4.008017883744603,17
2274,3.9622603931839278,19
2275,4.149347036541072,12
2276,4.032841467469635,16
2277,4.008017883744603,17
2278,3.98453678789508,18
2279,4.059170406191984,15
2280,4.962260393183928,1
2281,4.059170406191984,15
2282,4.6612303975199465,3
2283,4.117162353169671,13
2284,5.263290388847909,0
2285,5.263290388847909,0
2286,4.059170406191984,15
2287,5.263290388847909,0
2288,4.117162353169671,13
2289,4.149347036541072,12
2290,4.117162353169671,13
2291,5.263290388847909,0
2292,4.087199129792228,14
2293,4.008017883744603,17
2294,4.032841467469635,16
2295,5.263290388847909,0
2296,4.149347036541072,12
2297,5.263290388847909,0
2298,4.032841467469635,16
2299,3.7719286950136364,30
2300,4.008017883744603,17
2301,3.376799663675427,76
2302,3.3656632975574676,78
2303,3.2948074402939738,92
2304,3.2140723661777275,111
2305,3.758140410528003,31
2306,2.94107109411399,209
2307,4.059170406191984,15
2308,3.0056118139787245,180
2309,1.8433346403581512,2629
2310,3.5557202127499727,50
2311,2.877684115249597,242
2312,4.032841467469635,16
2313,3.6505065321281736,40
2314,3.075769668011446,153
2315,3.198832399620991,115
2316,3.8653503801758715,24
2317,2.514327527591748,560
2318,3.800892390948953,28
2319,3.1234113024466725,137
2320,3.3548053699692595,80
2321,3.661230397519947,39
2322,3.8319266246889216,26
2323,3.8319266246889216,26
2324,3.81613235750569,27
2325,3.9015625528303164,22
2326,1.7550300833355745,3222
2327,3.5074155331754175,56
2328,3.0354036842342356,168
2329,3.661230397519947,39
2330,3.8483170408770913,25
2331,3.98453678789508,18
2332,4.008017883744603,17
2333,4.117162353169671,13
2334,4.087199129792228,14
2335,3.9015625528303164,22
2336,3.0591704061919844,159
2337,3.5229276993536653,54
2338,3.786169134128247,29
2339,3.2901625352482102,93
2340,2.381335417508309,761
2341,3.457110414864022,63
2342,3.3824767965671176,75
2343,2.67222578182141,389
2344,3.1140712761925293,140
2345,3.7719286950136364,30
2346,3.695088664780914,36
2347,4.786169134128246,2
2348,3.98453678789508,18
2349,2.733090690644827,338
2350,4.008017883744603,17
2351,3.5229276993536653,54
2352,4.117162353169671,13
2353,3.5308966290249404,53
2354,2.9072645316547865,226
2355,1.5655381146801546,4985
2356,4.184109142800284,11
2357,3.3824767965671176,75
2358,3.8653503801758715,24
2359,4.059170406191984,15
2360,2.819245592929833,277
2361,2.6558353656332407,404
2362,3.1234113024466725,137
2363,3.9622603931839278,19
2364,3.2948074402939738,92
2365,2.8023925460913612,288
2366,2.54728704521311,519
2367,3.81613235750569,27
2368,2.074080899265603,1545
2369,3.883079147136303,23
2370,2.8922225265761727,234
2371,3.0814468009031364,151
2372,3.9622603931839278,19
2373,3.683506792231099,37
2374,3.313900382202996,88
2375,3.120275588593814,138
2376,3.67222578182141,38
2377,3.81613235750569,27
2378,3.1663803758398528,124
2379,3.0328414674696353,169
2380,1.306929835174587,9043
2381,3.6400410984500087,41
2382,3.299502561502354,91
2383,3.5557202127499727,50
2384,3.8653503801758715,24
2385,3.920867708025703,21
2386,3.8319266246889216,26
2387,4.008017883744603,17
2388,2.0930286734529515,1479
2389,3.7192223444976333,34
2390,3.1427164576420594,131
2391,4.008017883744603,17
2392,2.5730943088193956,489
2393,2.1110020444648527,1419
2394,2.3374628142231666,842
2395,2.7705299998210715,310
2396,2.973255777485391,194
2397,3.98453678789508,18
2398,4.008017883744603,17
2399,4.008017883744603,17
2400,3.0618932645274577,158
2401,3.6505065321281736,40
2402,2.4931750940608075,588
2403,3.6198377123617216,43
2404,3.4998623952849717,57
2405,2.688102543920248,375
2406,4.008017883744603,17
2407,3.162919843730346,125
2408,3.2179674100612514,110
2409,2.748742636187623,326
2410,3.2025925484942976,114
2411,3.94107109411399,20
2412,4.149347036541072,12
2413,4.008017883744603,17
2414,2.7447764489700215,329
2415,2.1762191829413737,1221
2416,2.6998093034534985,365
2417,3.6400410984500087,41
2418,3.81613235750569,27
2419,1.4604482761088347,6350
2420,3.920867708025703,21
2421,3.8653503801758715,24
2422,3.800892390948953,28
2423,3.6298219332683224,42
2424,2.7408461553415893,332
2425,3.695088664780914,36
2426,4.962260393183928,1
2427,3.6100778750725655,44
2428,3.6100778750725655,44
2429,3.731811471805654,33
2430,4.360200401855965,7
2431,2.2140723661777275,1119
2432,2.3028196113136103,912
2433,4.149347036541072,12
2434,4.309047879408585,8
2435,3.5074155331754175,56
2436,1.6011939434299856,4592
2437,1.5113957008041619,5647
2438,3.883079147136303,23
2439,3.6505065321281736,40
2440,3.4924383772057648,58
2441,2.3080838513059674,901
2442,4.032841467469635,16
2443,3.8653503801758715,24
2444,4.087199129792228,14
2445,2.8038979010886784,287
2446,2.439816159677608,665
2447,4.418192348833652,6
2448,3.6400410984500087,41
2449,3.758140410528003,31
2450,3.81613235750569,27
2451,3.6400410984500087,41
2452,2.8433346403581514,262
2453,3.582049151472322,47
2454,2.5284905592590623,542
2455,1.9836234447994536,1903
2456,3.8483170408770913,25
2457,3.4779605538371423,60
2458,3.8483170408770913,25
2459,2.6400410984500087,419
2460,4.263290388847909,9
2461,3.1361855904831013,133
2462,3.2855667835590614,94
2463,2.7761520133707225,306
2464,2.6505065321281736,409
2465,2.099830837077919,1456
2466,2.3354069785172022,846
2467,3.2901625352482102,93
2468,4.059170406191984,15
2469,3.67222578182141,38
2470,2.575761427633275,486
2471,4.087199129792228,14
2472,2.8223813067826913,275
2473,3.8483170408770913,25
2474,4.059170406191984,15
2475,3.9015625528303164,22
2476,2.9452270538851475,207
2477,3.043182300807854,165
2478,3.920867708025703,21
2479,3.0843134415547397,150
2480,4.032841467469635,16
2481,2.759499705790728,318
2482,3.6400410984500087,41
2483,3.695088664780914,36
2484,4.059170406191984,15
2485,3.98453678789508,18
2486,3.0252442857191135,172
2487,3.9015625528303164,22
2488,4.059170406191984,15
2489,2.9228462740077905,218
2490,3.043182300807854,165
2491,3.9015625528303164,22
2492,3.2720643131554144,97
2493,3.5730943088193956,48
2494,3.67222578182141,38
2495,3.9622603931839278,19
2496,3.98453678789508,18
2497,4.087199129792228,14
2498,3.661230397519947,39
2499,3.7447764489700215,32
2500,3.0056118139787245,180
2501,3.1951045271017473,116
2502,3.1914083815417835,117
2503,4.032841467469635,16
2504,1.8397168691151735,2651
2505,3.7069878880806217,35
2506,3.9015625528303164,22
2507,4.059170406191984,15
2508,3.3090478794085842,89
2509,2.68236541317229,380
2510,4.221897703689684,10
2511,4.059170406191984,15
2512,3.376799663675427,76
2513,2.3457848792953624,826
2514,2.800892390948953,289
2515,2.3100140521806045,897
2516,3.800892390948953,28
2517,3.695088664780914,36
2518,2.9431441027368552,208
2519,3.5151023618417088,55
2520,3.5308966290249404,53
2521,2.729264282791774,341
2522,2.87235528174453,245
2523,3.4639498393943273,62
2524,3.8483170408770913,25
2525,4.221897703689684,10
2526,3.600532557166335,45
2527,4.059170406191984,15
2528,3.731811471805654,33
2529,3.94107109411399,20
2530,3.1951045271017473,116
2531,3.5229276993536653,54
2532,3.4924383772057648,58
2533,2.6288131186871775,430
2534,3.470898699349655,61
2535,4.117162353169671,13
2536,4.309047879408585,8
2537,4.184109142800284,11
2538,2.8978024039570096,231
2539,3.8653503801758715,24
2540,3.7192223444976333,34
2541,2.830321097973503,270
2542,3.786169134128247,29
2543,3.98453678789508,18
2544,3.758140410528003,31
2545,2.50136255042738,577
2546,4.263290388847909,9
2547,4.418192348833652,6
2548,3.9622603931839278,19
2549,3.758140410528003,31
2550,3.8483170408770913,25
2551,2.2044849021720023,1144
2552,3.2025925484942976,114
2553,3.800892390948953,28
2554,4.008017883744603,17
2555,3.9015625528303164,22
2556,3.9015625528303164,22
2557,2.9452270538851475,207
2558,3.5730943088193956,48
2559,3.418192348833652,69
2560,3.81613235750569,27
2561,5.263290388847909,0
2562,3.8653503801758715,24
2563,3.4372155861470826,66
2564,3.883079147136303,23
2565,3.661230397519947,39
2566,4.032841467469635,16
2567,3.7719286950136364,30
2568,3.582049151472322,47
2569,3.2140723661777275,111
2570,1.3002585137940108,9183
2571,1.94189911053622,2095
2572,1.5961177163690408,4646
2573,2.8239576950176466,274
2574,2.6569090237373043,403
2575,2.756785356443037,320
2576,2.0114089342953814,1785
2577,2.9452270538851475,207
2578,3.250453164142737,102
2579,2.316347118150084,884
2580,2.0150718276578345,1770
2581,2.2433437071690667,1046
2582,2.819245592929833,277
2583,2.295742412629047,927
2584,3.2765186545816642,96
2585,3.5730943088193956,48
2586,3.6400410984500087,41
2587,2.290624796581798,938
2588,3.5643203845118903,49
2589,3.600532557166335,45
2590,3.399967528727453,72
2591,3.2339066111626993,106
2592,3.883079147136303,23
2593,3.8483170408770913,25
2594,3.0008392991174797,182
2595,3.430781476141673,67
2596,3.695088664780914,36
2597,1.3343315479670794,8490
2598,1.6339827487741603,4258
2599,2.6623174931611606,398
2600,3.4779605538371423,60
2601,2.467410371503834,624
2602,2.819245592929833,277
2603,2.6110440478445858,448
2604,3.1110020444648527,141
2605,4.032841467469635,16
2606,4.059170406191984,15
2607,3.8319266246889216,26
2608,3.8483170408770913,25
2609,3.4639498393943273,62
2610,3.9622603931839278,19
2611,4.087199129792228,14
2612,3.180505018531459,120
2613,4.059170406191984,15
2614,3.94107109411399,20
2615,3.4503770322050533,64
2616,3.786169134128247,29
2617,3.661230397519947,39
2618,3.8653503801758715,24
2619,3.920867708025703,21
2620,3.8653503801758715,24
2621,3.81613235750569,27
2622,2.585683436127416,475
2623,3.5643203845118903,49
2624,3.883079147136303,23
2625,3.7192223444976333,34
2626,3.582049151472322,47
2627,3.8319266246889216,26
2628,4.360200401855965,7
2629,3.8653503801758715,24
2630,3.7069878880806217,35
2631,3.81613235750569,27
2632,4.032841467469635,16
2633,2.6328625138228854,426
2634,3.6198377123617216,43
2635,3.2901625352482102,93
2636,3.159486667891952,126
2637,3.53901451924712,52
2638,3.883079147136303,23
2639,3.9015625528303164,22
2640,3.98453678789508,18
2641,3.920867708025703,21
2642,4.008017883744603,17
2643,3.2948074402939738,92
2644,3.8483170408770913,25
2645,4.087199129792228,14
2646,4.149347036541072,12
2647,4.032841467469635,16
2648,4.059170406191984,15
2649,3.94107109411399,20
2650,4.221897703689684,10
2651,3.9015625528303164,22
2652,3.9622603931839278,19
2653,3.98453678789508,18
2654,3.94107109411399,20
2655,3.731811471805654,33
2656,3.81613235750569,27
2657,4.087199129792228,14
2658,4.059170406191984,15
2659,4.117162353169671,13
2660,4.56432038451189,4
2661,4.6612303975199465,3
2662,3.98453678789508,18
2663,4.184109142800284,11
2664,4.786169134128246,2
2665,4.008017883744603,17
2666,4.149347036541072,12
2667,4.309047879408585,8
2668,3.800892390948953,28
2669,4.263290388847909,9
2670,4.032841467469635,16
2671,4.149347036541072,12
2672,4.008017883744603,17
2673,4.087199129792228,14
2674,4.008017883744603,17
2675,3.67222578182141,38
2676,4.149347036541072,12
2677,4.032841467469635,16
2678,4.184109142800284,11
2679,3.8319266246889216,26
2680,4.032841467469635,16
2681,3.786169134128247,29
2682,4.117162353169671,13
2683,4.309047879408585,8
2684,3.683506792231099,37
2685,4.309047879408585,8
2686,3.8483170408770913,25
2687,3.8653503801758715,24
2688,4.221897703689684,10
2689,3.7719286950136364,30
2690,4.263290388847909,9
2691,4.087199129792228,14
2692,3.8483170408770913,25
2693,4.008017883744603,17
2694,4.059170406191984,15
2695,3.7719286950136364,30
2696,4.032841467469635,16
2697,3.98453678789508,18
2698,3.731811471805654,33
2699,3.5557202127499727,50
2700,4.032841467469635,16
2701,3.94107109411399,20
2702,4.059170406191984,15
2703,3.5229276993536653,54
2704,4.087199129792228,14
2705,3.94107109411399,20
2706,4.032841467469635,16
2707,4.117162353169671,13
2708,3.883079147136303,23
2709,4.117162353169671,13
2710,4.087199129792228,14
2711,3.9015625528303164,22
2712,4.087199129792228,14
2713,4.117162353169671,13
2714,4.032841467469635,16
2715,3.98453678789508,18
2716,4.032841467469635,16
2717,3.9015625528303164,22
2718,3.8653503801758715,24
2719,4.184109142800284,11
2720,3.9622603931839278,19
2721,4.032841467469635,16
2722,4.786169134128246,2
2723,3.412032040128834,70
2724,4.117162353169671,13
2725,4.149347036541072,12
2726,4.087199129792228,14
2727,4.087199129792228,14
2728,4.149347036541072,12
2729,3.81613235750569,27
2730,4.087199129792228,14
2731,4.032841467469635,16
2732,4.418192348833652,6
2733,4.059170406191984,15
2734,4.032841467469635,16
2735,3.920867708025703,21
2736,4.263290388847909,9
2737,4.032841467469635,16
2738,3.8319266246889216,26
2739,3.94107109411399,20
2740,3.695088664780914,36
2741,4.149347036541072,12
2742,4.087199129792228,14
2743,2.986828584674665,188
2744,4.117162353169671,13
2745,4.786169134128246,2
2746,3.98453678789508,18
2747,3.94107109411399,20
2748,4.221897703689684,10
2749,3.94107109411399,20
2750,3.8653503801758715,24
2751,3.8483170408770913,25
2752,4.360200401855965,7
2753,4.032841467469635,16
2754,4.087199129792228,14
2755,4.117162353169671,13
2756,3.98453678789508,18
2757,4.117162353169671,13
2758,4.184109142800284,11
2759,4.263290388847909,9
2760,4.485139138464265,5
2761,3.9622603931839278,19
2762,3.786169134128247,29
2763,4.008017883744603,17
2764,3.8653503801758715,24
2765,3.81613235750569,27
2766,4.221897703689684,10
2767,4.485139138464265,5
2768,3.731811471805654,33
2769,3.98453678789508,18
2770,3.94107109411399,20
2771,4.087199129792228,14
2772,3.920867708025703,21
2773,4.087199129792228,14
2774,4.008017883744603,17
2775,3.758140410528003,31
2776,3.5557202127499727,50
2777,4.149347036541072,12
2778,4.087199129792228,14
2779,3.883079147136303,23
2780,3.94107109411399,20
2781,3.4779605538371423,60
2782,3.9622603931839278,19
2783,4.221897703689684,10
2784,4.032841467469635,16
2785,3.8653503801758715,24
2786,4.087199129792228,14
2787,4.149347036541072,12
2788,4.117162353169671,13
2789,4.309047879408585,8
2790,4.221897703689684,10
2791,3.9622603931839278,19
2792,3.758140410528003,31
2793,3.98453678789508,18
2794,4.059170406191984,15
2795,4.032841467469635,16
2796,4.184109142800284,11
2797,3.6505065321281736,40
2798,3.7447764489700215,32
2799,4.032841467469635,16
2800,4.149347036541072,12
2801,3.162919843730346,125
2802,3.159486667891952,126
2803,3.920867708025703,21
2804,4.087199129792228,14
2805,3.786169134128247,29
2806,4.087199129792228,14
2807,4.221897703689684,10
2808,4.117162353169671,13
2809,3.98453678789508,18
2810,3.6400410984500087,41
2811,4.059170406191984,15
2812,4.059170406191984,15
2813,4.184109142800284,11
2814,4.221897703689684,10
2815,3.8653503801758715,24
2816,4.309047879408585,8
2817,4.263290388847909,9
2818,4.485139138464265,5
2819,4.032841467469635,16
2820,4.360200401855965,7
2821,3.5229276993536653,54
2822,4.184109142800284,11
2823,4.149347036541072,12
2824,4.149347036541072,12
2825,3.81613235750569,27
2826,4.149347036541072,12
2827,4.184109142800284,11
2828,4.56432038451189,4
2829,3.8483170408770913,25
2830,4.008017883744603,17
2831,4.117162353169671,13
2832,4.032841467469635,16
2833,3.4851391384642656,59
2834,3.94107109411399,20
2835,4.117162353169671,13
2836,4.087199129792228,14
2837,4.309047879408585,8
2838,3.920867708025703,21
2839,4.184109142800284,11
2840,4.032841467469635,16
2841,4.087199129792228,14
2842,4.032841467469635,16
2843,4.008017883744603,17
2844,4.008017883744603,17
2845,4.008017883744603,17
2846,3.94107109411399,20
2847,4.032841467469635,16
2848,3.8483170408770913,25
2849,4.263290388847909,9
2850,4.008017883744603,17
2851,3.98453678789508,18
2852,4.087199129792228,14
2853,4.059170406191984,15
2854,4.087199129792228,14
2855,4.032841467469635,16
2856,3.9622603931839278,19
2857,4.087199129792228,14
2858,4.032841467469635,16
2859,3.920867708025703,21
2860,3.98453678789508,18
2861,4.117162353169671,13
2862,4.485139138464265,5
2863,4.149347036541072,12
2864,4.032841467469635,16
2865,4.087199129792228,14
2866,4.221897703689684,10
2867,4.221897703689684,10
2868,4.149347036541072,12
2869,3.98453678789508,18
2870,4.184109142800284,11
2871,4.263290388847909,9
2872,3.94107109411399,20
2873,3.98453678789508,18
2874,4.008017883744603,17
2875,4.184109142800284,11
2876,3.8319266246889216,26
2877,3.8483170408770913,25
2878,4.059170406191984,15
2879,4.263290388847909,9
2880,4.032841467469635,16
2881,4.360200401855965,7
2882,4.149347036541072,12
2883,4.059170406191984,15
2884,4.008017883744603,17
2885,4.032841467469635,16
2886,4.117162353169671,13
2887,4.032841467469635,16
2888,4.059170406191984,15
2889,4.032841467469635,16
2890,3.81613235750569,27
2891,4.149347036541072,12
2892,4.032841467469635,16
2893,4.008017883744603,17
2894,4.059170406191984,15
2895,3.9622603931839278,19
2896,4.184109142800284,11
2897,4.117162353169671,13
2898,3.94107109411399,20
2899,4.032841467469635,16
2900,4.032841467469635,16
2901,4.008017883744603,17
2902,4.032841467469635,16
2903,4.184109142800284,11
2904,4.184109142800284,11
2905,4.032841467469635,16
2906,3.4924383772057648,58
2907,4.008017883744603,17
2908,3.9015625528303164,22
2909,3.9015625528303164,22
2910,4.418192348833652,6
2911,4.032841467469635,16
2912,4.117162353169671,13
2913,4.008017883744603,17
2914,3.8319266246889216,26
2915,4.059170406191984,15
2916,4.032841467469635,16
2917,3.883079147136303,23
2918,4.087199129792228,14
2919,4.059170406191984,15
2920,4.032841467469635,16
2921,3.98453678789508,18
2922,3.98453678789508,18
2923,4.149347036541072,12
2924,4.360200401855965,7
2925,3.81613235750569,27
2926,4.059170406191984,15
2927,4.032841467469635,16
2928,4.184109142800284,11
2929,4.008017883744603,17
2930,4.008017883744603,17
2931,4.059170406191984,15
2932,4.087199129792228,14
2933,4.117162353169671,13
2934,3.98453678789508,18
2935,4.059170406191984,15
2936,4.360200401855965,7
2937,4.087199129792228,14
2938,3.94107109411399,20
2939,4.032841467469635,16
2940,4.032841467469635,16
2941,4.059170406191984,15
2942,4.117162353169671,13
2943,4.059170406191984,15
2944,4.032841467469635,16
2945,4.032841467469635,16
2946,3.98453678789508,18
2947,3.98453678789508,18
2948,3.94107109411399,20
2949,4.263290388847909,9
2950,4.149347036541072,12
2951,4.087199129792228,14
2952,4.032841467469635,16
2953,4.360200401855965,7
2954,4.059170406191984,15
2955,4.008017883744603,17
2956,4.309047879408585,8
2957,4.087199129792228,14
2958,4.418192348833652,6
2959,4.059170406191984,15
2960,4.263290388847909,9
2961,3.9015625528303164,22
2962,4.032841467469635,16
2963,4.184109142800284,11
2964,4.032841467469635,16
2965,4.059170406191984,15
2966,4.117162353169671,13
2967,3.98453678789508,18
2968,4.008017883744603,17
2969,3.94107109411399,20
2970,4.087199129792228,14
2971,4.221897703689684,10
2972,4.149347036541072,12
2973,3.3090478794085842,89
2974,3.9622603931839278,19
2975,3.98453678789508,18
2976,4.032841467469635,16
2977,4.087199129792228,14
2978,4.087199129792228,14
2979,4.117162353169671,13
2980,4.059170406191984,15
2981,4.032841467469635,16
2982,4.149347036541072,12
2983,4.032841467469635,16
2984,4.008017883744603,17
2985,4.117162353169671,13
2986,4.008017883744603,17
2987,4.059170406191984,15
2988,4.221897703689684,10
2989,3.920867708025703,21
2990,4.032841467469635,16
2991,3.98453678789508,18
2992,3.9015625528303164,22
2993,4.117162353169671,13
2994,3.98453678789508,18
2995,4.087199129792228,14
2996,3.9622603931839278,19
2997,4.059170406191984,15
2998,3.9622603931839278,19
2999,4.008017883744603,17
3000,4.008017883744603,17
3001,4.149347036541072,12
3002,4.117162353169671,13
3003,4.008017883744603,17
3004,4.032841467469635,16
3005,3.98453678789508,18
3006,3.94107109411399,20
3007,3.6505065321281736,40
3008,4.008017883744603,17
3009,4.059170406191984,15
3010,4.008017883744603,17
3011,4.149347036541072,12
3012,4.032841467469635,16
3013,4.117162353169671,13
3014,4.149347036541072,12
3015,4.087199129792228,14
3016,3.98453678789508,18
3017,4.059170406191984,15
3018,3.9622603931839278,19
3019,4.149347036541072,12
3020,4.149347036541072,12
3021,4.117162353169671,13
3022,4.117162353169671,13
3023,4.032841467469635,16
3024,4.032841467469635,16
3025,4.149347036541072,12
3026,3.98453678789508,18
3027,3.7192223444976333,34
3028,4.087199129792228,14
3029,4.008017883744603,17
3030,4.008017883744603,17
3031,4.032841467469635,16
3032,4.117162353169671,13
3033,3.94107109411399,20
3034,3.94107109411399,20
3035,3.98453678789508,18
3036,4.032841467469635,16
3037,4.059170406191984,15
3038,4.059170406191984,15
3039,4.059170406191984,15
3040,4.059170406191984,15
3041,3.94107109411399,20
3042,3.9622603931839278,19
3043,3.8653503801758715,24
3044,3.98453678789508,18
3045,4.008017883744603,17
3046,3.600532557166335,45
3047,4.117162353169671,13
3048,4.008017883744603,17
3049,3.94107109411399,20
3050,4.008017883744603,17
3051,4.059170406191984,15
3052,3.98453678789508,18
3053,4.008017883744603,17
3054,4.032841467469635,16
3055,4.008017883744603,17
3056,4.008017883744603,17
3057,4.008017883744603,17
3058,4.059170406191984,15
3059,3.94107109411399,20
3060,4.008017883744603,17
3061,4.087199129792228,14
3062,3.9622603931839278,19
3063,3.9622603931839278,19
3064,3.94107109411399,20
3065,4.032841467469635,16
3066,4.117162353169671,13
3067,4.032841467469635,16
3068,3.9622603931839278,19
3069,4.059170406191984,15
3070,4.059170406191984,15
3071,3.98453678789508,18
3072,3.98453678789508,18
3073,4.059170406191984,15
3074,4.032841467469635,16
3075,4.059170406191984,15
3076,3.98453678789508,18
3077,3.98453678789508,18
3078,4.032841467469635,16
3079,4.059170406191984,15
3080,4.032841467469635,16
3081,4.008017883744603,17
3082,4.059170406191984,15
3083,4.485139138464265,5
3084,3.9622603931839278,19
3085,4.032841467469635,16
3086,4.008017883744603,17
3087,4.008017883744603,17
3088,4.008017883744603,17
3089,3.94107109411399,20
3090,4.008017883744603,17
3091,3.98453678789508,18
3092,4.008017883744603,17
3093,4.008017883744603,17
3094,3.94107109411399,20
3095,3.81613235750569,27
3096,4.008017883744603,17
3097,4.008017883744603,17
3098,3.7719286950136364,30
3099,4.008017883744603,17
3100,3.8483170408770913,25
3101,4.059170406191984,15
3102,4.008017883744603,17
3103,3.94107109411399,20
3104,3.98453678789508,18
3105,4.008017883744603,17
3106,4.032841467469635,16
3107,4.032841467469635,16
3108,3.883079147136303,23
3109,4.008017883744603,17
3110,4.059170406191984,15
3111,4.008017883744603,17
3112,3.94107109411399,20
3113,4.032841467469635,16
3114,4.032841467469635,16
3115,4.008017883744603,17
3116,4.117162353169671,13
3117,3.98453678789508,18
3118,3.9622603931839278,19
3119,4.032841467469635,16
3120,4.032841467469635,16
3121,3.98453678789508,18
3122,4.087199129792228,14
3123,4.032841467469635,16
3124,4.008017883744603,17
3125,4.087199129792228,14
3126,3.9015625528303164,22
3127,4.008017883744603,17
3128,4.008017883744603,17
3129,4.032841467469635,16
3130,4.117162353169671,13
3131,4.008017883744603,17
3132,4.059170406191984,15
3133,3.920867708025703,21
3134,4.032841467469635,16
3135,3.9015625528303164,22
3136,4.008017883744603,17
3137,4.149347036541072,12
3138,3.9622603931839278,19
3139,3.9622603931839278,19
3140,4.008017883744603,17
3141,4.032841467469635,16
3142,3.98453678789508,18
3143,4.008017883744603,17
3144,4.008017883744603,17
3145,4.032841467469635,16
3146,3.661230397519947,39
3147,3.94107109411399,20
3148,4.008017883744603,17
3149,4.008017883744603,17
3150,3.661230397519947,39
3151,4.087199129792228,14
3152,4.087199129792228,14
3153,4.032841467469635,16
3154,3.94107109411399,20
3155,4.008017883744603,17
3156,4.008017883744603,17
3157,4.032841467469635,16
3158,4.059170406191984,15
3159,4.008017883744603,17
3160,4.008017883744603,17
3161,4.008017883744603,17
3162,3.98453678789508,18
3163,3.98453678789508,18
3164,3.8483170408770913,25
3165,4.008017883744603,17
3166,3.98453678789508,18
3167,4.032841467469635,16
3168,4.059170406191984,15
3169,4.032841467469635,16
3170,4.032841467469635,16
3171,3.94107109411399,20
3172,3.98453678789508,18
3173,3.9622603931839278,19
3174,3.9622603931839278,19
3175,4.008017883744603,17
3176,3.98453678789508,18
3177,3.98453678789508,18
3178,4.032841467469635,16
3179,4.008017883744603,17
3180,4.008017883744603,17
3181,4.360200401855965,7
3182,3.98453678789508,18
3183,4.008017883744603,17
3184,3.94107109411399,20
3185,3.94107109411399,20
3186,4.032841467469635,16
3187,3.98453678789508,18
3188,3.94107109411399,20
3189,3.98453678789508,18
3190,4.008017883744603,17
3191,4.059170406191984,15
3192,3.98453678789508,18
3193,4.059170406191984,15
3194,3.98453678789508,18
3195,3.9015625528303164,22
3196,3.920867708025703,21
3197,3.94107109411399,20
3198,3.81613235750569,27
3199,3.920867708025703,21
3200,4.032841467469635,16
3201,4.008017883744603,17
3202,4.008017883744603,17
3203,3.883079147136303,23
3204,3.98453678789508,18
3205,3.94107109411399,20
3206,3.98453678789508,18
3207,4.008017883744603,17
3208,3.98453678789508,18
3209,4.087199129792228,14
3210,4.059170406191984,15
3211,3.9622603931839278,19
3212,4.032841467469635,16
3213,4.008017883744603,17
3214,4.059170406191984,15
3215,4.032841467469635,16
3216,4.008017883744603,17
3217,3.98453678789508,18
3218,3.94107109411399,20
3219,4.008017883744603,17
3220,4.008017883744603,17
3221,3.98453678789508,18
3222,3.98453678789508,18
3223,4.087199129792228,14
3224,4.032841467469635,16
3225,4.008017883744603,17
3226,4.008017883744603,17
3227,3.98453678789508,18
3228,4.008017883744603,17
3229,4.008017883744603,17
3230,3.4998623952849717,57
3231,3.920867708025703,21
3232,3.786169134128247,29
3233,3.9622603931839278,19
3234,3.7192223444976333,34
3235,3.94107109411399,20
3236,4.6612303975199465,3
3237,3.94107109411399,20
3238,4.184109142800284,11
3239,4.059170406191984,15
3240,4.221897703689684,10
3241,3.98453678789508,18
3242,4.087199129792228,14
3243,3.786169134128247,29
3244,4.485139138464265,5
3245,2.8653503801758715,249
3246,3.3824767965671176,75
3247,3.3090478794085842,89
3248,4.221897703689684,10
3249,3.582049151472322,47
3250,4.032841467469635,16
3251,4.059170406191984,15
3252,3.800892390948953,28
3253,3.4437464533060402,65
3254,2.5300931237413398,540
3255,4.059170406191984,15
3256,3.731811471805654,33
3257,3.376799663675427,76
3258,4.087199129792228,14
3259,3.6100778750725655,44
3260,3.412032040128834,70
3261,3.920867708025703,21
3262,3.2589690150652664,100
3263,3.758140410528003,31
3264,3.8319266246889216,26
3265,3.695088664780914,36
3266,3.5643203845118903,49
3267,4.032841467469635,16
3268,4.032841467469635,16
3269,4.008017883744603,17
3270,4.117162353169671,13
3271,3.1265698216915023,136
3272,3.9015625528303164,22
3273,3.4372155861470826,66
3274,3.800892390948953,28
3275,3.1951045271017473,116
3276,3.180505018531459,120
3277,3.242101089777971,104
3278,3.7192223444976333,34
3279,4.032841467469635,16
3280,4.962260393183928,1
3281,3.94107109411399,20
3282,3.430781476141673,67
3283,3.008017883744603,179
3284,3.6198377123617216,43
3285,3.313900382202996,88
3286,4.117162353169671,13
3287,4.221897703689684,10
3288,3.8319266246889216,26
3289,4.117162353169671,13
3290,3.94107109411399,20
3291,4.087199129792228,14
3292,4.008017883744603,17
3293,3.3390111027860274,83
3294,4.087199129792228,14
3295,3.94107109411399,20
3296,3.6400410984500087,41
3297,3.8483170408770913,25
3298,4.184109142800284,11
3299,3.3287919376043416,85
3300,4.184109142800284,11
3301,3.8319266246889216,26
3302,4.008017883744603,17
3303,3.0302942784557554,170
3304,3.883079147136303,23
3305,3.98453678789508,18
3306,4.962260393183928,1
3307,4.56432038451189,4
3308,5.263290388847909,0
3309,3.0701657904934474,155
3310,3.7447764489700215,32
3311,3.4851391384642656,59
3312,3.758140410528003,31
3313,3.81613235750569,27
3314,3.883079147136303,23
3315,3.9622603931839278,19
3316,3.5074155331754175,56
3317,3.4059578924166405,71
3318,3.6400410984500087,41
3319,3.8483170408770913,25
3320,4.149347036541072,12
3321,3.1914083815417835,117
3322,4.008017883744603,17
3323,4.032841467469635,16
3324,4.263290388847909,9
3325,2.8176861855743116,278
3326,3.418192348833652,69
3327,3.67222578182141,38
3328,3.98453678789508,18
3329,3.8483170408770913,25
3330,4.360200401855965,7
3331,3.4503770322050533,64
3332,3.8319266246889216,26
3333,4.059170406191984,15
3334,4.032841467469635,16
3335,4.149347036541072,12
3336,3.94107109411399,20
3337,3.6100778750725655,44
3338,3.3090478794085842,89
3339,3.9015625528303164,22
3340,3.98453678789508,18
3341,4.221897703689684,10
3342,3.457110414864022,63
3343,4.087199129792228,14
3344,3.4503770322050533,64
3345,4.087199129792228,14
3346,4.008017883744603,17
3347,5.263290388847909,0
3348,4.032841467469635,16
3349,3.2546902170859915,101
3350,3.2948074402939738,92
3351,4.962260393183928,1
3352,3.8483170408770913,25
3353,3.2810191558083406,95
3354,4.087199129792228,14
3355,5.263290388847909,0
3356,3.758140410528003,31
3357,3.412032040128834,70
3358,3.5730943088193956,48
3359,3.5643203845118903,49
3360,3.5229276993536653,54
3361,5.263290388847909,0
3362,3.98453678789508,18
3363,3.6198377123617216,43
3364,4.008017883744603,17
3365,3.8483170408770913,25
3366,3.313900382202996,88
3367,3.7069878880806217,35
3368,4.087199129792228,14
3369,3.94107109411399,20
3370,3.7192223444976333,34
3371,3.4639498393943273,62
3372,3.037981107122046,167
3373,3.5151023618417088,55
3374,3.731811471805654,33
3375,3.3338714631336166,84
3376,3.683506792231099,37
3377,3.6505065321281736,40
3378,4.032841467469635,16
3379,3.81613235750569,27
3380,3.6505065321281736,40
3381,3.53901451924712,52
3382,4.032841467469635,16
3383,3.8653503801758715,24
3384,4.032841467469635,16
3385,3.9622603931839278,19
3386,4.149347036541072,12
3387,3.582049151472322,47
3388,3.695088664780914,36
3389,3.6100778750725655,44
3390,2.966625198586378,197
3391,3.9622603931839278,19
3392,3.695088664780914,36
3393,3.883079147136303,23
3394,3.9015625528303164,22
3395,3.800892390948953,28
3396,4.008017883744603,17
3397,4.263290388847909,9
3398,3.661230397519947,39
3399,3.582049151472322,47
3400,3.9622603931839278,19
3401,4.032841467469635,16
3402,3.1560804192000407,127
3403,3.3602004018559657,79
3404,3.98453678789508,18
3405,3.98453678789508,18
3406,4.149347036541072,12
3407,4.059170406191984,15
3408,3.81613235750569,27
3409,4.184109142800284,11
3410,3.3711957861574287,77
3411,4.962260393183928,1
3412,3.7719286950136364,30
3413,4.149347036541072,12
3414,4.221897703689684,10
3415,4.149347036541072,12
3416,3.6298219332683224,42
3417,4.6612303975199465,3
3418,4.263290388847909,9
3419,4.087199129792228,14
3420,4.059170406191984,15
3421,3.920867708025703,21
3422,3.94107109411399,20
3423,4.418192348833652,6
3424,3.683506792231099,37
3425,4.059170406191984,15
3426,4.418192348833652,6
3427,3.81613235750569,27
3428,4.184109142800284,11
3429,4.221897703689684,10
3430,4.087199129792228,14
3431,3.8653503801758715,24
3432,3.430781476141673,67
3433,3.695088664780914,36
3434,4.263290388847909,9
3435,3.920867708025703,21
3436,3.6298219332683224,42
3437,4.117162353169671,13
3438,3.920867708025703,21
3439,4.059170406191984,15
3440,3.9015625528303164,22
3441,3.6505065321281736,40
3442,4.309047879408585,8
3443,3.2676551942503593,98
3444,3.582049151472322,47
3445,3.695088664780914,36
3446,4.059170406191984,15
3447,3.94107109411399,20
3448,4.059170406191984,15
3449,4.786169134128246,2
3450,4.221897703689684,10
3451,4.221897703689684,10
3452,3.7719286950136364,30
3453,3.7719286950136364,30
3454,4.263290388847909,9
3455,3.4059578924166405,71
3456,4.221897703689684,10
3457,3.6400410984500087,41
3458,3.661230397519947,39
3459,3.0814468009031364,151
3460,4.117162353169671,13
3461,3.600532557166335,45
3462,4.56432038451189,4
3463,4.149347036541072,12
3464,4.032841467469635,16
3465,4.087199129792228,14
3466,3.7069878880806217,35
3467,4.149347036541072,12
3468,3.98453678789508,18
3469,3.5074155331754175,56
3470,3.169868703685674,123
3471,3.8483170408770913,25
3472,4.032841467469635,16
3473,3.920867708025703,21
3474,3.53901451924712,52
3475,5.263290388847909,0
3476,3.4639498393943273,62
3477,4.221897703689684,10
3478,4.418192348833652,6
3479,3.661230397519947,39
3480,3.4779605538371423,60
3481,3.695088664780914,36
3482,3.7192223444976333,34
3483,3.9622603931839278,19
3484,3.683506792231099,37
3485,3.7069878880806217,35
3486,4.56432038451189,4
3487,3.470898699349655,61
3488,2.9494231684787557,205
3489,3.424441298110654,68
3490,3.582049151472322,47
3491,3.98453678789508,18
3492,3.695088664780914,36
3493,3.7719286950136364,30
3494,4.149347036541072,12
3495,3.81613235750569,27
3496,3.9622603931839278,19
3497,3.8653503801758715,24
3498,4.032841467469635,16
3499,3.54728704521311,51
3500,3.81613235750569,27
3501,3.7192223444976333,34
3502,4.418192348833652,6
3503,3.786169134128247,29
3504,3.920867708025703,21
3505,3.786169134128247,29
3506,4.032841467469635,16
3507,3.0930286734529515,147
3508,3.388229125456209,74
3509,2.9288366376969783,215
3510,4.087199129792228,14
3511,4.032841467469635,16
3512,3.683506792231099,37
3513,3.0056118139787245,180
3514,3.98453678789508,18
3515,3.6198377123617216,43
3516,3.6298219332683224,42
3517,3.661230397519947,39
3518,5.263290388847909,0
3519,3.53901451924712,52
3520,3.6400410984500087,41
3521,3.3548053699692595,80
3522,3.3824767965671176,75
3523,3.4998623952849717,57
3524,3.67222578182141,38
3525,3.5557202127499727,50
3526,3.8653503801758715,24
3527,4.087199129792228,14
3528,4.56432038451189,4
3529,3.8483170408770913,25
3530,3.67222578182141,38
3531,4.059170406191984,15
3532,3.7447764489700215,32
3533,3.5074155331754175,56
3534,3.4851391384642656,59
3535,4.221897703689684,10
3536,3.5730943088193956,48
3537,4.117162353169671,13
3538,3.6400410984500087,41
3539,3.4372155861470826,66
3540,3.98453678789508,18
3541,4.087199129792228,14
3542,3.7447764489700215,32
3543,3.98453678789508,18
3544,3.94107109411399,20
3545,4.418192348833652,6
3546,3.6400410984500087,41
3547,4.008017883744603,17
3548,4.087199129792228,14
3549,3.98453678789508,18
3550,4.087199129792228,14
3551,4.032841467469635,16
3552,4.008017883744603,17
3553,3.6505065321281736,40
3554,4.221897703689684,10
3555,3.7069878880806217,35
3556,3.6198377123617216,43
3557,3.3602004018559657,79
3558,3.661230397519947,39
3559,3.9622603931839278,19
3560,3.53901451924712,52
3561,3.81613235750569,27
3562,4.263290388847909,9
3563,3.731811471805654,33
3564,3.800892390948953,28
3565,3.758140410528003,31
3566,3.9015625528303164,22
3567,4.059170406191984,15
3568,3.9622603931839278,19
3569,3.3237711362292908,86
3570,3.9015625528303164,22
3571,3.5911925309121915,46
3572,3.8319266246889216,26
3573,4.008017883744603,17
3574,4.221897703689684,10
3575,3.9015625528303164,22
3576,3.920867708025703,21
3577,3.81613235750569,27
3578,4.117162353169671,13
3579,3.661230397519947,39
3580,3.5643203845118903,49
3581,3.9015625528303164,22
3582,3.6505065321281736,40
3583,3.600532557166335,45
3584,3.8483170408770913,25
3585,2.955794350934696,202
3586,4.221897703689684,10
3587,4.309047879408585,8
3588,4.087199129792228,14
3589,4.263290388847909,9
3590,3.883079147136303,23
3591,3.9622603931839278,19
3592,4.032841467469635,16
3593,3.81613235750569,27
3594,3.8653503801758715,24
3595,3.98453678789508,18
3596,4.032841467469635,16
3597,3.5308966290249404,53
3598,3.8483170408770913,25
3599,3.94107109411399,20
3600,3.8483170408770913,25
3601,4.962260393183928,1
3602,3.159486667891952,126
3603,4.059170406191984,15
3604,4.149347036541072,12
3605,4.059170406191984,15
3606,3.7192223444976333,34
3607,3.8653503801758715,24
3608,3.9015625528303164,22
3609,3.94107109411399,20
3610,4.032841467469635,16
3611,4.184109142800284,11
3612,3.731811471805654,33
3613,3.600532557166335,45
3614,4.962260393183928,1
3615,4.117162353169671,13
3616,4.008017883744603,17
3617,3.67222578182141,38
3618,3.98453678789508,18
3619,4.059170406191984,15
3620,3.98453678789508,18
3621,4.032841467469635,16
3622,3.5643203845118903,49
3623,3.470898699349655,61
3624,3.2179674100612514,110
3625,3.9015625528303164,22
3626,4.032841467469635,16
3627,3.920867708025703,21
3628,4.032841467469635,16
3629,3.8319266246889216,26
3630,4.032841467469635,16
3631,3.7447764489700215,32
3632,4.032841467469635,16
3633,4.032841467469635,16
3634,3.98453678789508,18
3635,4.059170406191984,15
3636,3.920867708025703,21
3637,3.9622603931839278,19
3638,4.184109142800284,11
3639,4.032841467469635,16
3640,4.059170406191984,15
3641,4.059170406191984,15
3642,4.008017883744603,17
3643,4.087199129792228,14
3644,4.221897703689684,10
3645,3.5911925309121915,46
3646,4.184109142800284,11
3647,3.98453678789508,18
3648,3.683506792231099,37
3649,3.786169134128247,29
3650,3.7447764489700215,32
3651,4.008017883744603,17
3652,4.149347036541072,12
3653,4.008017883744603,17
3654,3.98453678789508,18
3655,3.98453678789508,18
3656,4.6612303975199465,3
3657,3.54728704521311,51
3658,3.6198377123617216,43
3659,4.032841467469635,16
3660,3.731811471805654,33
3661,4.032841467469635,16
3662,4.008017883744603,17
3663,4.117162353169671,13
3664,3.5074155331754175,56
3665,4.008017883744603,17
3666,4.059170406191984,15
3667,4.032841467469635,16
3668,4.059170406191984,15
3669,3.457110414864022,63
3670,3.94107109411399,20
3671,3.8653503801758715,24
3672,4.059170406191984,15
3673,4.117162353169671,13
3674,3.1493470365410725,129
3675,3.731811471805654,33
3676,4.059170406191984,15
3677,3.98453678789508,18
3678,3.8319266246889216,26
3679,4.149347036541072,12
3680,4.117162353169671,13
3681,4.032841467469635,16
3682,4.008017883744603,17
3683,3.81613235750569,27
3684,3.9622603931839278,19
3685,3.920867708025703,21
3686,4.117162353169671,13
3687,4.087199129792228,14
3688,3.8483170408770913,25
3689,3.786169134128247,29
3690,4.087199129792228,14
3691,3.1234113024466725,137
3692,3.98453678789508,18
3693,4.087199129792228,14
3694,4.059170406191984,15
3695,4.059170406191984,15
3696,4.485139138464265,5
3697,4.008017883744603,17
3698,4.032841467469635,16
3699,3.8483170408770913,25
3700,3.98453678789508,18
3701,3.9015625528303164,22
3702,4.087199129792228,14
3703,4.059170406191984,15
3704,3.9622603931839278,19
3705,3.920867708025703,21
3706,3.53901451924712,52
3707,3.8653503801758715,24
3708,3.53901451924712,52
3709,4.008017883744603,17
3710,3.8653503801758715,24
3711,3.9622603931839278,19
3712,4.149347036541072,12
3713,3.8653503801758715,24
3714,3.6198377123617216,43
3715,4.117162353169671,13
3716,4.008017883744603,17
3717,3.98453678789508,18
3718,3.9622603931839278,19
3719,3.7069878880806217,35
3720,4.360200401855965,7
3721,4.032841467469635,16
3722,4.117162353169671,13
3723,4.008017883744603,17
3724,4.032841467469635,16
3725,4.184109142800284,11
3726,4.117162353169671,13
3727,4.087199129792228,14
3728,3.9622603931839278,19
3729,4.117162353169671,13
3730,4.221897703689684,10
3731,4.087199129792228,14
3732,3.9622603931839278,19
3733,4.263290388847909,9
3734,4.032841467469635,16
3735,3.9622603931839278,19
3736,4.032841467469635,16
3737,4.087199129792228,14
3738,4.117162353169671,13
3739,4.008017883744603,17
3740,4.032841467469635,16
3741,4.008017883744603,17
3742,4.032841467469635,16
3743,4.032841467469635,16
3744,4.221897703689684,10
3745,4.032841467469635,16
3746,3.920867708025703,21
3747,3.883079147136303,23
3748,3.94107109411399,20
3749,4.184109142800284,11
3750,3.7447764489700215,32
3751,4.263290388847909,9
3752,4.087199129792228,14
3753,3.883079147136303,23
3754,3.94107109411399,20
3755,4.087199129792228,14
3756,4.059170406191984,15
3757,3.94107109411399,20
3758,4.117162353169671,13
3759,4.032841467469635,16
3760,4.117162353169671,13
3761,4.008017883744603,17
3762,4.263290388847909,9
3763,4.117162353169671,13
3764,4.221897703689684,10
3765,4.059170406191984,15
3766,3.9622603931839278,19
3767,4.117162353169671,13
3768,4.149347036541072,12
3769,3.758140410528003,31
3770,4.032841467469635,16
3771,3.98453678789508,18
3772,4.032841467469635,16
3773,3.98453678789508,18
3774,4.032841467469635,16
3775,3.6505065321281736,40
3776,3.786169134128247,29
3777,4.149347036541072,12
3778,4.149347036541072,12
3779,3.94107109411399,20
3780,4.008017883744603,17
3781,3.67222578182141,38
3782,3.1841091428002843,119
3783,3.695088664780914,36
3784,3.920867708025703,21
3785,4.087199129792228,14
3786,3.430781476141673,67
3787,3.3711957861574287,77
3788,3.5308966290249404,53
3789,4.087199129792228,14
3790,3.98453678789508,18
3791,4.6612303975199465,3
3792,3.98453678789508,18
3793,4.117162353169671,13
3794,4.059170406191984,15
3795,3.920867708025703,21
3796,4.962260393183928,1
3797,4.008017883744603,17
3798,3.94107109411399,20
3799,4.087199129792228,14
3800,4.008017883744603,17
3801,3.786169134128247,29
3802,3.8653503801758715,24
3803,4.263290388847909,9
3804,3.758140410528003,31
3805,4.008017883744603,17
3806,4.149347036541072,12
3807,4.032841467469635,16
3808,4.117162353169671,13
3809,4.059170406191984,15
3810,3.8653503801758715,24
3811,3.7719286950136364,30
3812,4.485139138464265,5
3813,3.8483170408770913,25
3814,3.6100778750725655,44
3815,4.149347036541072,12
3816,4.032841467469635,16
3817,3.786169134128247,29
3818,3.98453678789508,18
3819,4.008017883744603,17
3820,3.9015625528303164,22
3821,4.117162353169671,13
3822,4.149347036541072,12
3823,4.485139138464265,5
3824,3.883079147136303,23
3825,3.920867708025703,21
3826,3.920867708025703,21
3827,3.6505065321281736,40
3828,4.786169134128246,2
3829,3.98453678789508,18
3830,3.9622603931839278,19
3831,4.117162353169671,13
3832,5.263290388847909,0
3833,4.032841467469635,16
3834,3.9622603931839278,19
3835,3.6298219332683224,42
3836,4.008017883744603,17
3837,3.457110414864022,63
3838,4.149347036541072,12
3839,5.263290388847909,0
3840,4.117162353169671,13
3841,3.6298219332683224,42
3842,4.008017883744603,17
3843,3.920867708025703,21
3844,4.032841467469635,16
3845,4.087199129792228,14
3846,4.032841467469635,16
3847,3.920867708025703,21
3848,4.008017883744603,17
3849,3.3940586691169328,73
3850,3.81613235750569,27
3851,4.360200401855965,7
3852,4.059170406191984,15
3853,3.883079147136303,23
3854,4.032841467469635,16
3855,3.6400410984500087,41
3856,4.117162353169671,13
3857,4.263290388847909,9
3858,3.7069878880806217,35
3859,4.008017883744603,17
3860,3.883079147136303,23
3861,4.149347036541072,12
3862,4.087199129792228,14
3863,4.087199129792228,14
3864,3.94107109411399,20
3865,4.008017883744603,17
3866,3.9015625528303164,22
3867,3.883079147136303,23
3868,3.9015625528303164,22
3869,3.98453678789508,18
3870,3.98453678789508,18
3871,3.412032040128834,70
3872,4.184109142800284,11
3873,3.758140410528003,31
3874,4.117162353169671,13
3875,3.8483170408770913,25
3876,3.920867708025703,21
3877,3.9622603931839278,19
3878,4.263290388847909,9
3879,4.032841467469635,16
3880,3.8653503801758715,24
3881,3.800892390948953,28
3882,3.94107109411399,20
3883,3.883079147136303,23
3884,3.5730943088193956,48
3885,4.117162353169671,13
3886,3.920867708025703,21
3887,4.149347036541072,12
3888,3.9622603931839278,19
3889,3.94107109411399,20
3890,3.9622603931839278,19
3891,4.117162353169671,13
3892,4.059170406191984,15
3893,4.087199129792228,14
3894,4.008017883744603,17
3895,4.032841467469635,16
3896,4.184109142800284,11
3897,4.221897703689684,10
3898,4.032841467469635,16
3899,4.149347036541072,12
3900,4.032841467469635,16
3901,4.087199129792228,14
3902,3.9622603931839278,19
3903,4.059170406191984,15
3904,4.032841467469635,16
3905,4.032841467469635,16
3906,4.087199129792228,14
3907,3.9622603931839278,19
3908,3.9622603931839278,19
3909,3.98453678789508,18
3910,3.81613235750569,27
3911,4.117162353169671,13
3912,4.008017883744603,17
3913,3.94107109411399,20
3914,3.94107109411399,20
3915,4.059170406191984,15
3916,4.059170406191984,15
3917,4.008017883744603,17
3918,4.221897703689684,10
3919,4.221897703689684,10
3920,4.032841467469635,16
3921,4.117162353169671,13
3922,4.087199129792228,14
3923,3.883079147136303,23
3924,4.059170406191984,15
3925,3.98453678789508,18
3926,4.059170406191984,15
3927,3.94107109411399,20
3928,3.9622603931839278,19
3929,3.98453678789508,18
3930,4.008017883744603,17
3931,4.059170406191984,15
3932,4.008017883744603,17
3933,3.98453678789508,18
3934,4.059170406191984,15
3935,3.9622603931839278,19
3936,4.059170406191984,15
3937,4.418192348833652,6
3938,3.9015625528303164,22
3939,4.032841467469635,16
3940,3.758140410528003,31
3941,3.98453678789508,18
3942,4.087199129792228,14
3943,3.94107109411399,20
3944,4.149347036541072,12
3945,3.94107109411399,20
3946,4.263290388847909,9
3947,3.9622603931839278,19
3948,3.883079147136303,23
3949,3.9622603931839278,19
3950,3.9015625528303164,22
3951,4.032841467469635,16
3952,4.149347036541072,12
3953,3.98453678789508,18
3954,4.149347036541072,12
3955,3.94107109411399,20
3956,3.920867708025703,21
3957,4.263290388847909,9
3958,4.008017883744603,17
3959,4.56432038451189,4
3960,4.221897703689684,10
3961,4.087199129792228,14
3962,3.3188077166977403,87
3963,4.008017883744603,17
3964,3.81613235750569,27
3965,3.4639498393943273,62
3966,4.059170406191984,15
3967,3.695088664780914,36
3968,4.059170406191984,15
3969,3.8483170408770913,25
3970,3.8483170408770913,25
3971,3.8653503801758715,24
3972,3.98453678789508,18
3973,3.94107109411399,20
3974,3.9622603931839278,19
3975,4.008017883744603,17
3976,3.883079147136303,23
3977,3.9622603931839278,19
3978,4.008017883744603,17
3979,3.8319266246889216,26
3980,3.98453678789508,18
3981,3.920867708025703,21
3982,4.059170406191984,15
3983,4.149347036541072,12
3984,4.117162353169671,13
3985,4.087199129792228,14
3986,3.98453678789508,18
3987,4.059170406191984,15
3988,4.087199129792228,14
3989,3.98453678789508,18
3990,3.920867708025703,21
3991,4.087199129792228,14
3992,3.9015625528303164,22
3993,4.087199129792228,14
3994,4.008017883744603,17
3995,3.98453678789508,18
3996,4.059170406191984,15
3997,4.059170406191984,15
3998,4.059170406191984,15
3999,4.786169134128246,2
4000,4.087199129792228,14
4001,3.94107109411399,20
4002,3.4998623952849717,57
4003,3.98453678789508,18
4004,4.032841467469635,16
4005,3.4059578924166405,71
4006,3.920867708025703,21
4007,3.98453678789508,18
4008,4.087199129792228,14
4009,4.309047879408585,8
4010,3.786169134128247,29
4011,3.2948074402939738,92
4012,4.059170406191984,15
4013,4.087199129792228,14
4014,3.94107109411399,20
4015,4.059170406191984,15
4016,4.149347036541072,12
4017,4.059170406191984,15
4018,4.184109142800284,11
4019,3.7192223444976333,34
4020,3.6298219332683224,42
4021,4.184109142800284,11
4022,3.98453678789508,18
4023,3.9622603931839278,19
4024,4.117162353169671,13
4025,4.221897703689684,10
4026,3.7069878880806217,35
4027,4.087199129792228,14
4028,3.7192223444976333,34
4029,4.117162353169671,13
4030,4.032841467469635,16
4031,4.032841467469635,16
4032,3.4437464533060402,65
4033,3.98453678789508,18
4034,4.263290388847909,9
4035,3.731811471805654,33
4036,3.94107109411399,20
4037,4.087199129792228,14
4038,3.800892390948953,28
4039,4.087199129792228,14
4040,3.8319266246889216,26
4041,4.263290388847909,9
4042,4.360200401855965,7
4043,4.008017883744603,17
4044,3.920867708025703,21
4045,3.9622603931839278,19
4046,4.008017883744603,17
4047,4.032841467469635,16
4048,4.059170406191984,15
4049,5.263290388847909,0
4050,4.059170406191984,15
4051,4.117162353169671,13
4052,3.4998623952849717,57
4053,3.94107109411399,20
4054,3.758140410528003,31
4055,4.087199129792228,14
4056,3.883079147136303,23
4057,3.683506792231099,37
4058,4.032841467469635,16
4059,3.731811471805654,33
4060,4.032841467469635,16
4061,3.98453678789508,18
4062,4.149347036541072,12
4063,4.149347036541072,12
4064,3.9622603931839278,19
4065,3.9622603931839278,19
4066,3.98453678789508,18
4067,4.032841467469635,16
4068,4.032841467469635,16
4069,4.087199129792228,14
4070,4.008017883744603,17
4071,4.059170406191984,15
4072,4.360200401855965,7
4073,4.032841467469635,16
4074,4.149347036541072,12
4075,3.7192223444976333,34
4076,3.920867708025703,21
4077,3.9015625528303164,22
4078,4.032841467469635,16
4079,4.059170406191984,15
4080,4.184109142800284,11
4081,4.032841467469635,16
4082,3.98453678789508,18
4083,3.883079147136303,23
4084,4.149347036541072,12
4085,3.8319266246889216,26
4086,4.087199129792228,14
4087,4.032841467469635,16
4088,3.758140410528003,31
4089,3.920867708025703,21
4090,3.98453678789508,18
4091,4.032841467469635,16
4092,4.184109142800284,11
4093,4.087199129792228,14
4094,4.008017883744603,17
4095,4.087199129792228,14
4096,4.117162353169671,13
4097,4.032841467469635,16
4098,3.5911925309121915,46
4099,3.800892390948953,28
4100,4.485139138464265,5
4101,3.9015625528303164,22
4102,3.9622603931839278,19
4103,3.94107109411399,20
4104,3.8483170408770913,25
4105,3.9622603931839278,19
4106,4.032841467469635,16
4107,3.920867708025703,21
4108,3.98453678789508,18
4109,4.263290388847909,9
4110,3.920867708025703,21
4111,4.032841467469635,16
4112,3.661230397519947,39
4113,3.8653503801758715,24
4114,3.786169134128247,29
4115,4.032841467469635,16
4116,3.695088664780914,36
4117,4.008017883744603,17
4118,3.8653503801758715,24
4119,4.117162353169671,13
4120,3.98453678789508,18
4121,3.9622603931839278,19
4122,3.98453678789508,18
4123,4.087199129792228,14
4124,5.263290388847909,0
4125,3.8483170408770913,25
4126,3.920867708025703,21
4127,3.94107109411399,20
4128,3.9622603931839278,19
4129,4.059170406191984,15
4130,4.786169134128246,2
4131,3.7719286950136364,30
4132,3.920867708025703,21
4133,4.008017883744603,17
4134,4.087199129792228,14
4135,4.6612303975199465,3
4136,4.059170406191984,15
4137,3.98453678789508,18
4138,4.309047879408585,8
4139,4.149347036541072,12
4140,3.98453678789508,18
4141,4.184109142800284,11
4142,4.962260393183928,1
4143,4.087199129792228,14
4144,4.008017883744603,17
4145,3.94107109411399,20
4146,3.94107109411399,20
4147,4.032841467469635,16
4148,4.56432038451189,4
4149,3.4437464533060402,65
4150,4.087199129792228,14
4151,4.221897703689684,10
4152,4.059170406191984,15
4153,4.087199129792228,14
4154,3.920867708025703,21
4155,3.94107109411399,20
4156,3.98453678789508,18
4157,4.087199129792228,14
4158,4.032841467469635,16
4159,3.920867708025703,21
4160,4.087199129792228,14
4161,3.81613235750569,27
4162,3.6400410984500087,41
4163,3.98453678789508,18
4164,4.184109142800284,11
4165,4.117162353169671,13
4166,4.184109142800284,11
4167,4.309047879408585,8
4168,4.263290388847909,9
4169,3.920867708025703,21
4170,4.059170406191984,15
4171,4.059170406191984,15
4172,4.087199129792228,14
4173,3.98453678789508,18
4174,4.117162353169671,13
4175,3.9015625528303164,22
4176,4.117162353169671,13
4177,4.184109142800284,11
4178,4.117162353169671,13
4179,3.3390111027860274,83
4180,4.117162353169671,13
4181,4.008017883744603,17
4182,3.94107109411399,20
4183,3.7069878880806217,35
4184,4.059170406191984,15
4185,3.695088664780914,36
4186,3.98453678789508,18
4187,4.184109142800284,11
4188,3.9622603931839278,19
4189,3.94107109411399,20
4190,3.9622603931839278,19
4191,3.9015625528303164,22
4192,3.7719286950136364,30
4193,4.221897703689684,10
4194,3.2720643131554144,97
4195,4.008017883744603,17
4196,3.758140410528003,31
4197,3.81613235750569,27
4198,4.117162353169671,13
4199,4.184109142800284,11
4200,4.56432038451189,4
4201,3.920867708025703,21
4202,4.059170406191984,15
4203,4.059170406191984,15
4204,3.8653503801758715,24
4205,3.9622603931839278,19
4206,3.7719286950136364,30
4207,3.731811471805654,33
4208,3.786169134128247,29
4209,4.008017883744603,17
4210,4.184109142800284,11
4211,3.786169134128247,29
4212,3.8483170408770913,25
4213,3.98453678789508,18
4214,3.7069878880806217,35
4215,4.360200401855965,7
4216,4.008017883744603,17
4217,4.087199129792228,14
4218,3.8653503801758715,24
4219,3.786169134128247,29
4220,3.94107109411399,20
4221,3.9622603931839278,19
4222,4.087199129792228,14
4223,4.149347036541072,12
4224,4.059170406191984,15
4225,4.032841467469635,16
4226,4.221897703689684,10
4227,4.263290388847909,9
4228,4.221897703689684,10
4229,3.98453678789508,18
4230,4.117162353169671,13
4231,3.98453678789508,18
4232,4.087199129792228,14
4233,3.98453678789508,18
4234,4.149347036541072,12
4235,4.263290388847909,9
4236,3.94107109411399,20
4237,3.9622603931839278,19
4238,4.032841467469635,16
4239,3.9015625528303164,22
4240,3.920867708025703,21
4241,3.661230397519947,39
4242,4.008017883744603,17
4243,4.032841467469635,16
4244,3.94107109411399,20
4245,4.149347036541072,12
4246,4.087199129792228,14
4247,3.98453678789508,18
4248,4.032841467469635,16
4249,4.032841467469635,16
4250,4.008017883744603,17
4251,4.032841467469635,16
4252,4.087199129792228,14
4253,4.032841467469635,16
4254,4.032841467469635,16
4255,3.67222578182141,38
4256,4.149347036541072,12
4257,4.149347036541072,12
4258,3.98453678789508,18
4259,4.008017883744603,17
4260,4.360200401855965,7
4261,3.98453678789508,18
4262,4.087199129792228,14
4263,4.032841467469635,16
4264,4.059170406191984,15
4265,4.059170406191984,15
4266,3.98453678789508,18
4267,4.149347036541072,12
4268,4.117162353169671,13
4269,4.184109142800284,11
4270,4.184109142800284,11
4271,4.008017883744603,17
4272,4.059170406191984,15
4273,4.309047879408585,8
4274,4.008017883744603,17
4275,4.059170406191984,15
4276,3.9015625528303164,22
4277,4.008017883744603,17
4278,4.008017883744603,17
4279,4.087199129792228,14
4280,3.98453678789508,18
4281,4.059170406191984,15
4282,4.087199129792228,14
4283,4.117162353169671,13
4284,4.117162353169671,13
4285,4.032841467469635,16
4286,3.9622603931839278,19
4287,3.8483170408770913,25
4288,4.032841467469635,16
4289,4.184109142800284,11
4290,4.221897703689684,10
4291,4.184109142800284,11
4292,3.8319266246889216,26
4293,4.032841467469635,16
4294,3.8653503801758715,24
4295,4.149347036541072,12
4296,3.9015625528303164,22
4297,4.149347036541072,12
4298,3.9015625528303164,22
4299,4.059170406191984,15
4300,4.032841467469635,16
4301,3.94107109411399,20
4302,3.920867708025703,21
4303,4.184109142800284,11
4304,3.920867708025703,21
4305,3.6400410984500087,41
4306,4.008017883744603,17
4307,4.059170406191984,15
4308,3.8319266246889216,26
4309,4.059170406191984,15
4310,3.98453678789508,18
4311,4.087199129792228,14
4312,4.221897703689684,10
4313,4.032841467469635,16
4314,3.9622603931839278,19
4315,4.008017883744603,17
4316,4.149347036541072,12
4317,4.008017883744603,17
4318,4.087199129792228,14
4319,3.9622603931839278,19
4320,3.9622603931839278,19
4321,4.059170406191984,15
4322,3.800892390948953,28
4323,3.98453678789508,18
4324,4.087199129792228,14
4325,4.117162353169671,13
4326,4.149347036541072,12
4327,4.360200401855965,7
4328,4.032841467469635,16
4329,4.117162353169671,13
4330,4.117162353169671,13
4331,4.032841467469635,16
4332,4.032841467469635,16
4333,4.032841467469635,16
4334,3.9622603931839278,19
4335,4.263290388847909,9
4336,4.008017883744603,17
4337,4.032841467469635,16
4338,4.263290388847909,9
4339,4.117162353169671,13
4340,4.087199129792228,14
4341,3.6298219332683224,42
4342,3.81613235750569,27
4343,3.9015625528303164,22
4344,3.5730943088193956,48
4345,4.008017883744603,17
4346,4.032841467469635,16
4347,3.695088664780914,36
4348,4.059170406191984,15
4349,4.087199129792228,14
4350,4.149347036541072,12
4351,4.032841467469635,16
4352,3.7719286950136364,30
4353,4.008017883744603,17
4354,4.117162353169671,13
4355,3.98453678789508,18
4356,4.56432038451189,4
4357,4.117162353169671,13
4358,4.149347036541072,12
4359,4.059170406191984,15
4360,4.418192348833652,6
4361,4.059170406191984,15
4362,4.008017883744603,17
4363,3.98453678789508,18
4364,4.087199129792228,14
4365,4.059170406191984,15
4366,3.5074155331754175,56
4367,4.149347036541072,12
4368,4.087199129792228,14
4369,4.087199129792228,14
4370,4.032841467469635,16
4371,3.98453678789508,18
4372,3.786169134128247,29
4373,4.117162353169671,13
4374,4.059170406191984,15
4375,4.008017883744603,17
4376,4.059170406191984,15
4377,3.9622603931839278,19
4378,3.98453678789508,18
4379,3.883079147136303,23
4380,4.221897703689684,10
4381,4.117162353169671,13
4382,3.94107109411399,20
4383,3.920867708025703,21
4384,4.032841467469635,16
4385,3.920867708025703,21
4386,4.117162353169671,13
4387,4.149347036541072,12
4388,4.059170406191984,15
4389,3.9622603931839278,19
4390,4.008017883744603,17
4391,3.7192223444976333,34
4392,4.087199129792228,14
4393,3.81613235750569,27
4394,4.032841467469635,16
4395,4.059170406191984,15
4396,4.008017883744603,17
4397,4.059170406191984,15
4398,3.81613235750569,27
4399,4.059170406191984,15
4400,3.8653503801758715,24
4401,3.4059578924166405,71
4402,4.309047879408585,8
4403,4.008017883744603,17
4404,4.059170406191984,15
4405,3.94107109411399,20
4406,3.920867708025703,21
4407,3.9015625528303164,22
4408,3.9622603931839278,19
4409,3.7719286950136364,30
4410,3.883079147136303,23
4411,3.98453678789508,18
4412,4.117162353169671,13
4413,4.059170406191984,15
4414,3.9622603931839278,19
4415,4.149347036541072,12
4416,4.008017883744603,17
4417,4.059170406191984,15
4418,4.032841467469635,16
4419,4.008017883744603,17
4420,4.008017883744603,17
4421,3.695088664780914,36
4422,4.087199129792228,14
4423,4.149347036541072,12
4424,4.059170406191984,15
4425,4.263290388847909,9
4426,4.059170406191984,15
4427,4.117162353169671,13
4428,4.149347036541072,12
4429,4.032841467469635,16
4430,3.731811471805654,33
4431,4.117162353169671,13
4432,4.059170406191984,15
4433,3.786169134128247,29
4434,4.087199129792228,14
4435,4.117162353169671,13
4436,3.9015625528303164,22
4437,4.032841467469635,16
4438,3.920867708025703,21
4439,3.8483170408770913,25
4440,4.184109142800284,11
4441,4.008017883744603,17
4442,3.920867708025703,21
4443,4.485139138464265,5
4444,4.032841467469635,16
4445,4.117162353169671,13
4446,4.117162353169671,13
4447,4.032841467469635,16
4448,4.032841467469635,16
4449,4.360200401855965,7
4450,3.98453678789508,18
4451,4.117162353169671,13
4452,4.008017883744603,17
4453,4.087199129792228,14
4454,4.117162353169671,13
4455,4.360200401855965,7
4456,4.059170406191984,15
4457,3.9622603931839278,19
4458,4.6612303975199465,3
4459,3.98453678789508,18
4460,3.9622603931839278,19
4461,3.9622603931839278,19
4462,4.032841467469635,16
4463,4.087199129792228,14
4464,3.94107109411399,20
4465,4.087199129792228,14
4466,3.9622603931839278,19
4467,4.56432038451189,4
4468,4.008017883744603,17
4469,4.56432038451189,4
4470,4.008017883744603,17
4471,4.263290388847909,9
4472,3.6505065321281736,40
4473,4.059170406191984,15
4474,4.117162353169671,13
4475,4.184109142800284,11
4476,4.263290388847909,9
4477,4.184109142800284,11
4478,4.263290388847909,9
4479,4.032841467469635,16
4480,4.032841467469635,16
4481,3.8653503801758715,24
4482,4.032841467469635,16
4483,3.7192223444976333,34
4484,4.149347036541072,12
4485,4.087199129792228,14
4486,4.117162353169671,13
4487,4.008017883744603,17
4488,3.6505065321281736,40
4489,4.008017883744603,17
4490,3.5308966290249404,53
4491,4.087199129792228,14
4492,3.9622603931839278,19
4493,4.032841467469635,16
4494,4.184109142800284,11
4495,3.731811471805654,33
4496,4.032841467469635,16
4497,4.360200401855965,7
4498,4.059170406191984,15
4499,4.032841467469635,16
4500,4.263290388847909,9
4501,3.98453678789508,18
4502,4.221897703689684,10
4503,4.032841467469635,16
4504,3.8483170408770913,25
4505,3.98453678789508,18
4506,4.008017883744603,17
4507,4.087199129792228,14
4508,4.184109142800284,11
4509,4.059170406191984,15
4510,3.883079147136303,23
4511,3.9622603931839278,19
4512,4.309047879408585,8
4513,3.786169134128247,29
4514,4.221897703689684,10
4515,3.98453678789508,18
4516,4.56432038451189,4
4517,4.059170406191984,15
4518,3.98453678789508,18
4519,4.962260393183928,1
4520,3.98453678789508,18
4521,4.087199129792228,14
4522,4.008017883744603,17
4523,4.032841467469635,16
4524,3.758140410528003,31
4525,3.81613235750569,27
4526,3.3442122964718353,82
4527,3.81613235750569,27
4528,3.8483170408770913,25
4529,4.087199129792228,14
4530,3.94107109411399,20
4531,3.9622603931839278,19
4532,3.731811471805654,33
4533,4.149347036541072,12
4534,4.263290388847909,9
4535,4.032841467469635,16
4536,3.81613235750569,27
4537,3.920867708025703,21
4538,3.94107109411399,20
4539,4.059170406191984,15
4540,3.9622603931839278,19
4541,4.087199129792228,14
4542,4.087199129792228,14
4543,4.032841467469635,16
4544,4.059170406191984,15
4545,4.184109142800284,11
4546,3.731811471805654,33
4547,4.309047879408585,8
4548,3.8653503801758715,24
4549,4.032841467469635,16
4550,4.263290388847909,9
4551,3.9622603931839278,19
4552,3.7719286950136364,30
4553,4.418192348833652,6
4554,4.087199129792228,14
4555,4.117162353169671,13
4556,4.032841467469635,16
4557,4.418192348833652,6
4558,4.184109142800284,11
4559,4.117162353169671,13
4560,3.9622603931839278,19
4561,4.184109142800284,11
4562,3.9015625528303164,22
4563,3.7719286950136364,30
4564,3.883079147136303,23
4565,4.087199129792228,14
4566,4.032841467469635,16
4567,4.032841467469635,16
4568,4.117162353169671,13
4569,4.032841467469635,16
4570,4.032841467469635,16
4571,5.263290388847909,0
4572,4.087199129792228,14
4573,3.883079147136303,23
4574,4.032841467469635,16
4575,4.032841467469635,16
4576,4.786169134128246,2
4577,4.032841467469635,16
4578,3.731811471805654,33
4579,4.008017883744603,17
4580,4.309047879408585,8
4581,4.032841467469635,16
4582,4.221897703689684,10
4583,3.8483170408770913,25
4584,4.087199129792228,14
4585,4.117162353169671,13
4586,3.9622603931839278,19
4587,4.032841467469635,16
4588,3.9622603931839278,19
4589,4.149347036541072,12
4590,4.117162353169671,13
4591,4.087199129792228,14
4592,4.008017883744603,17
4593,3.94107109411399,20
4594,4.032841467469635,16
4595,4.087199129792228,14
4596,3.9622603931839278,19
4597,4.008017883744603,17
4598,4.008017883744603,17
4599,3.9622603931839278,19
4600,4.008017883744603,17
4601,4.059170406191984,15
4602,3.98453678789508,18
4603,3.98453678789508,18
4604,3.9622603931839278,19
4605,4.149347036541072,12
4606,4.059170406191984,15
4607,4.087199129792228,14
4608,4.149347036541072,12
4609,4.221897703689684,10
4610,4.008017883744603,17
4611,4.117162353169671,13
4612,4.117162353169671,13
4613,4.360200401855965,7
4614,4.087199129792228,14
4615,4.059170406191984,15
4616,4.56432038451189,4
4617,4.117162353169671,13
4618,4.087199129792228,14
4619,3.920867708025703,21
4620,4.087199129792228,14
4621,4.184109142800284,11
4622,4.032841467469635,16
4623,4.149347036541072,12
4624,4.032841467469635,16
4625,4.117162353169671,13
4626,4.184109142800284,11
4627,4.221897703689684,10
4628,4.117162353169671,13
4629,3.883079147136303,23
4630,4.059170406191984,15
4631,4.032841467469635,16
4632,4.032841467469635,16
4633,4.087199129792228,14
4634,4.117162353169671,13
4635,4.032841467469635,16
4636,4.117162353169671,13
4637,4.032841467469635,16
4638,3.94107109411399,20
4639,4.117162353169671,13
4640,4.008017883744603,17
4641,4.117162353169671,13
4642,4.184109142800284,11
4643,4.221897703689684,10
4644,4.184109142800284,11
4645,3.786169134128247,29
4646,3.920867708025703,21
4647,3.920867708025703,21
4648,3.9622603931839278,19
4649,3.7192223444976333,34
4650,4.059170406191984,15
4651,4.032841467469635,16
4652,3.98453678789508,18
4653,4.032841467469635,16
4654,4.221897703689684,10
4655,4.117162353169671,13
4656,4.087199129792228,14
4657,4.059170406191984,15
4658,3.8483170408770913,25
4659,4.059170406191984,15
4660,4.059170406191984,15
4661,4.059170406191984,15
4662,3.6298219332683224,42
4663,3.7719286950136364,30
4664,3.920867708025703,21
4665,4.008017883744603,17
4666,4.032841467469635,16
4667,4.418192348833652,6
4668,3.800892390948953,28
4669,4.087199129792228,14
4670,4.149347036541072,12
4671,4.059170406191984,15
4672,4.008017883744603,17
4673,4.032841467469635,16
4674,4.087199129792228,14
4675,4.263290388847909,9
4676,3.683506792231099,37
4677,4.184109142800284,11
4678,4.032841467469635,16
4679,4.263290388847909,9
4680,4.032841467469635,16
4681,4.418192348833652,6
4682,3.9622603931839278,19
4683,4.008017883744603,17
4684,4.418192348833652,6
4685,4.008017883744603,17
4686,4.059170406191984,15
4687,4.032841467469635,16
4688,4.059170406191984,15
4689,4.008017883744603,17
4690,4.087199129792228,14
4691,4.032841467469635,16
4692,4.008017883744603,17
4693,4.087199129792228,14
4694,4.962260393183928,1
4695,3.683506792231099,37
4696,4.117162353169671,13
4697,3.9622603931839278,19
4698,4.221897703689684,10
4699,3.883079147136303,23
4700,4.418192348833652,6
4701,4.149347036541072,12
4702,4.059170406191984,15
4703,3.98453678789508,18
4704,3.9622603931839278,19
4705,3.7719286950136364,30
4706,3.9622603931839278,19
4707,3.600532557166335,45
4708,3.9015625528303164,22
4709,3.9622603931839278,19
4710,4.008017883744603,17
4711,4.032841467469635,16
4712,4.059170406191984,15
4713,4.087199129792228,14
4714,3.920867708025703,21
4715,4.149347036541072,12
4716,4.309047879408585,8
4717,4.059170406191984,15
4718,4.059170406191984,15
4719,4.6612303975199465,3
4720,4.149347036541072,12
4721,3.9622603931839278,19
4722,4.117162353169671,13
4723,3.98453678789508,18
4724,4.087199129792228,14
4725,4.087199129792228,14
4726,3.758140410528003,31
4727,4.149347036541072,12
4728,4.008017883744603,17
4729,4.059170406191984,15
4730,3.98453678789508,18
4731,3.98453678789508,18
4732,4.149347036541072,12
4733,4.032841467469635,16
4734,3.9622603931839278,19
4735,4.032841467469635,16
4736,3.94107109411399,20
4737,4.149347036541072,12
4738,4.032841467469635,16
4739,4.059170406191984,15
4740,3.98453678789508,18
4741,3.883079147136303,23
4742,3.8483170408770913,25
4743,4.008017883744603,17
4744,4.008017883744603,17
4745,3.8319266246889216,26
4746,4.117162353169671,13
4747,4.059170406191984,15
4748,4.087199129792228,14
4749,4.087199129792228,14
4750,4.117162353169671,13
4751,4.059170406191984,15
4752,4.032841467469635,16
4753,3.800892390948953,28
4754,3.98453678789508,18
4755,4.117162353169671,13
4756,4.059170406191984,15
4757,4.087199129792228,14
4758,4.117162353169671,13
4759,4.221897703689684,10
4760,4.087199129792228,14
4761,3.98453678789508,18
4762,3.9622603931839278,19
4763,4.221897703689684,10
4764,4.032841467469635,16
4765,4.032841467469635,16
4766,3.94107109411399,20
4767,4.032841467469635,16
4768,4.059170406191984,15
4769,4.032841467469635,16
4770,4.059170406191984,15
4771,4.117162353169671,13
4772,4.087199129792228,14
4773,4.485139138464265,5
4774,4.059170406191984,15
4775,3.8483170408770913,25
4776,4.360200401855965,7
4777,4.087199129792228,14
4778,4.032841467469635,16
4779,4.962260393183928,1
4780,4.56432038451189,4
4781,4.087199129792228,14
4782,3.758140410528003,31
4783,4.032841467469635,16
4784,3.8483170408770913,25
4785,3.98453678789508,18
4786,3.8653503801758715,24
4787,4.032841467469635,16
4788,3.94107109411399,20
4789,3.81613235750569,27
4790,4.117162353169671,13
4791,4.087199129792228,14
4792,4.059170406191984,15
4793,4.008017883744603,17
4794,4.360200401855965,7
4795,4.117162353169671,13
4796,4.418192348833652,6
4797,4.149347036541072,12
4798,3.7719286950136364,30
4799,4.149347036541072,12
4800,3.9015625528303164,22
4801,3.6505065321281736,40
4802,4.117162353169671,13
4803,4.485139138464265,5
4804,3.9622603931839278,19
4805,4.032841467469635,16
4806,3.98453678789508,18
4807,4.008017883744603,17
4808,4.008017883744603,17
4809,4.008017883744603,17
4810,3.98453678789508,18
4811,3.758140410528003,31
4812,4.149347036541072,12
4813,4.117162353169671,13
4814,3.9015625528303164,22
4815,4.087199129792228,14
4816,4.032841467469635,16
4817,4.149347036541072,12
4818,4.059170406191984,15
4819,4.962260393183928,1
4820,3.786169134128247,29
4821,3.7719286950136364,30
4822,4.149347036541072,12
4823,4.087199129792228,14
4824,4.059170406191984,15
4825,4.149347036541072,12
4826,3.9015625528303164,22
4827,4.117162353169671,13
4828,3.94107109411399,20
4829,4.059170406191984,15
4830,4.418192348833652,6
4831,4.309047879408585,8
4832,4.059170406191984,15
4833,5.263290388847909,0
4834,4.117162353169671,13
4835,4.008017883744603,17
4836,4.032841467469635,16
4837,4.485139138464265,5
4838,4.032841467469635,16
4839,3.731811471805654,33
4840,2.9248338952433044,217
4841,3.94107109411399,20
4842,4.184109142800284,11
4843,3.9622603931839278,19
4844,3.7447764489700215,32
4845,4.032841467469635,16
4846,3.758140410528003,31
4847,3.9015625528303164,22
4848,3.7447764489700215,32
4849,4.149347036541072,12
4850,3.920867708025703,21
4851,4.059170406191984,15
4852,4.032841467469635,16
4853,3.457110414864022,63
4854,3.920867708025703,21
4855,4.087199129792228,14
4856,4.008017883744603,17
4857,4.032841467469635,16
4858,4.008017883744603,17
4859,3.9015625528303164,22
4860,3.9015625528303164,22
4861,4.087199129792228,14
4862,4.059170406191984,15
4863,4.087199129792228,14
4864,4.032841467469635,16
4865,4.059170406191984,15
4866,3.94107109411399,20
4867,4.008017883744603,17
4868,3.9622603931839278,19
4869,4.149347036541072,12
4870,3.9015625528303164,22
4871,3.7719286950136364,30
4872,4.059170406191984,15
4873,3.786169134128247,29
4874,3.98453678789508,18
4875,4.059170406191984,15
4876,3.9622603931839278,19
4877,4.032841467469635,16
4878,4.059170406191984,15
4879,4.059170406191984,15
4880,3.7719286950136364,30
4881,4.117162353169671,13
4882,4.117162353169671,13
4883,4.059170406191984,15
4884,4.008017883744603,17
4885,4.059170406191984,15
4886,4.087199129792228,14
4887,3.9622603931839278,19
4888,4.184109142800284,11
4889,4.059170406191984,15
4890,4.032841467469635,16
4891,4.008017883744603,17
4892,4.059170406191984,15
4893,4.962260393183928,1
4894,4.149347036541072,12
4895,4.087199129792228,14
4896,4.087199129792228,14
4897,3.7192223444976333,34
4898,4.087199129792228,14
4899,3.6298219332683224,42
4900,4.059170406191984,15
4901,4.263290388847909,9
4902,4.221897703689684,10
4903,4.087199129792228,14
4904,4.032841467469635,16
4905,3.8483170408770913,25
4906,3.9622603931839278,19
4907,4.032841467469635,16
4908,4.309047879408585,8
4909,3.98453678789508,18
4910,3.8483170408770913,25
4911,3.920867708025703,21
4912,4.117162353169671,13
4913,3.920867708025703,21
4914,4.032841467469635,16
4915,3.758140410528003,31
4916,4.087199129792228,14
4917,4.059170406191984,15
4918,4.117162353169671,13
4919,3.7447764489700215,32
4920,4.360200401855965,7
4921,4.032841467469635,16
4922,4.117162353169671,13
4923,4.032841467469635,16
4924,4.6612303975199465,3
4925,4.032841467469635,16
4926,4.059170406191984,15
4927,4.087199129792228,14
4928,3.98453678789508,18
4929,4.56432038451189,4
4930,4.263290388847909,9
4931,3.8653503801758715,24
4932,4.149347036541072,12
4933,4.059170406191984,15
4934,4.117162353169671,13
4935,5.263290388847909,0
4936,3.98453678789508,18
4937,4.059170406191984,15
4938,4.149347036541072,12
4939,4.184109142800284,11
4940,3.6505065321281736,40
4941,3.9622603931839278,19
4942,4.117162353169671,13
4943,4.087199129792228,14
4944,3.920867708025703,21
4945,4.008017883744603,17
4946,4.309047879408585,8
4947,4.418192348833652,6
4948,4.117162353169671,13
4949,3.883079147136303,23
4950,4.087199129792228,14
4951,4.263290388847909,9
4952,4.087199129792228,14
4953,3.94107109411399,20
4954,3.94107109411399,20
4955,3.8653503801758715,24
4956,3.9622603931839278,19
4957,3.94107109411399,20
4958,3.8653503801758715,24
4959,3.920867708025703,21
4960,4.008017883744603,17
4961,3.800892390948953,28
4962,3.98453678789508,18
4963,3.8319266246889216,26
4964,4.059170406191984,15
4965,4.149347036541072,12
4966,3.9622603931839278,19
4967,3.98453678789508,18
4968,4.008017883744603,17
4969,4.059170406191984,15
4970,4.087199129792228,14
4971,5.263290388847909,0
4972,4.221897703689684,10
4973,3.8653503801758715,24
4974,4.418192348833652,6
4975,3.8483170408770913,25
4976,3.94107109411399,20
4977,4.059170406191984,15
4978,4.059170406191984,15
4979,4.087199129792228,14
4980,4.087199129792228,14
4981,4.008017883744603,17
4982,3.7192223444976333,34
4983,4.008017883744603,17
4984,4.032841467469635,16
4985,4.032841467469635,16
4986,3.786169134128247,29
4987,4.059170406191984,15
4988,3.98453678789508,18
4989,4.032841467469635,16
4990,3.98453678789508,18
4991,3.67222578182141,38
4992,4.032841467469635,16
4993,4.56432038451189,4
4994,4.008017883744603,17
4995,4.087199129792228,14
4996,4.117162353169671,13
4997,4.008017883744603,17
4998,4.059170406191984,15
4999,4.032841467469635,16
5000,4.032841467469635,16
5001,4.032841467469635,16
5002,4.309047879408585,8
5003,4.184109142800284,11
5004,4.6612303975199465,3
5005,4.149347036541072,12
5006,3.9015625528303164,22
5007,3.8653503801758715,24
5008,3.9622603931839278,19
5009,3.81613235750569,27
5010,3.9622603931839278,19
5011,4.008017883744603,17
5012,4.008017883744603,17
5013,3.7192223444976333,34
5014,4.184109142800284,11
5015,4.008017883744603,17
5016,4.263290388847909,9
5017,3.920867708025703,21
5018,4.008017883744603,17
5019,3.94107109411399,20
5020,3.9015625528303164,22
5021,4.087199129792228,14
5022,4.117162353169671,13
5023,3.9622603931839278,19
5024,3.424441298110654,68
5025,4.059170406191984,15
5026,4.117162353169671,13
5027,4.149347036541072,12
5028,3.98453678789508,18
5029,4.008017883744603,17
5030,4.149347036541072,12
5031,4.6612303975199465,3
5032,3.9622603931839278,19
5033,4.032841467469635,16
5034,3.53901451924712,52
5035,3.7192223444976333,34
5036,3.7719286950136364,30
5037,4.032841467469635,16
5038,3.9622603931839278,19
5039,3.920867708025703,21
5040,3.9622603931839278,19
5041,4.059170406191984,15
5042,4.008017883744603,17
5043,4.059170406191984,15
5044,4.032841467469635,16
5045,3.9622603931839278,19
5046,3.94107109411399,20
5047,3.8483170408770913,25
5048,4.117162353169671,13
5049,3.81613235750569,27
5050,4.008017883744603,17
5051,3.98453678789508,18
5052,4.008017883744603,17
5053,3.883079147136303,23
5054,4.032841467469635,16
5055,4.032841467469635,16
5056,3.98453678789508,18
5057,3.7069878880806217,35
5058,3.7192223444976333,34
5059,4.087199129792228,14
5060,4.032841467469635,16
5061,3.8319266246889216,26
5062,4.032841467469635,16
5063,4.087199129792228,14
5064,4.184109142800284,11
5065,4.008017883744603,17
5066,4.56432038451189,4
5067,4.032841467469635,16
5068,4.032841467469635,16
5069,4.032841467469635,16
5070,3.9015625528303164,22
5071,4.117162353169671,13
5072,4.032841467469635,16
5073,4.087199129792228,14
5074,3.81613235750569,27
5075,4.032841467469635,16
5076,3.9622603931839278,19
5077,4.087199129792228,14
5078,4.059170406191984,15
5079,3.695088664780914,36
5080,3.8483170408770913,25
5081,3.98453678789508,18
5082,4.059170406191984,15
5083,3.8319266246889216,26
5084,4.008017883744603,17
5085,3.920867708025703,21
5086,3.94107109411399,20
5087,4.087199129792228,14
5088,4.032841467469635,16
5089,3.9622603931839278,19
5090,4.059170406191984,15
5091,3.98453678789508,18
5092,4.032841467469635,16
5093,3.883079147136303,23
5094,3.98453678789508,18
5095,3.2901625352482102,93
5096,3.9015625528303164,22
5097,4.059170406191984,15
5098,4.087199129792228,14
5099,3.98453678789508,18
5100,3.81613235750569,27
5101,3.883079147136303,23
5102,4.087199129792228,14
5103,4.087199129792228,14
5104,3.94107109411399,20
5105,3.7719286950136364,30
5106,3.9622603931839278,19
5107,3.98453678789508,18
5108,3.4998623952849717,57
5109,4.263290388847909,9
5110,4.032841467469635,16
5111,4.117162353169671,13
5112,4.059170406191984,15
5113,3.98453678789508,18
5114,3.81613235750569,27
5115,3.7447764489700215,32
5116,4.087199129792228,14
5117,4.008017883744603,17
5118,3.920867708025703,21
5119,3.6298219332683224,42
5120,4.149347036541072,12
5121,3.98453678789508,18
5122,4.087199129792228,14
5123,4.309047879408585,8
5124,4.56432038451189,4
5125,4.149347036541072,12
5126,3.9622603931839278,19
5127,3.9622603931839278,19
5128,4.087199129792228,14
5129,4.149347036541072,12
5130,3.9622603931839278,19
5131,3.9015625528303164,22
5132,4.059170406191984,15
5133,3.98453678789508,18
5134,3.9015625528303164,22
5135,4.032841467469635,16
5136,3.7719286950136364,30
5137,3.3602004018559657,79
5138,4.008017883744603,17
5139,4.059170406191984,15
5140,4.087199129792228,14
5141,5.263290388847909,0
5142,4.087199129792228,14
5143,4.184109142800284,11
5144,4.184109142800284,11
5145,4.149347036541072,12
5146,4.360200401855965,7
5147,3.94107109411399,20
5148,4.032841467469635,16
5149,4.087199129792228,14
5150,3.883079147136303,23
5151,4.008017883744603,17
5152,3.7447764489700215,32
5153,4.008017883744603,17
5154,3.800892390948953,28
5155,4.008017883744603,17
5156,4.6612303975199465,3
5157,3.9622603931839278,19
5158,3.9015625528303164,22
5159,3.67222578182141,38
5160,4.087199129792228,14
5161,4.149347036541072,12
5162,3.800892390948953,28
5163,4.008017883744603,17
5164,4.032841467469635,16
5165,3.94107109411399,20
5166,4.087199129792228,14
5167,3.4372155861470826,66
5168,4.008017883744603,17
5169,4.117162353169671,13
5170,3.98453678789508,18
5171,3.5557202127499727,50
5172,3.9015625528303164,22
5173,3.94107109411399,20
5174,3.8319266246889216,26
5175,4.032841467469635,16
5176,4.087199129792228,14
5177,4.117162353169671,13
5178,4.032841467469635,16
5179,3.786169134128247,29
5180,4.032841467469635,16
5181,3.9622603931839278,19
5182,3.94107109411399,20
5183,4.087199129792228,14
5184,4.117162353169671,13
5185,4.087199129792228,14
5186,4.117162353169671,13
5187,4.087199129792228,14
5188,4.032841467469635,16
5189,4.032841467469635,16
5190,4.059170406191984,15
5191,3.9015625528303164,22
5192,4.149347036541072,12
5193,3.800892390948953,28
5194,3.98453678789508,18
5195,4.263290388847909,9
5196,4.059170406191984,15
5197,4.117162353169671,13
5198,4.485139138464265,5
5199,4.087199129792228,14
5200,3.9622603931839278,19
5201,4.059170406191984,15
5202,4.032841467469635,16
5203,4.117162353169671,13
5204,3.9622603931839278,19
5205,4.117162353169671,13
5206,4.087199129792228,14
5207,4.56432038451189,4
5208,4.117162353169671,13
5209,4.117162353169671,13
5210,3.98453678789508,18
5211,4.087199129792228,14
5212,4.087199129792228,14
5213,3.758140410528003,31
5214,4.059170406191984,15
5215,4.032841467469635,16
5216,4.087199129792228,14
5217,3.94107109411399,20
5218,4.263290388847909,9
5219,4.149347036541072,12
5220,4.032841467469635,16
5221,4.032841467469635,16
5222,3.7447764489700215,32
5223,4.008017883744603,17
5224,4.008017883744603,17
5225,4.418192348833652,6
5226,4.184109142800284,11
5227,3.8653503801758715,24
5228,4.221897703689684,10
5229,4.059170406191984,15
5230,3.8653503801758715,24
5231,4.149347036541072,12
5232,4.221897703689684,10
5233,4.117162353169671,13
5234,4.149347036541072,12
5235,4.008017883744603,17
5236,3.98453678789508,18
5237,4.087199129792228,14
5238,4.962260393183928,1
5239,4.087199129792228,14
5240,4.059170406191984,15
5241,4.117162353169671,13
5242,4.032841467469635,16
5243,3.98453678789508,18
5244,4.087199129792228,14
5245,4.087199129792228,14
5246,4.263290388847909,9
5247,4.008017883744603,17
5248,4.117162353169671,13
5249,3.695088664780914,36
5250,3.695088664780914,36
5251,4.221897703689684,10
5252,4.059170406191984,15
5253,3.98453678789508,18
5254,4.008017883744603,17
5255,4.008017883744603,17
5256,4.032841467469635,16
5257,4.087199129792228,14
5258,4.087199129792228,14
5259,4.032841467469635,16
5260,4.059170406191984,15
5261,4.117162353169671,13
5262,3.8653503801758715,24
5263,3.98453678789508,18
5264,3.9622603931839278,19
5265,4.149347036541072,12
5266,4.149347036541072,12
5267,3.9622603931839278,19
5268,3.731811471805654,33
5269,3.683506792231099,37
5270,3.98453678789508,18
5271,4.117162353169671,13
5272,4.149347036541072,12
5273,4.008017883744603,17
5274,3.94107109411399,20
5275,4.032841467469635,16
5276,4.087199129792228,14
5277,3.7447764489700215,32
5278,4.087199129792228,14
5279,4.059170406191984,15
5280,3.98453678789508,18
5281,4.263290388847909,9
5282,3.883079147136303,23
5283,4.032841467469635,16
5284,4.087199129792228,14
5285,4.087199129792228,14
5286,4.149347036541072,12
5287,3.98453678789508,18
5288,4.418192348833652,6
5289,4.117162353169671,13
5290,3.94107109411399,20
5291,4.184109142800284,11
5292,3.920867708025703,21
5293,4.059170406191984,15
5294,3.920867708025703,21
5295,4.008017883744603,17
5296,4.032841467469635,16
5297,4.032841467469635,16
5298,4.008017883744603,17
5299,4.087199129792228,14
5300,3.758140410528003,31
5301,4.962260393183928,1
5302,4.485139138464265,5
5303,4.360200401855965,7
5304,4.149347036541072,12
5305,4.032841467469635,16
5306,3.98453678789508,18
5307,4.149347036541072,12
5308,4.149347036541072,12
5309,4.059170406191984,15
5310,4.008017883744603,17
5311,3.94107109411399,20
5312,4.008017883744603,17
5313,4.418192348833652,6
5314,4.962260393183928,1
5315,4.184109142800284,11
5316,3.695088664780914,36
5317,4.117162353169671,13
5318,3.920867708025703,21
5319,4.008017883744603,17
5320,4.087199129792228,14
5321,4.032841467469635,16
5322,3.98453678789508,18
5323,4.008017883744603,17
5324,4.008017883744603,17
5325,4.149347036541072,12
5326,4.032841467469635,16
5327,3.9622603931839278,19
5328,4.786169134128246,2
5329,4.149347036541072,12
5330,4.117162353169671,13
5331,4.418192348833652,6
5332,4.149347036541072,12
5333,4.032841467469635,16
5334,3.98453678789508,18
5335,4.149347036541072,12
5336,3.9622603931839278,19
5337,4.032841467469635,16
5338,4.117162353169671,13
5339,4.059170406191984,15
5340,4.008017883744603,17
5341,4.008017883744603,17
5342,4.059170406191984,15
5343,4.149347036541072,12
5344,4.032841467469635,16
5345,4.117162353169671,13
5346,4.032841467469635,16
5347,4.059170406191984,15
5348,4.117162353169671,13
5349,4.184109142800284,11
5350,3.9622603931839278,19
5351,4.032841467469635,16
5352,4.087199129792228,14
5353,4.184109142800284,11
5354,4.032841467469635,16
5355,3.920867708025703,21
5356,4.184109142800284,11
5357,4.087199129792228,14
5358,3.94107109411399,20
5359,3.9622603931839278,19
5360,4.221897703689684,10
5361,4.008017883744603,17
5362,4.184109142800284,11
5363,4.184109142800284,11
5364,3.683506792231099,37
5365,4.149347036541072,12
5366,4.786169134128246,2
5367,4.263290388847909,9
5368,3.9015625528303164,22
5369,4.087199129792228,14
5370,4.032841467469635,16
5371,4.059170406191984,15
5372,3.661230397519947,39
5373,3.98453678789508,18
5374,4.008017883744603,17
5375,5.263290388847909,0
5376,4.032841467469635,16
5377,4.032841467469635,16
5378,4.117162353169671,13
5379,4.087199129792228,14
5380,4.149347036541072,12
5381,4.184109142800284,11
5382,4.008017883744603,17
5383,4.087199129792228,14
5384,4.149347036541072,12
5385,4.117162353169671,13
5386,4.184109142800284,11
5387,4.221897703689684,10
5388,3.786169134128247,29
5389,4.962260393183928,1
5390,4.184109142800284,11
5391,4.032841467469635,16
5392,4.117162353169671,13
5393,4.059170406191984,15
5394,4.008017883744603,17
5395,3.683506792231099,37
5396,4.087199129792228,14
5397,4.059170406191984,15
5398,3.94107109411399,20
5399,4.032841467469635,16
5400,3.9622603931839278,19
5401,4.087199129792228,14
5402,4.117162353169671,13
5403,4.117162353169671,13
5404,4.059170406191984,15
5405,4.008017883744603,17
5406,3.98453678789508,18
5407,3.4437464533060402,65
5408,4.485139138464265,5
5409,4.032841467469635,16
5410,4.059170406191984,15
5411,4.087199129792228,14
5412,4.360200401855965,7
5413,4.360200401855965,7
5414,4.418192348833652,6
5415,4.117162353169671,13
5416,4.221897703689684,10
5417,4.221897703689684,10
5418,3.8483170408770913,25
5419,4.117162353169671,13
5420,4.008017883744603,17
5421,4.087199129792228,14
5422,4.087199129792228,14
5423,4.360200401855965,7
5424,4.149347036541072,12
5425,4.962260393183928,1
5426,4.059170406191984,15
5427,3.9015625528303164,22
5428,4.6612303975199465,3
5429,4.263290388847909,9
5430,3.8653503801758715,24
5431,4.059170406191984,15
5432,3.7719286950136364,30
5433,3.98453678789508,18
5434,4.418192348833652,6
5435,3.920867708025703,21
5436,3.883079147136303,23
5437,3.9015625528303164,22
5438,4.032841467469635,16
5439,4.032841467469635,16
5440,4.008017883744603,17
5441,4.087199129792228,14
5442,3.98453678789508,18
5443,4.032841467469635,16
5444,4.360200401855965,7
5445,3.3711957861574287,77
5446,4.418192348833652,6
5447,3.920867708025703,21
5448,3.8319266246889216,26
5449,3.94107109411399,20
5450,3.800892390948953,28
5451,3.661230397519947,39
5452,3.683506792231099,37
5453,4.032841467469635,16
5454,4.309047879408585,8
5455,4.360200401855965,7
5456,4.360200401855965,7
5457,4.087199129792228,14
5458,4.059170406191984,15
5459,4.309047879408585,8
5460,4.032841467469635,16
5461,3.7447764489700215,32
5462,4.117162353169671,13
5463,3.98453678789508,18
5464,4.087199129792228,14
5465,4.008017883744603,17
5466,4.184109142800284,11
5467,4.032841467469635,16
5468,4.087199129792228,14
5469,4.263290388847909,9
5470,3.9015625528303164,22
5471,4.418192348833652,6
5472,3.786169134128247,29
5473,4.059170406191984,15
5474,4.087199129792228,14
5475,4.059170406191984,15
5476,3.98453678789508,18
5477,4.008017883744603,17
5478,3.98453678789508,18
5479,4.008017883744603,17
5480,4.059170406191984,15
5481,4.059170406191984,15
5482,4.059170406191984,15
5483,4.059170406191984,15
5484,4.149347036541072,12
5485,4.117162353169671,13
5486,4.032841467469635,16
5487,4.008017883744603,17
5488,4.087199129792228,14
5489,4.149347036541072,12
5490,4.485139138464265,5
5491,4.149347036541072,12
5492,4.087199129792228,14
5493,4.149347036541072,12
5494,4.117162353169671,13
5495,3.98453678789508,18
5496,4.059170406191984,15
5497,4.087199129792228,14
5498,4.087199129792228,14
5499,4.56432038451189,4
5500,4.221897703689684,10
5501,4.087199129792228,14
5502,4.117162353169671,13
5503,4.087199129792228,14
5504,4.184109142800284,11
5505,4.184109142800284,11
5506,4.263290388847909,9
5507,4.008017883744603,17
5508,3.81613235750569,27
5509,4.184109142800284,11
5510,4.032841467469635,16
5511,3.9622603931839278,19
5512,4.008017883744603,17
5513,4.117162353169671,13
5514,4.184109142800284,11
5515,4.087199129792228,14
5516,4.087199129792228,14
5517,3.81613235750569,27
5518,3.8483170408770913,25
5519,4.087199129792228,14
5520,4.059170406191984,15
5521,4.149347036541072,12
5522,4.059170406191984,15
5523,3.98453678789508,18
5524,4.221897703689684,10
5525,4.059170406191984,15
5526,4.087199129792228,14
5527,4.184109142800284,11
5528,3.920867708025703,21
5529,3.9622603931839278,19
5530,3.920867708025703,21
5531,4.087199129792228,14
5532,3.94107109411399,20
5533,4.059170406191984,15
5534,4.149347036541072,12
5535,4.117162353169671,13
5536,5.263290388847909,0
5537,3.883079147136303,23
5538,4.149347036541072,12
5539,4.149347036541072,12
5540,4.008017883744603,17
5541,3.98453678789508,18
5542,4.56432038451189,4
5543,4.032841467469635,16
5544,4.059170406191984,15
5545,4.032841467469635,16
5546,3.800892390948953,28
5547,4.008017883744603,17
5548,4.360200401855965,7
5549,4.263290388847909,9
5550,4.184109142800284,11
5551,3.98453678789508,18
5552,4.117162353169671,13
5553,4.059170406191984,15
5554,4.087199129792228,14
5555,3.7192223444976333,34
5556,4.059170406191984,15
5557,4.059170406191984,15
5558,4.059170406191984,15
5559,4.962260393183928,1
5560,4.263290388847909,9
5561,4.059170406191984,15
5562,3.920867708025703,21
5563,4.008017883744603,17
5564,3.9622603931839278,19
5565,4.221897703689684,10
5566,4.032841467469635,16
5567,3.7719286950136364,30
5568,4.360200401855965,7
5569,3.9015625528303164,22
5570,4.087199129792228,14
5571,3.7447764489700215,32
5572,4.56432038451189,4
5573,4.032841467469635,16
5574,4.184109142800284,11
5575,4.032841467469635,16
5576,4.087199129792228,14
5577,4.149347036541072,12
5578,4.184109142800284,11
5579,4.059170406191984,15
5580,3.800892390948953,28
5581,4.087199129792228,14
5582,4.059170406191984,15
5583,4.059170406191984,15
5584,3.8483170408770913,25
5585,3.98453678789508,18
5586,4.059170406191984,15
5587,4.059170406191984,15
5588,4.032841467469635,16
5589,4.008017883744603,17
5590,4.087199129792228,14
5591,4.149347036541072,12
5592,4.087199129792228,14
5593,4.263290388847909,9
5594,4.263290388847909,9
5595,4.221897703689684,10
5596,4.008017883744603,17
5597,4.087199129792228,14
5598,4.962260393183928,1
5599,4.117162353169671,13
5600,4.059170406191984,15
5601,4.087199129792228,14
5602,4.485139138464265,5
5603,4.059170406191984,15
5604,4.087199129792228,14
5605,4.962260393183928,1
5606,4.008017883744603,17
5607,4.149347036541072,12
5608,4.059170406191984,15
5609,3.920867708025703,21
5610,4.221897703689684,10
5611,3.9622603931839278,19
5612,3.263290388847909,99
5613,3.98453678789508,18
5614,3.661230397519947,39
5615,4.059170406191984,15
5616,4.087199129792228,14
5617,4.008017883744603,17
5618,3.731811471805654,33
5619,4.117162353169671,13
5620,3.883079147136303,23
5621,3.98453678789508,18
5622,4.149347036541072,12
5623,4.117162353169671,13
5624,4.149347036541072,12
5625,3.98453678789508,18
5626,3.98453678789508,18
5627,3.683506792231099,37
5628,4.263290388847909,9
5629,4.56432038451189,4
5630,3.920867708025703,21
5631,4.059170406191984,15
5632,4.221897703689684,10
5633,3.9622603931839278,19
5634,4.149347036541072,12
5635,3.94107109411399,20
5636,3.98453678789508,18
5637,3.98453678789508,18
5638,4.008017883744603,17
5639,4.149347036541072,12
5640,4.059170406191984,15
5641,4.059170406191984,15
5642,4.263290388847909,9
5643,3.98453678789508,18
5644,4.087199129792228,14
5645,3.94107109411399,20
5646,4.008017883744603,17
5647,3.883079147136303,23
5648,4.059170406191984,15
5649,4.117162353169671,13
5650,3.94107109411399,20
5651,3.9622603931839278,19
5652,4.059170406191984,15
5653,3.5911925309121915,46
5654,4.087199129792228,14
5655,4.087199129792228,14
5656,4.087199129792228,14
5657,4.087199129792228,14
5658,4.117162353169671,13
5659,4.059170406191984,15
5660,3.9015625528303164,22
5661,4.059170406191984,15
5662,4.032841467469635,16
5663,4.117162353169671,13
5664,4.149347036541072,12
5665,4.087199129792228,14
5666,4.032841467469635,16
5667,4.149347036541072,12
5668,4.087199129792228,14
5669,4.117162353169671,13
5670,4.087199129792228,14
5671,4.059170406191984,15
5672,4.117162353169671,13
5673,4.059170406191984,15
5674,4.087199129792228,14
5675,3.7447764489700215,32
5676,4.184109142800284,11
5677,4.032841467469635,16
5678,4.032841467469635,16
5679,4.059170406191984,15
5680,4.149347036541072,12
5681,3.786169134128247,29
5682,4.117162353169671,13
5683,4.117162353169671,13
5684,3.786169134128247,29
5685,4.032841467469635,16
5686,4.149347036541072,12
5687,4.087199129792228,14
5688,4.008017883744603,17
5689,4.117162353169671,13
5690,4.059170406191984,15
5691,3.94107109411399,20
5692,4.008017883744603,17
5693,4.117162353169671,13
5694,4.117162353169671,13
5695,4.56432038451189,4
5696,4.117162353169671,13
5697,4.008017883744603,17
5698,4.149347036541072,12
5699,4.059170406191984,15
5700,3.7719286950136364,30
5701,4.149347036541072,12
5702,4.786169134128246,2
5703,4.087199129792228,14
5704,4.032841467469635,16
5705,4.032841467469635,16
5706,4.087199129792228,14
5707,4.087199129792228,14
5708,4.032841467469635,16
5709,4.032841467469635,16
5710,4.032841467469635,16
5711,4.008017883744603,17
5712,4.032841467469635,16
5713,4.059170406191984,15
5714,4.059170406191984,15
5715,4.087199129792228,14
5716,4.117162353169671,13
5717,4.032841467469635,16
5718,4.117162353169671,13
5719,4.008017883744603,17
5720,4.184109142800284,11
5721,4.117162353169671,13
5722,4.059170406191984,15
5723,4.149347036541072,12
5724,3.800892390948953,28
5725,4.087199129792228,14
5726,4.032841467469635,16
5727,4.008017883744603,17
5728,4.059170406191984,15
5729,4.263290388847909,9
5730,4.117162353169671,13
5731,4.059170406191984,15
5732,3.98453678789508,18
5733,4.184109142800284,11
5734,4.117162353169671,13
5735,4.56432038451189,4
5736,3.883079147136303,23
5737,4.786169134128246,2
5738,4.149347036541072,12
5739,4.008017883744603,17
5740,4.032841467469635,16
5741,4.117162353169671,13
5742,4.008017883744603,17
5743,4.087199129792228,14
5744,4.117162353169671,13
5745,4.059170406191984,15
5746,4.149347036541072,12
5747,4.032841467469635,16
5748,4.059170406191984,15
5749,4.059170406191984,15
5750,4.184109142800284,11
5751,4.059170406191984,15
5752,4.032841467469635,16
5753,4.117162353169671,13
5754,4.117162353169671,13
5755,4.059170406191984,15
5756,4.059170406191984,15
5757,4.087199129792228,14
5758,4.059170406191984,15
5759,4.087199129792228,14
5760,4.059170406191984,15
5761,3.98453678789508,18
5762,4.059170406191984,15
5763,4.059170406191984,15
5764,4.032841467469635,16
5765,4.032841467469635,16
5766,4.059170406191984,15
5767,4.059170406191984,15
5768,4.087199129792228,14
5769,4.087199129792228,14
5770,3.800892390948953,28
5771,4.059170406191984,15
5772,4.117162353169671,13
5773,3.800892390948953,28
5774,3.98453678789508,18
5775,4.087199129792228,14
5776,4.149347036541072,12
5777,4.087199129792228,14
5778,4.059170406191984,15
5779,4.117162353169671,13
5780,4.032841467469635,16
5781,4.087199129792228,14
5782,4.6612303975199465,3
5783,4.059170406191984,15
5784,4.149347036541072,12
5785,3.800892390948953,28
5786,4.184109142800284,11
5787,4.087199129792228,14
5788,4.087199129792228,14
5789,4.087199129792228,14
5790,4.059170406191984,15
5791,4.032841467469635,16
5792,4.059170406191984,15
5793,4.059170406191984,15
5794,4.117162353169671,13
5795,4.032841467469635,16
5796,4.059170406191984,15
5797,4.059170406191984,15
5798,4.059170406191984,15
5799,4.087199129792228,14
5800,3.8483170408770913,25
5801,4.087199129792228,14
5802,3.7719286950136364,30
5803,3.8483170408770913,25
5804,4.149347036541072,12
5805,4.221897703689684,10
5806,4.117162353169671,13
5807,4.087199129792228,14
5808,4.087199129792228,14
5809,4.059170406191984,15
5810,4.263290388847909,9
5811,4.221897703689684,10
5812,4.059170406191984,15
5813,4.059170406191984,15
5814,4.087199129792228,14
5815,4.087199129792228,14
5816,4.059170406191984,15
5817,4.117162353169671,13
5818,4.087199129792228,14
5819,4.117162353169671,13
5820,4.149347036541072,12
5821,4.087199129792228,14
5822,4.087199129792228,14
5823,4.117162353169671,13
5824,4.360200401855965,7
5825,4.032841467469635,16
5826,4.059170406191984,15
5827,4.087199129792228,14
5828,4.087199129792228,14
5829,4.184109142800284,11
5830,4.059170406191984,15
5831,4.117162353169671,13
5832,4.059170406191984,15
5833,4.059170406191984,15
5834,4.117162353169671,13
5835,4.087199129792228,14
5836,4.117162353169671,13
5837,4.149347036541072,12
5838,4.087199129792228,14
5839,4.059170406191984,15
5840,4.117162353169671,13
5841,4.117162353169671,13
5842,4.032841467469635,16
5843,4.059170406191984,15
5844,4.117162353169671,13
5845,4.184109142800284,11
5846,4.117162353169671,13
5847,4.149347036541072,12
5848,4.360200401855965,7
5849,4.087199129792228,14
5850,4.059170406191984,15
5851,4.008017883744603,17
5852,4.117162353169671,13
5853,4.117162353169671,13
5854,4.032841467469635,16
5855,4.059170406191984,15
5856,4.059170406191984,15
5857,3.8319266246889216,26
5858,4.087199129792228,14
5859,4.059170406191984,15
5860,4.032841467469635,16
5861,4.087199129792228,14
5862,4.087199129792228,14
5863,4.032841467469635,16
5864,4.184109142800284,11
5865,4.059170406191984,15
5866,4.117162353169671,13
5867,4.6612303975199465,3
5868,4.418192348833652,6
5869,4.008017883744603,17
5870,5.263290388847909,0
5871,4.087199129792228,14
5872,4.032841467469635,16
5873,4.087199129792228,14
5874,4.032841467469635,16
5875,4.117162353169671,13
5876,4.087199129792228,14
5877,4.087199129792228,14
5878,4.087199129792228,14
5879,4.087199129792228,14
5880,4.117162353169671,13
5881,4.087199129792228,14
5882,4.059170406191984,15
5883,4.059170406191984,15
5884,4.032841467469635,16
5885,4.059170406191984,15
5886,4.087199129792228,14
5887,4.032841467469635,16
5888,4.059170406191984,15
5889,4.117162353169671,13
5890,4.059170406191984,15
5891,4.117162353169671,13
5892,4.087199129792228,14
5893,4.032841467469635,16
5894,4.059170406191984,15
5895,4.087199129792228,14
5896,4.032841467469635,16
5897,4.059170406191984,15
5898,4.059170406191984,15
5899,4.087199129792228,14
5900,4.059170406191984,15
5901,4.087199129792228,14
5902,4.087199129792228,14
5903,4.117162353169671,13
5904,4.087199129792228,14
5905,4.087199129792228,14
5906,4.059170406191984,15
5907,4.059170406191984,15
5908,3.9622603931839278,19
5909,4.117162353169671,13
5910,4.087199129792228,14
5911,4.149347036541072,12
5912,4.117162353169671,13
5913,4.008017883744603,17
5914,4.087199129792228,14
5915,4.184109142800284,11
5916,4.059170406191984,15
5917,4.059170406191984,15
5918,4.087199129792228,14
5919,4.117162353169671,13
5920,4.117162353169671,13
5921,4.059170406191984,15
5922,4.059170406191984,15
5923,4.032841467469635,16
5924,4.059170406191984,15
5925,4.087199129792228,14
5926,4.059170406191984,15
5927,4.008017883744603,17
5928,4.059170406191984,15
5929,4.184109142800284,11
5930,4.149347036541072,12
5931,4.059170406191984,15
5932,4.087199129792228,14
5933,4.059170406191984,15
5934,4.008017883744603,17
5935,4.059170406191984,15
5936,4.087199129792228,14
5937,4.087199129792228,14
5938,3.758140410528003,31
5939,4.008017883744603,17
5940,4.087199129792228,14
5941,4.032841467469635,16
5942,4.117162353169671,13
5943,4.059170406191984,15
5944,4.032841467469635,16
5945,4.087199129792228,14
5946,4.059170406191984,15
5947,4.059170406191984,15
5948,4.032841467469635,16
5949,4.032841467469635,16
5950,4.032841467469635,16
5951,4.184109142800284,11
5952,4.263290388847909,9
5953,4.059170406191984,15
5954,4.059170406191984,15
5955,4.184109142800284,11
5956,4.117162353169671,13
5957,4.087199129792228,14
5958,4.008017883744603,17
5959,4.059170406191984,15
5960,4.087199129792228,14
5961,4.149347036541072,12
5962,4.149347036541072,12
5963,4.032841467469635,16
5964,4.032841467469635,16
5965,3.786169134128247,29
5966,4.008017883744603,17
5967,4.059170406191984,15
5968,4.117162353169671,13
5969,4.117162353169671,13
5970,4.087199129792228,14
5971,4.117162353169671,13
5972,4.149347036541072,12
5973,4.117162353169671,13
5974,3.731811471805654,33
5975,4.117162353169671,13
5976,4.032841467469635,16
5977,4.032841467469635,16
5978,4.032841467469635,16
5979,3.9622603931839278,19
5980,4.059170406191984,15
5981,4.059170406191984,15
5982,4.059170406191984,15
5983,4.962260393183928,1
5984,4.263290388847909,9
5985,4.117162353169671,13
5986,4.117162353169671,13
5987,4.117162353169671,13
5988,4.087199129792228,14
5989,4.117162353169671,13
5990,4.087199129792228,14
5991,4.059170406191984,15
5992,4.087199129792228,14
5993,4.117162353169671,13
5994,4.059170406191984,15
5995,4.008017883744603,17
5996,4.149347036541072,12
5997,4.149347036541072,12
5998,4.059170406191984,15
5999,4.059170406191984,15
6000,4.117162353169671,13
6001,4.117162353169671,13
6002,4.059170406191984,15
6003,4.059170406191984,15
6004,4.117162353169671,13
6005,4.117162353169671,13
6006,4.059170406191984,15
6007,4.059170406191984,15
6008,3.786169134128247,29
6009,4.087199129792228,14
6010,4.117162353169671,13
6011,4.087199129792228,14
6012,4.087199129792228,14
6013,4.059170406191984,15
6014,4.087199129792228,14
6015,4.087199129792228,14
6016,4.059170406191984,15
6017,4.149347036541072,12
6018,4.149347036541072,12
6019,4.059170406191984,15
6020,4.087199129792228,14
6021,4.117162353169671,13
6022,4.059170406191984,15
6023,4.149347036541072,12
6024,4.059170406191984,15
6025,4.149347036541072,12
6026,4.087199129792228,14
6027,4.184109142800284,11
6028,4.032841467469635,16
6029,4.149347036541072,12
6030,4.059170406191984,15
6031,3.98453678789508,18
6032,4.032841467469635,16
6033,4.008017883744603,17
6034,4.059170406191984,15
6035,4.117162353169671,13
6036,4.485139138464265,5
6037,4.087199129792228,14
6038,4.032841467469635,16
6039,4.485139138464265,5
6040,4.149347036541072,12
6041,4.059170406191984,15
6042,4.059170406191984,15
6043,4.087199129792228,14
6044,4.117162353169671,13
6045,4.184109142800284,11
6046,4.087199129792228,14
6047,4.117162353169671,13
6048,4.032841467469635,16
6049,4.149347036541072,12
6050,4.149347036541072,12
6051,4.059170406191984,15
6052,3.94107109411399,20
6053,4.087199129792228,14
6054,4.059170406191984,15
6055,4.059170406191984,15
6056,4.059170406191984,15
6057,4.032841467469635,16
6058,4.184109142800284,11
6059,4.087199129792228,14
6060,4.032841467469635,16
6061,4.117162353169671,13
6062,3.9622603931839278,19
6063,4.117162353169671,13
6064,4.087199129792228,14
6065,4.087199129792228,14
6066,4.059170406191984,15
6067,4.117162353169671,13
6068,4.032841467469635,16
6069,4.059170406191984,15
6070,4.032841467469635,16
6071,4.032841467469635,16
6072,4.117162353169671,13
6073,4.008017883744603,17
6074,5.263290388847909,0
6075,4.032841467469635,16
6076,4.149347036541072,12
6077,4.117162353169671,13
6078,4.309047879408585,8
6079,4.263290388847909,9
6080,4.087199129792228,14
6081,4.149347036541072,12
6082,4.032841467469635,16
6083,4.184109142800284,11
6084,4.087199129792228,14
6085,4.087199129792228,14
6086,4.087199129792228,14
6087,4.059170406191984,15
6088,4.059170406191984,15
6089,4.087199129792228,14
6090,4.087199129792228,14
6091,4.059170406191984,15
6092,4.149347036541072,12
6093,4.149347036541072,12
6094,4.184109142800284,11
6095,4.184109142800284,11
6096,4.117162353169671,13
6097,4.032841467469635,16
6098,3.9622603931839278,19
6099,4.117162353169671,13
6100,4.059170406191984,15
6101,4.059170406191984,15
6102,4.149347036541072,12
6103,4.059170406191984,15
6104,4.032841467469635,16
6105,4.032841467469635,16
6106,4.032841467469635,16
6107,3.9622603931839278,19
6108,4.786169134128246,2
6109,4.032841467469635,16
6110,3.8319266246889216,26
6111,4.117162353169671,13
6112,3.98453678789508,18
6113,4.117162353169671,13
6114,4.087199129792228,14
6115,4.059170406191984,15
6116,4.059170406191984,15
6117,3.98453678789508,18
6118,4.117162353169671,13
6119,4.059170406191984,15
6120,4.032841467469635,16
6121,4.008017883744603,17
6122,4.087199129792228,14
6123,4.149347036541072,12
6124,4.087199129792228,14
6125,4.059170406191984,15
6126,4.059170406191984,15
6127,4.087199129792228,14
6128,4.059170406191984,15
6129,4.117162353169671,13
6130,4.087199129792228,14
6131,4.008017883744603,17
6132,4.087199129792228,14
6133,4.263290388847909,9
6134,4.087199129792228,14
6135,4.032841467469635,16
6136,4.059170406191984,15
6137,4.032841467469635,16
6138,4.032841467469635,16
6139,4.032841467469635,16
6140,4.032841467469635,16
6141,4.059170406191984,15
6142,4.059170406191984,15
6143,4.117162353169671,13
6144,4.117162353169671,13
6145,4.087199129792228,14
6146,4.087199129792228,14
6147,4.059170406191984,15
6148,4.059170406191984,15
6149,4.087199129792228,14
6150,4.149347036541072,12
6151,4.059170406191984,15
6152,4.6612303975199465,3
6153,4.117162353169671,13
6154,4.087199129792228,14
6155,4.087199129792228,14
6156,4.032841467469635,16
6157,4.059170406191984,15
6158,3.98453678789508,18
6159,4.059170406191984,15
6160,4.059170406191984,15
6161,4.059170406191984,15
6162,4.149347036541072,12
6163,4.087199129792228,14
6164,4.117162353169671,13
6165,4.149347036541072,12
6166,4.032841467469635,16
6167,3.920867708025703,21
6168,4.087199129792228,14
6169,4.087199129792228,14
6170,4.117162353169671,13
6171,4.117162353169671,13
6172,4.087199129792228,14
6173,4.360200401855965,7
6174,4.117162353169671,13
6175,4.117162353169671,13
6176,4.087199129792228,14
6177,4.032841467469635,16
6178,4.117162353169671,13
6179,4.008017883744603,17
6180,3.98453678789508,18
6181,4.087199129792228,14
6182,4.059170406191984,15
6183,4.087199129792228,14
6184,4.059170406191984,15
6185,4.087199129792228,14
6186,4.117162353169671,13
6187,4.087199129792228,14
6188,4.087199129792228,14
6189,4.059170406191984,15
6190,4.087199129792228,14
6191,4.184109142800284,11
6192,4.087199129792228,14
6193,4.032841467469635,16
6194,3.98453678789508,18
6195,4.087199129792228,14
6196,4.032841467469635,16
6197,4.059170406191984,15
6198,4.059170406191984,15
6199,4.059170406191984,15
6200,4.087199129792228,14
6201,4.032841467469635,16
6202,4.032841467469635,16
6203,4.263290388847909,9
6204,4.117162353169671,13
6205,4.087199129792228,14
6206,4.087199129792228,14
6207,4.087199129792228,14
6208,4.149347036541072,12
6209,4.059170406191984,15
6210,4.117162353169671,13
6211,4.008017883744603,17
6212,4.059170406191984,15
6213,4.059170406191984,15
6214,4.059170406191984,15
6215,4.032841467469635,16
6216,4.087199129792228,14
6217,4.117162353169671,13
6218,4.059170406191984,15
6219,4.117162353169671,13
6220,4.032841467469635,16
6221,4.117162353169671,13
6222,4.059170406191984,15
6223,4.087199129792228,14
6224,4.059170406191984,15
6225,4.032841467469635,16
6226,4.059170406191984,15
6227,4.032841467469635,16
6228,4.059170406191984,15
6229,4.087199129792228,14
6230,4.087199129792228,14
6231,4.149347036541072,12
6232,4.087199129792228,14
6233,4.059170406191984,15
6234,4.059170406191984,15
6235,4.059170406191984,15
6236,4.221897703689684,10
6237,4.059170406191984,15
6238,3.9622603931839278,19
6239,4.117162353169671,13
6240,4.117162353169671,13
6241,4.087199129792228,14
6242,4.059170406191984,15
6243,4.059170406191984,15
6244,4.032841467469635,16
6245,4.059170406191984,15
6246,4.032841467469635,16
6247,4.087199129792228,14
6248,4.059170406191984,15
6249,4.059170406191984,15
6250,4.059170406191984,15
6251,4.087199129792228,14
6252,4.059170406191984,15
6253,4.087199129792228,14
6254,4.117162353169671,13
6255,4.059170406191984,15
6256,4.184109142800284,11
6257,4.032841467469635,16
6258,4.032841467469635,16
6259,4.087199129792228,14
6260,4.087199129792228,14
6261,4.6612303975199465,3
6262,4.184109142800284,11
6263,4.059170406191984,15
6264,4.032841467469635,16
6265,4.087199129792228,14
6266,4.059170406191984,15
6267,4.032841467469635,16
6268,4.117162353169671,13
6269,4.032841467469635,16
6270,4.032841467469635,16
6271,4.087199129792228,14
6272,4.059170406191984,15
6273,4.059170406191984,15
6274,4.117162353169671,13
6275,4.059170406191984,15
6276,4.117162353169671,13
6277,4.059170406191984,15
6278,4.059170406191984,15
6279,4.032841467469635,16
6280,4.059170406191984,15
6281,4.059170406191984,15
6282,4.059170406191984,15
6283,4.032841467469635,16
6284,4.117162353169671,13
6285,4.962260393183928,1
6286,4.485139138464265,5
6287,4.032841467469635,16
6288,4.117162353169671,13
6289,4.059170406191984,15
6290,4.087199129792228,14
6291,4.032841467469635,16
6292,4.032841467469635,16
6293,4.059170406191984,15
6294,4.087199129792228,14
6295,4.117162353169671,13
6296,4.059170406191984,15
6297,4.087199129792228,14
6298,4.059170406191984,15
6299,4.059170406191984,15
6300,4.059170406191984,15
6301,4.008017883744603,17
6302,4.059170406191984,15
6303,4.117162353169671,13
6304,4.117162353169671,13
6305,4.087199129792228,14
6306,4.059170406191984,15
6307,4.059170406191984,15
6308,4.117162353169671,13
6309,4.087199129792228,14
6310,4.149347036541072,12
6311,4.087199129792228,14
6312,4.087199129792228,14
6313,4.184109142800284,11
6314,4.087199129792228,14
6315,4.059170406191984,15
6316,4.059170406191984,15
6317,4.485139138464265,5
6318,4.059170406191984,15
6319,4.059170406191984,15
6320,4.059170406191984,15
6321,4.032841467469635,16
6322,4.117162353169671,13
6323,4.117162353169671,13
6324,4.149347036541072,12
6325,4.087199129792228,14
6326,4.059170406191984,15
6327,4.087199129792228,14
6328,4.117162353169671,13
6329,4.059170406191984,15
6330,4.032841467469635,16
6331,4.059170406191984,15
6332,4.117162353169671,13
6333,4.059170406191984,15
6334,4.087199129792228,14
6335,4.032841467469635,16
6336,4.008017883744603,17
6337,4.087199129792228,14
6338,4.059170406191984,15
6339,4.117162353169671,13
6340,4.032841467469635,16
6341,4.008017883744603,17
6342,4.149347036541072,12
6343,4.117162353169671,13
6344,4.087199129792228,14
6345,4.059170406191984,15
6346,4.087199129792228,14
6347,4.059170406191984,15
6348,4.059170406191984,15
6349,4.032841467469635,16
6350,4.059170406191984,15
6351,4.032841467469635,16
6352,4.032841467469635,16
6353,4.117162353169671,13
6354,4.360200401855965,7
6355,4.087199129792228,14
6356,4.149347036541072,12
6357,4.184109142800284,11
6358,3.98453678789508,18
6359,4.059170406191984,15
6360,4.032841467469635,16
6361,4.032841467469635,16
6362,4.117162353169671,13
6363,4.117162353169671,13
6364,4.149347036541072,12
6365,4.117162353169671,13
6366,4.059170406191984,15
6367,4.117162353169671,13
6368,4.032841467469635,16
6369,4.059170406191984,15
6370,4.087199129792228,14
6371,4.149347036541072,12
6372,4.059170406191984,15
6373,4.087199129792228,14
6374,4.059170406191984,15
6375,4.117162353169671,13
6376,4.117162353169671,13
6377,4.087199129792228,14
6378,4.087199129792228,14
6379,4.117162353169671,13
6380,4.008017883744603,17
6381,4.087199129792228,14
6382,4.149347036541072,12
6383,4.059170406191984,15
6384,4.032841467469635,16
6385,4.087199129792228,14
6386,4.008017883744603,17
6387,4.149347036541072,12
6388,4.059170406191984,15
6389,4.149347036541072,12
6390,4.087199129792228,14
6391,4.117162353169671,13
6392,4.485139138464265,5
6393,4.117162353169671,13
6394,4.184109142800284,11
6395,4.149347036541072,12
6396,4.059170406191984,15
6397,4.059170406191984,15
6398,4.117162353169671,13
6399,4.032841467469635,16
6400,4.087199129792228,14
6401,4.087199129792228,14
6402,4.117162353169671,13
6403,4.059170406191984,15
6404,4.059170406191984,15
6405,4.059170406191984,15
6406,4.087199129792228,14
6407,4.059170406191984,15
6408,4.059170406191984,15
6409,4.087199129792228,14
6410,4.087199129792228,14
6411,4.032841467469635,16
6412,4.008017883744603,17
6413,4.087199129792228,14
6414,4.032841467469635,16
6415,4.032841467469635,16
6416,4.032841467469635,16
6417,4.032841467469635,16
6418,4.032841467469635,16
6419,4.087199129792228,14
6420,4.059170406191984,15
6421,4.087199129792228,14
6422,4.117162353169671,13
6423,4.087199129792228,14
6424,4.087199129792228,14
6425,4.184109142800284,11
6426,4.059170406191984,15
6427,4.032841467469635,16
6428,4.059170406191984,15
6429,4.032841467469635,16
6430,4.059170406191984,15
6431,4.032841467469635,16
6432,4.221897703689684,10
6433,4.087199129792228,14
6434,4.032841467469635,16
6435,4.008017883744603,17
6436,4.087199129792228,14
6437,4.059170406191984,15
6438,3.7069878880806217,35
6439,4.087199129792228,14
6440,4.032841467469635,16
6441,4.059170406191984,15
6442,4.117162353169671,13
6443,4.059170406191984,15
6444,4.032841467469635,16
6445,4.087199129792228,14
6446,4.087199129792228,14
6447,4.059170406191984,15
6448,4.117162353169671,13
6449,4.032841467469635,16
6450,4.087199129792228,14
6451,4.059170406191984,15
6452,4.059170406191984,15
6453,4.032841467469635,16
6454,4.059170406191984,15
6455,4.059170406191984,15
6456,4.087199129792228,14
6457,4.059170406191984,15
6458,4.117162353169671,13
6459,4.032841467469635,16
6460,3.883079147136303,23
6461,3.81613235750569,27
6462,4.117162353169671,13
6463,4.059170406191984,15
6464,4.032841467469635,16
6465,4.087199129792228,14
6466,4.117162353169671,13
6467,4.032841467469635,16
6468,4.117162353169671,13
6469,4.117162353169671,13
6470,4.149347036541072,12
6471,4.149347036541072,12
6472,4.087199129792228,14
6473,4.059170406191984,15
6474,4.008017883744603,17
6475,4.149347036541072,12
6476,4.087199129792228,14
6477,4.184109142800284,11
6478,4.263290388847909,9
6479,4.032841467469635,16
6480,4.087199129792228,14
6481,4.149347036541072,12
6482,4.149347036541072,12
6483,4.059170406191984,15
6484,4.149347036541072,12
6485,4.032841467469635,16
6486,4.032841467469635,16
6487,4.087199129792228,14
6488,4.087199129792228,14
6489,4.149347036541072,12
6490,4.059170406191984,15
6491,4.087199129792228,14
6492,4.008017883744603,17
6493,4.087199129792228,14
6494,4.087199129792228,14
6495,4.221897703689684,10
6496,4.087199129792228,14
6497,4.117162353169671,13
6498,4.087199129792228,14
6499,4.059170406191984,15
6500,4.117162353169671,13
6501,4.008017883744603,17
6502,4.032841467469635,16
6503,4.032841467469635,16
6504,4.032841467469635,16
6505,4.059170406191984,15
6506,4.059170406191984,15
6507,4.087199129792228,14
6508,4.087199129792228,14
6509,4.059170406191984,15
6510,4.117162353169671,13
6511,4.032841467469635,16
6512,4.087199129792228,14
6513,4.059170406191984,15
6514,4.059170406191984,15
6515,4.059170406191984,15
6516,4.059170406191984,15
6517,4.263290388847909,9
6518,4.117162353169671,13
6519,4.087199129792228,14
6520,4.087199129792228,14
6521,4.008017883744603,17
6522,4.059170406191984,15
6523,4.032841467469635,16
6524,4.059170406191984,15
6525,4.059170406191984,15
6526,4.117162353169671,13
6527,4.087199129792228,14
6528,4.117162353169671,13
6529,4.087199129792228,14
6530,4.032841467469635,16
6531,4.117162353169671,13
6532,4.221897703689684,10
6533,4.032841467469635,16
6534,4.059170406191984,15
6535,4.059170406191984,15
6536,4.149347036541072,12
6537,4.184109142800284,11
6538,4.059170406191984,15
6539,4.059170406191984,15
6540,4.059170406191984,15
6541,3.800892390948953,28
6542,3.98453678789508,18
6543,4.087199129792228,14
6544,4.087199129792228,14
6545,4.56432038451189,4
6546,4.786169134128246,2
6547,4.117162353169671,13
6548,4.032841467469635,16
6549,4.149347036541072,12
6550,4.087199129792228,14
6551,4.087199129792228,14
6552,4.087199129792228,14
6553,4.117162353169671,13
6554,4.059170406191984,15
6555,4.032841467469635,16
6556,4.149347036541072,12
6557,4.059170406191984,15
6558,4.059170406191984,15
6559,4.059170406191984,15
6560,4.087199129792228,14
6561,4.032841467469635,16
6562,4.184109142800284,11
6563,4.008017883744603,17
6564,4.059170406191984,15
6565,4.087199129792228,14
6566,4.059170406191984,15
6567,4.087199129792228,14
6568,4.149347036541072,12
6569,4.117162353169671,13
6570,4.117162353169671,13
6571,4.059170406191984,15
6572,4.059170406191984,15
6573,4.117162353169671,13
6574,4.032841467469635,16
6575,4.059170406191984,15
6576,4.059170406191984,15
6577,4.059170406191984,15
6578,4.087199129792228,14
6579,4.149347036541072,12
6580,4.149347036541072,12
6581,4.032841467469635,16
6582,4.087199129792228,14
6583,4.117162353169671,13
6584,4.087199129792228,14
6585,4.117162353169671,13
6586,4.087199129792228,14
6587,4.059170406191984,15
6588,4.032841467469635,16
6589,4.087199129792228,14
6590,4.059170406191984,15
6591,4.059170406191984,15
6592,4.117162353169671,13
6593,4.221897703689684,10
6594,4.059170406191984,15
6595,4.184109142800284,11
6596,4.059170406191984,15
6597,4.087199129792228,14
6598,4.087199129792228,14
6599,4.087199129792228,14
6600,4.087199129792228,14
6601,4.059170406191984,15
6602,4.117162353169671,13
6603,4.087199129792228,14
6604,4.032841467469635,16
6605,4.087199129792228,14
6606,4.184109142800284,11
6607,4.059170406191984,15
6608,4.087199129792228,14
6609,4.032841467469635,16
6610,4.059170406191984,15
6611,4.087199129792228,14
6612,4.059170406191984,15
6613,4.117162353169671,13
6614,4.360200401855965,7
6615,4.117162353169671,13
6616,4.117162353169671,13
6617,4.221897703689684,10
6618,4.059170406191984,15
6619,3.9622603931839278,19
6620,4.032841467469635,16
6621,4.008017883744603,17
6622,4.008017883744603,17
6623,4.059170406191984,15
6624,4.032841467469635,16
6625,4.117162353169671,13
6626,4.087199129792228,14
6627,4.221897703689684,10
6628,4.008017883744603,17
6629,4.117162353169671,13
6630,4.117162353169671,13
6631,4.221897703689684,10
6632,4.032841467469635,16
6633,4.149347036541072,12
6634,4.008017883744603,17
6635,4.117162353169671,13
6636,4.032841467469635,16
6637,4.059170406191984,15
6638,4.6612303975199465,3
6639,4.087199129792228,14
6640,4.087199129792228,14
6641,4.184109142800284,11
6642,4.008017883744603,17
6643,4.059170406191984,15
6644,4.032841467469635,16
6645,4.087199129792228,14
6646,4.059170406191984,15
6647,4.117162353169671,13
6648,4.032841467469635,16
6649,4.117162353169671,13
6650,4.059170406191984,15
6651,4.087199129792228,14
6652,4.032841467469635,16
6653,4.059170406191984,15
6654,4.059170406191984,15
6655,4.087199129792228,14
6656,4.087199129792228,14
6657,4.117162353169671,13
6658,4.059170406191984,15
6659,4.059170406191984,15
6660,4.087199129792228,14
6661,4.059170406191984,15
6662,4.117162353169671,13
6663,4.087199129792228,14
6664,4.117162353169671,13
6665,4.087199129792228,14
6666,4.087199129792228,14
6667,4.059170406191984,15
6668,4.087199129792228,14
6669,4.087199129792228,14
6670,4.117162353169671,13
6671,4.087199129792228,14
6672,4.087199129792228,14
6673,4.032841467469635,16
6674,4.059170406191984,15
6675,4.117162353169671,13
6676,4.059170406191984,15
6677,4.087199129792228,14
6678,4.008017883744603,17
6679,4.087199129792228,14
6680,4.149347036541072,12
6681,4.221897703689684,10
6682,4.059170406191984,15
6683,3.98453678789508,18
6684,4.184109142800284,11
6685,4.962260393183928,1
6686,4.117162353169671,13
6687,4.117162353169671,13
6688,4.117162353169671,13
6689,4.087199129792228,14
6690,4.087199129792228,14
6691,4.059170406191984,15
6692,4.087199129792228,14
6693,4.059170406191984,15
6694,4.059170406191984,15
6695,4.149347036541072,12
6696,4.032841467469635,16
6697,4.032841467469635,16
6698,4.032841467469635,16
6699,4.059170406191984,15
6700,4.117162353169671,13
6701,4.087199129792228,14
6702,4.184109142800284,11
6703,4.117162353169671,13
6704,4.059170406191984,15
6705,4.087199129792228,14
6706,4.032841467469635,16
6707,4.087199129792228,14
6708,3.98453678789508,18
6709,4.087199129792228,14
6710,4.087199129792228,14
6711,4.059170406191984,15
6712,4.032841467469635,16
6713,4.059170406191984,15
6714,3.800892390948953,28
6715,3.98453678789508,18
6716,4.059170406191984,15
6717,4.184109142800284,11
6718,4.059170406191984,15
6719,4.117162353169671,13
6720,4.117162353169671,13
6721,4.032841467469635,16
6722,4.032841467469635,16
6723,4.087199129792228,14
6724,4.059170406191984,15
6725,4.221897703689684,10
6726,4.059170406191984,15
6727,4.087199129792228,14
6728,4.184109142800284,11
6729,4.418192348833652,6
6730,4.087199129792228,14
6731,4.149347036541072,12
6732,4.087199129792228,14
6733,4.059170406191984,15
6734,3.98453678789508,18
6735,4.087199129792228,14
6736,4.087199129792228,14
6737,3.98453678789508,18
6738,4.032841467469635,16
6739,4.008017883744603,17
6740,4.032841467469635,16
6741,4.059170406191984,15
6742,4.117162353169671,13
6743,4.149347036541072,12
6744,4.087199129792228,14
6745,4.117162353169671,13
6746,4.117162353169671,13
6747,4.032841467469635,16
6748,4.087199129792228,14
6749,4.087199129792228,14
6750,4.087199129792228,14
6751,4.059170406191984,15
6752,4.032841467469635,16
6753,4.117162353169671,13
6754,3.9622603931839278,19
6755,4.059170406191984,15
6756,4.087199129792228,14
6757,4.149347036541072,12
6758,4.032841467469635,16
6759,4.059170406191984,15
6760,4.059170406191984,15
6761,4.059170406191984,15
6762,4.087199129792228,14
6763,4.117162353169671,13
6764,4.184109142800284,11
6765,4.059170406191984,15
6766,3.695088664780914,36
6767,4.032841467469635,16
6768,4.087199129792228,14
6769,4.059170406191984,15
6770,3.920867708025703,21
6771,3.98453678789508,18
6772,4.149347036541072,12
6773,4.032841467469635,16
6774,4.059170406191984,15
6775,4.032841467469635,16
6776,4.087199129792228,14
6777,4.059170406191984,15
6778,4.117162353169671,13
6779,4.008017883744603,17
6780,4.117162353169671,13
6781,4.032841467469635,16
6782,4.087199129792228,14
6783,4.032841467469635,16
6784,4.059170406191984,15
6785,4.184109142800284,11
6786,4.309047879408585,8
6787,4.087199129792228,14
6788,4.087199129792228,14
6789,4.032841467469635,16
6790,4.087199129792228,14
6791,4.149347036541072,12
6792,4.059170406191984,15
6793,4.087199129792228,14
6794,4.149347036541072,12
6795,4.059170406191984,15
6796,4.059170406191984,15
6797,4.032841467469635,16
6798,4.087199129792228,14
6799,4.087199129792228,14
6800,4.087199129792228,14
6801,4.032841467469635,16
6802,4.184109142800284,11
6803,4.087199129792228,14
6804,4.087199129792228,14
6805,4.087199129792228,14
6806,4.059170406191984,15
6807,4.087199129792228,14
6808,4.059170406191984,15
6809,4.221897703689684,10
6810,3.98453678789508,18
6811,4.059170406191984,15
6812,4.087199129792228,14
6813,4.059170406191984,15
6814,4.117162353169671,13
6815,3.94107109411399,20
6816,4.117162353169671,13
6817,4.059170406191984,15
6818,4.032841467469635,16
6819,4.117162353169671,13
6820,4.184109142800284,11
6821,4.117162353169671,13
6822,4.032841467469635,16
6823,4.117162353169671,13
6824,4.117162353169671,13
6825,4.087199129792228,14
6826,4.087199129792228,14
6827,4.059170406191984,15
6828,4.032841467469635,16
6829,4.059170406191984,15
6830,4.059170406191984,15
6831,4.032841467469635,16
6832,4.059170406191984,15
6833,4.059170406191984,15
6834,4.059170406191984,15
6835,4.087199129792228,14
6836,4.221897703689684,10
6837,4.059170406191984,15
6838,3.98453678789508,18
6839,4.087199129792228,14
6840,4.032841467469635,16
6841,4.059170406191984,15
6842,4.059170406191984,15
6843,4.087199129792228,14
6844,4.087199129792228,14
6845,4.117162353169671,13
6846,4.117162353169671,13
6847,4.263290388847909,9
6848,4.962260393183928,1
6849,4.087199129792228,14
6850,4.149347036541072,12
6851,4.032841467469635,16
6852,4.059170406191984,15
6853,4.059170406191984,15
6854,4.032841467469635,16
6855,4.059170406191984,15
6856,4.184109142800284,11
6857,4.059170406191984,15
6858,4.008017883744603,17
6859,4.117162353169671,13
6860,4.087199129792228,14
6861,4.032841467469635,16
6862,4.087199129792228,14
6863,4.059170406191984,15
6864,4.059170406191984,15
6865,4.360200401855965,7
6866,4.059170406191984,15
6867,4.117162353169671,13
6868,4.6612303975199465,3
6869,4.087199129792228,14
6870,4.149347036541072,12
6871,4.059170406191984,15
6872,4.032841467469635,16
6873,4.032841467469635,16
6874,4.059170406191984,15
6875,4.221897703689684,10
6876,4.008017883744603,17
6877,4.087199129792228,14
6878,4.087199129792228,14
6879,4.117162353169671,13
6880,4.117162353169671,13
6881,4.059170406191984,15
6882,4.059170406191984,15
6883,4.059170406191984,15
6884,4.059170406191984,15
6885,4.059170406191984,15
6886,4.087199129792228,14
6887,4.059170406191984,15
6888,4.149347036541072,12
6889,4.087199129792228,14
6890,4.309047879408585,8
6891,4.087199129792228,14
6892,4.059170406191984,15
6893,4.032841467469635,16
6894,4.087199129792228,14
6895,4.059170406191984,15
6896,4.087199129792228,14
6897,4.032841467469635,16
6898,4.059170406191984,15
6899,4.087199129792228,14
6900,4.059170406191984,15
6901,4.059170406191984,15
6902,4.087199129792228,14
6903,4.087199129792228,14
6904,4.087199129792228,14
6905,4.117162353169671,13
6906,4.117162353169671,13
6907,4.059170406191984,15
6908,4.184109142800284,11
6909,4.059170406191984,15
6910,4.149347036541072,12
6911,4.149347036541072,12
6912,4.087199129792228,14
6913,4.117162353169671,13
6914,4.059170406191984,15
6915,4.032841467469635,16
6916,4.117162353169671,13
6917,4.008017883744603,17
6918,4.149347036541072,12
6919,4.149347036541072,12
6920,4.087199129792228,14
6921,4.117162353169671,13
6922,4.087199129792228,14
6923,4.149347036541072,12
6924,4.032841467469635,16
6925,4.032841467469635,16
6926,4.059170406191984,15
6927,4.059170406191984,15
6928,4.087199129792228,14
6929,4.032841467469635,16
6930,4.059170406191984,15
6931,4.087199129792228,14
6932,4.059170406191984,15
6933,4.059170406191984,15
6934,4.117162353169671,13
6935,4.032841467469635,16
6936,4.087199129792228,14
6937,4.059170406191984,15
6938,4.032841467469635,16
6939,4.087199129792228,14
6940,4.184109142800284,11
6941,4.087199129792228,14
6942,4.087199129792228,14
6943,4.087199129792228,14
6944,4.117162353169671,13
6945,4.184109142800284,11
6946,4.059170406191984,15
6947,4.087199129792228,14
6948,4.221897703689684,10
6949,4.059170406191984,15
6950,4.117162353169671,13
6951,4.087199129792228,14
6952,4.087199129792228,14
6953,4.059170406191984,15
6954,4.087199129792228,14
6955,3.98453678789508,18
6956,4.087199129792228,14
6957,4.008017883744603,17
6958,4.087199129792228,14
6959,4.059170406191984,15
6960,4.117162353169671,13
6961,4.149347036541072,12
6962,4.184109142800284,11
6963,4.032841467469635,16
6964,4.087199129792228,14
6965,4.087199129792228,14
6966,4.56432038451189,4
6967,4.117162353169671,13
6968,4.263290388847909,9
6969,4.184109142800284,11
6970,4.008017883744603,17
6971,4.059170406191984,15
6972,4.059170406191984,15
6973,4.087199129792228,14
6974,4.059170406191984,15
6975,4.032841467469635,16
6976,4.008017883744603,17
6977,4.184109142800284,11
6978,4.087199129792228,14
6979,4.117162353169671,13
6980,4.059170406191984,15
6981,4.087199129792228,14
6982,4.087199129792228,14
6983,4.117162353169671,13
6984,4.087199129792228,14
6985,4.087199129792228,14
6986,4.059170406191984,15
6987,4.032841467469635,16
6988,4.087199129792228,14
6989,4.032841467469635,16
6990,4.087199129792228,14
6991,4.087199129792228,14
6992,4.059170406191984,15
6993,4.184109142800284,11
6994,4.008017883744603,17
6995,4.117162353169671,13
6996,4.117162353169671,13
6997,4.221897703689684,10
6998,4.059170406191984,15
6999,4.032841467469635,16
7000,4.059170406191984,15
7001,4.059170406191984,15
7002,4.059170406191984,15
7003,4.059170406191984,15
7004,4.059170406191984,15
7005,4.059170406191984,15
7006,4.117162353169671,13
7007,4.032841467469635,16
7008,4.087199129792228,14
7009,4.087199129792228,14
7010,4.149347036541072,12
7011,4.059170406191984,15
7012,4.149347036541072,12
7013,4.032841467469635,16
7014,4.059170406191984,15
7015,4.059170406191984,15
7016,4.149347036541072,12
7017,4.117162353169671,13
7018,4.032841467469635,16
7019,4.059170406191984,15
7020,4.032841467469635,16
7021,4.149347036541072,12
7022,4.087199129792228,14
7023,4.059170406191984,15
7024,4.087199129792228,14
7025,4.032841467469635,16
7026,4.117162353169671,13
7027,4.008017883744603,17
7028,4.149347036541072,12
7029,4.087199129792228,14
7030,4.059170406191984,15
7031,4.221897703689684,10
7032,4.309047879408585,8
7033,4.059170406191984,15
7034,4.087199129792228,14
7035,4.117162353169671,13
7036,4.117162353169671,13
7037,4.059170406191984,15
7038,4.117162353169671,13
7039,4.087199129792228,14
7040,4.149347036541072,12
7041,4.087199129792228,14
7042,4.087199129792228,14
7043,4.032841467469635,16
7044,4.059170406191984,15
7045,4.184109142800284,11
7046,4.149347036541072,12
7047,4.059170406191984,15
7048,4.032841467469635,16
7049,4.149347036541072,12
7050,4.032841467469635,16
7051,4.059170406191984,15
7052,4.087199129792228,14
7053,4.059170406191984,15
7054,4.087199129792228,14
7055,4.059170406191984,15
7056,4.059170406191984,15
7057,4.221897703689684,10
7058,4.059170406191984,15
7059,4.117162353169671,13
7060,4.032841467469635,16
7061,4.117162353169671,13
7062,4.008017883744603,17
7063,4.059170406191984,15
7064,4.263290388847909,9
7065,4.059170406191984,15
7066,4.117162353169671,13
7067,4.117162353169671,13
7068,4.087199129792228,14
7069,4.059170406191984,15
7070,4.087199129792228,14
7071,4.117162353169671,13
7072,4.263290388847909,9
7073,4.087199129792228,14
7074,4.087199129792228,14
7075,4.059170406191984,15
7076,4.117162353169671,13
7077,4.117162353169671,13
7078,4.087199129792228,14
7079,4.309047879408585,8
7080,4.059170406191984,15
7081,3.98453678789508,18
7082,4.149347036541072,12
7083,4.087199129792228,14
7084,4.087199129792228,14
7085,4.117162353169671,13
7086,4.059170406191984,15
7087,4.149347036541072,12
7088,4.087199129792228,14
7089,4.008017883744603,17
7090,4.032841467469635,16
7091,4.087199129792228,14
7092,4.087199129792228,14
7093,4.059170406191984,15
7094,4.059170406191984,15
7095,4.059170406191984,15
7096,4.117162353169671,13
7097,4.087199129792228,14
7098,4.032841467469635,16
7099,4.008017883744603,17
7100,4.087199129792228,14
7101,4.059170406191984,15
7102,4.117162353169671,13
7103,4.059170406191984,15
7104,4.087199129792228,14
7105,4.117162353169671,13
7106,4.117162353169671,13
7107,4.032841467469635,16
7108,4.117162353169671,13
7109,4.087199129792228,14
7110,4.032841467469635,16
7111,4.087199129792228,14
7112,4.418192348833652,6
7113,4.059170406191984,15
7114,4.059170406191984,15
7115,4.008017883744603,17
7116,4.221897703689684,10
7117,4.087199129792228,14
7118,4.087199129792228,14
7119,4.087199129792228,14
7120,4.117162353169671,13
7121,4.059170406191984,15
7122,4.149347036541072,12
7123,4.059170406191984,15
7124,4.117162353169671,13
7125,4.087199129792228,14
7126,4.032841467469635,16
7127,4.184109142800284,11
7128,4.032841467469635,16
7129,4.032841467469635,16
7130,4.087199129792228,14
7131,4.032841467469635,16
7132,4.032841467469635,16
7133,4.059170406191984,15
7134,4.087199129792228,14
7135,4.087199129792228,14
7136,4.087199129792228,14
7137,4.149347036541072,12
7138,4.221897703689684,10
7139,4.008017883744603,17
7140,4.087199129792228,14
7141,4.059170406191984,15
7142,4.087199129792228,14
7143,4.149347036541072,12
7144,4.149347036541072,12
7145,4.117162353169671,13
7146,4.032841467469635,16
7147,4.087199129792228,14
7148,4.059170406191984,15
7149,4.087199129792228,14
7150,4.149347036541072,12
7151,4.087199129792228,14
7152,4.032841467469635,16
7153,4.032841467469635,16
7154,4.087199129792228,14
7155,4.786169134128246,2
7156,4.059170406191984,15
7157,4.059170406191984,15
7158,5.263290388847909,0
7159,4.032841467469635,16
7160,4.032841467469635,16
7161,4.087199129792228,14
7162,4.059170406191984,15
7163,4.087199129792228,14
7164,4.059170406191984,15
7165,4.117162353169671,13
7166,4.032841467469635,16
7167,4.117162353169671,13
7168,4.059170406191984,15
7169,4.149347036541072,12
7170,4.032841467469635,16
7171,4.221897703689684,10
7172,4.059170406191984,15
7173,4.149347036541072,12
7174,4.117162353169671,13
7175,4.059170406191984,15
7176,4.087199129792228,14
7177,4.059170406191984,15
7178,4.059170406191984,15
7179,4.059170406191984,15
7180,4.117162353169671,13
7181,4.418192348833652,6
7182,4.008017883744603,17
7183,4.059170406191984,15
7184,4.087199129792228,14
7185,4.032841467469635,16
7186,4.087199129792228,14
7187,4.117162353169671,13
7188,4.032841467469635,16
7189,4.117162353169671,13
7190,4.087199129792228,14
7191,4.087199129792228,14
7192,4.087199129792228,14
7193,4.087199129792228,14
7194,4.059170406191984,15
7195,4.149347036541072,12
7196,4.149347036541072,12
7197,4.117162353169671,13
7198,4.117162353169671,13
7199,4.087199129792228,14
7200,4.087199129792228,14
7201,4.149347036541072,12
7202,4.032841467469635,16
7203,4.221897703689684,10
7204,4.149347036541072,12
7205,4.032841467469635,16
7206,4.032841467469635,16
7207,4.087199129792228,14
7208,4.059170406191984,15
7209,4.032841467469635,16
7210,4.032841467469635,16
7211,4.008017883744603,17
7212,4.087199129792228,14
7213,4.032841467469635,16
7214,3.9622603931839278,19
7215,4.087199129792228,14
7216,4.059170406191984,15
7217,4.087199129792228,14
7218,4.087199129792228,14
7219,4.032841467469635,16
7220,4.032841467469635,16
7221,4.087199129792228,14
7222,4.117162353169671,13
7223,4.059170406191984,15
7224,4.059170406191984,15
7225,4.059170406191984,15
7226,4.087199129792228,14
7227,4.117162353169671,13
7228,4.117162353169671,13
7229,4.032841467469635,16
7230,4.087199129792228,14
7231,4.087199129792228,14
7232,4.087199129792228,14
7233,4.087199129792228,14
7234,4.117162353169671,13
7235,4.117162353169671,13
7236,4.117162353169671,13
7237,4.149347036541072,12
7238,4.087199129792228,14
7239,3.9622603931839278,19
7240,4.008017883744603,17
7241,4.059170406191984,15
7242,4.149347036541072,12
7243,4.360200401855965,7
7244,4.059170406191984,15
7245,4.149347036541072,12
7246,4.184109142800284,11
7247,4.149347036541072,12
7248,4.117162353169671,13
7249,4.087199129792228,14
7250,4.059170406191984,15
7251,3.786169134128247,29
7252,4.059170406191984,15
7253,4.087199129792228,14
7254,4.117162353169671,13
7255,4.117162353169671,13
7256,4.485139138464265,5
7257,4.117162353169671,13
7258,4.087199129792228,14
7259,4.059170406191984,15
7260,4.032841467469635,16
7261,4.032841467469635,16
7262,4.221897703689684,10
7263,4.032841467469635,16
7264,4.149347036541072,12
7265,4.059170406191984,15
7266,4.087199129792228,14
7267,4.087199129792228,14
7268,4.087199129792228,14
7269,4.087199129792228,14
7270,4.059170406191984,15
7271,4.059170406191984,15
7272,4.087199129792228,14
7273,4.059170406191984,15
7274,4.117162353169671,13
7275,4.087199129792228,14
7276,4.149347036541072,12
7277,4.032841467469635,16
7278,3.7447764489700215,32
7279,4.059170406191984,15
7280,4.087199129792228,14
7281,4.087199129792228,14
7282,4.008017883744603,17
7283,4.032841467469635,16
7284,4.184109142800284,11
7285,4.032841467469635,16
7286,4.418192348833652,6
7287,4.059170406191984,15
7288,4.059170406191984,15
7289,4.059170406191984,15
7290,4.059170406191984,15
7291,4.087199129792228,14
7292,4.059170406191984,15
7293,4.087199129792228,14
7294,4.56432038451189,4
7295,4.149347036541072,12
7296,4.117162353169671,13
7297,4.184109142800284,11
7298,4.032841467469635,16
7299,4.087199129792228,14
7300,4.786169134128246,2
7301,4.059170406191984,15
7302,4.032841467469635,16
7303,4.087199129792228,14
7304,4.087199129792228,14
7305,4.032841467469635,16
7306,4.032841467469635,16
7307,4.117162353169671,13
7308,4.087199129792228,14
7309,4.117162353169671,13
7310,3.94107109411399,20
7311,4.059170406191984,15
7312,4.059170406191984,15
7313,4.149347036541072,12
7314,4.087199129792228,14
7315,4.008017883744603,17
7316,4.087199129792228,14
7317,4.059170406191984,15
7318,4.117162353169671,13
7319,4.059170406191984,15
7320,3.9622603931839278,19
7321,4.059170406191984,15
7322,4.087199129792228,14
7323,4.087199129792228,14
7324,4.008017883744603,17
7325,4.149347036541072,12
7326,4.117162353169671,13
7327,4.059170406191984,15
7328,4.059170406191984,15
7329,4.117162353169671,13
7330,4.087199129792228,14
7331,4.032841467469635,16
7332,3.8653503801758715,24
7333,4.087199129792228,14
7334,4.087199129792228,14
7335,4.059170406191984,15
7336,4.117162353169671,13
7337,4.087199129792228,14
7338,4.059170406191984,15
7339,4.059170406191984,15
7340,4.059170406191984,15
7341,4.059170406191984,15
7342,4.059170406191984,15
7343,4.032841467469635,16
7344,4.059170406191984,15
7345,4.032841467469635,16
7346,4.059170406191984,15
7347,4.087199129792228,14
7348,4.032841467469635,16
7349,4.059170406191984,15
7350,4.059170406191984,15
7351,4.117162353169671,13
7352,4.059170406191984,15
7353,4.149347036541072,12
7354,4.117162353169671,13
7355,4.309047879408585,8
7356,4.059170406191984,15
7357,4.117162353169671,13
7358,4.008017883744603,17
7359,4.117162353169671,13
7360,4.059170406191984,15
7361,4.087199129792228,14
7362,4.059170406191984,15
7363,4.059170406191984,15
7364,3.98453678789508,18
7365,4.087199129792228,14
7366,4.117162353169671,13
7367,4.032841467469635,16
7368,4.117162353169671,13
7369,4.117162353169671,13
7370,4.263290388847909,9
7371,4.184109142800284,11
7372,4.032841467469635,16
7373,4.032841467469635,16
7374,4.087199129792228,14
7375,4.117162353169671,13
7376,4.087199129792228,14
7377,4.087199129792228,14
7378,4.087199129792228,14
7379,4.087199129792228,14
7380,4.032841467469635,16
7381,4.117162353169671,13
7382,4.087199129792228,14
7383,4.032841467469635,16
7384,4.059170406191984,15
7385,4.059170406191984,15
7386,4.087199129792228,14
7387,4.087199129792228,14
7388,4.221897703689684,10
7389,4.059170406191984,15
7390,4.56432038451189,4
7391,4.087199129792228,14
7392,4.059170406191984,15
7393,4.087199129792228,14
7394,4.059170406191984,15
7395,4.087199129792228,14
7396,4.087199129792228,14
7397,4.059170406191984,15
7398,4.008017883744603,17
7399,4.008017883744603,17
7400,4.087199129792228,14
7401,4.059170406191984,15
7402,4.087199129792228,14
7403,4.117162353169671,13
7404,4.059170406191984,15
7405,4.149347036541072,12
7406,4.087199129792228,14
7407,4.087199129792228,14
7408,4.059170406191984,15
7409,4.059170406191984,15
7410,3.98453678789508,18
7411,4.56432038451189,4
7412,4.087199129792228,14
7413,4.032841467469635,16
7414,4.059170406191984,15
7415,4.087199129792228,14
7416,4.221897703689684,10
7417,4.032841467469635,16
7418,4.059170406191984,15
7419,4.059170406191984,15
7420,4.059170406191984,15
7421,4.117162353169671,13
7422,4.117162353169671,13
7423,4.087199129792228,14
7424,4.087199129792228,14
7425,4.087199129792228,14
7426,4.087199129792228,14
7427,4.059170406191984,15
7428,4.149347036541072,12
7429,4.117162353169671,13
7430,4.059170406191984,15
7431,4.059170406191984,15
7432,4.059170406191984,15
7433,4.059170406191984,15
7434,4.059170406191984,15
7435,4.117162353169671,13
7436,4.149347036541072,12
7437,4.087199129792228,14
7438,4.059170406191984,15
7439,4.117162353169671,13
7440,4.059170406191984,15
7441,4.059170406191984,15
7442,3.8653503801758715,24
7443,4.149347036541072,12
7444,4.117162353169671,13
7445,4.032841467469635,16
7446,4.059170406191984,15
7447,4.059170406191984,15
7448,4.087199129792228,14
7449,4.786169134128246,2
7450,4.117162353169671,13
7451,4.059170406191984,15
7452,4.184109142800284,11
7453,4.059170406191984,15
7454,4.087199129792228,14
7455,4.059170406191984,15
7456,4.032841467469635,16
7457,4.059170406191984,15
7458,4.032841467469635,16
7459,4.087199129792228,14
7460,4.087199129792228,14
7461,4.059170406191984,15
7462,4.032841467469635,16
7463,4.059170406191984,15
7464,4.360200401855965,7
7465,4.087199129792228,14
7466,4.059170406191984,15
7467,4.059170406191984,15
7468,4.059170406191984,15
7469,4.485139138464265,5
7470,3.98453678789508,18
7471,4.117162353169671,13
7472,4.032841467469635,16
7473,4.059170406191984,15
7474,4.032841467469635,16
7475,4.117162353169671,13
7476,4.117162353169671,13
7477,4.087199129792228,14
7478,4.032841467469635,16
7479,4.087199129792228,14
7480,4.059170406191984,15
7481,4.087199129792228,14
7482,4.032841467469635,16
7483,4.059170406191984,15
7484,4.149347036541072,12
7485,3.94107109411399,20
7486,4.087199129792228,14
7487,4.032841467469635,16
7488,4.087199129792228,14
7489,4.059170406191984,15
7490,4.059170406191984,15
7491,4.059170406191984,15
7492,4.149347036541072,12
7493,4.059170406191984,15
7494,4.032841467469635,16
7495,4.087199129792228,14
7496,4.059170406191984,15
7497,4.149347036541072,12
7498,4.008017883744603,17
7499,4.087199129792228,14
7500,4.117162353169671,13
7501,4.184109142800284,11
7502,4.149347036541072,12
7503,4.087199129792228,14
7504,4.087199129792228,14
7505,4.059170406191984,15
7506,4.087199129792228,14
7507,4.117162353169671,13
7508,4.087199129792228,14
7509,4.032841467469635,16
7510,4.087199129792228,14
7511,4.059170406191984,15
7512,4.087199129792228,14
7513,4.059170406191984,15
7514,4.087199129792228,14
7515,4.059170406191984,15
7516,4.087199129792228,14
7517,4.032841467469635,16
7518,4.149347036541072,12
7519,4.059170406191984,15
7520,4.059170406191984,15
7521,4.059170406191984,15
7522,4.032841467469635,16
7523,4.117162353169671,13
7524,4.184109142800284,11
7525,4.087199129792228,14
7526,4.117162353169671,13
7527,3.98453678789508,18
7528,4.117162353169671,13
7529,4.008017883744603,17
7530,4.032841467469635,16
7531,4.149347036541072,12
7532,4.059170406191984,15
7533,4.117162353169671,13
7534,4.087199129792228,14
7535,3.9622603931839278,19
7536,4.059170406191984,15
7537,4.087199129792228,14
7538,3.9622603931839278,19
7539,4.117162353169671,13
7540,4.008017883744603,17
7541,4.149347036541072,12
7542,4.087199129792228,14
7543,4.032841467469635,16
7544,4.087199129792228,14
7545,4.087199129792228,14
7546,4.059170406191984,15
7547,4.149347036541072,12
7548,4.059170406191984,15
7549,4.032841467469635,16
7550,4.087199129792228,14
7551,4.059170406191984,15
7552,4.149347036541072,12
7553,4.059170406191984,15
7554,4.059170406191984,15
7555,4.059170406191984,15
7556,5.263290388847909,0
7557,4.087199129792228,14
7558,4.087199129792228,14
7559,4.032841467469635,16
7560,4.059170406191984,15
7561,4.059170406191984,15
7562,4.032841467469635,16
7563,4.059170406191984,15
7564,4.117162353169671,13
7565,4.149347036541072,12
7566,4.059170406191984,15
7567,4.087199129792228,14
7568,4.087199129792228,14
7569,4.059170406191984,15
7570,4.087199129792228,14
7571,4.087199129792228,14
7572,4.032841467469635,16
7573,4.087199129792228,14
7574,4.059170406191984,15
7575,4.059170406191984,15
7576,4.087199129792228,14
7577,3.883079147136303,23
7578,4.117162353169671,13
7579,4.087199129792228,14
7580,4.087199129792228,14
7581,4.087199129792228,14
7582,4.032841467469635,16
7583,4.032841467469635,16
7584,4.117162353169671,13
7585,4.008017883744603,17
7586,4.059170406191984,15
7587,4.087199129792228,14
7588,4.059170406191984,15
7589,4.117162353169671,13
7590,4.221897703689684,10
7591,4.059170406191984,15
7592,4.032841467469635,16
7593,4.117162353169671,13
7594,4.184109142800284,11
7595,4.059170406191984,15
7596,4.117162353169671,13
7597,4.184109142800284,11
7598,4.059170406191984,15
7599,4.059170406191984,15
7600,4.032841467469635,16
7601,4.087199129792228,14
7602,4.059170406191984,15
7603,4.059170406191984,15
7604,4.008017883744603,17
7605,4.059170406191984,15
7606,4.008017883744603,17
7607,4.008017883744603,17
7608,4.059170406191984,15
7609,4.087199129792228,14
7610,4.087199129792228,14
7611,4.059170406191984,15
7612,4.059170406191984,15
7613,4.059170406191984,15
7614,4.032841467469635,16
7615,4.032841467469635,16
7616,4.008017883744603,17
7617,4.059170406191984,15
7618,4.087199129792228,14
7619,4.059170406191984,15
7620,4.008017883744603,17
7621,4.149347036541072,12
7622,4.008017883744603,17
7623,4.117162353169671,13
7624,4.117162353169671,13
7625,4.221897703689684,10
7626,4.032841467469635,16
7627,4.087199129792228,14
7628,4.032841467469635,16
7629,4.032841467469635,16
7630,4.117162353169671,13
7631,4.117162353169671,13
7632,4.117162353169671,13
7633,4.184109142800284,11
7634,4.059170406191984,15
7635,3.98453678789508,18
7636,4.087199129792228,14
7637,4.059170406191984,15
7638,4.117162353169671,13
7639,4.087199129792228,14
7640,4.117162353169671,13
7641,4.032841467469635,16
7642,4.117162353169671,13
7643,4.032841467469635,16
7644,4.117162353169671,13
7645,4.059170406191984,15
7646,4.059170406191984,15
7647,4.059170406191984,15
7648,4.059170406191984,15
7649,4.032841467469635,16
7650,4.087199129792228,14
7651,4.032841467469635,16
7652,4.008017883744603,17
7653,4.032841467469635,16
7654,4.008017883744603,17
7655,4.059170406191984,15
7656,4.032841467469635,16
7657,4.059170406191984,15
7658,4.032841467469635,16
7659,4.149347036541072,12
7660,4.087199129792228,14
7661,4.032841467469635,16
7662,4.087199129792228,14
7663,4.087199129792228,14
7664,4.087199129792228,14
7665,4.032841467469635,16
7666,4.149347036541072,12
7667,4.059170406191984,15
7668,4.117162353169671,13
7669,4.032841467469635,16
7670,4.059170406191984,15
7671,4.059170406191984,15
7672,4.087199129792228,14
7673,4.149347036541072,12
7674,4.087199129792228,14
7675,4.059170406191984,15
7676,4.087199129792228,14
7677,4.059170406191984,15
7678,4.149347036541072,12
7679,4.059170406191984,15
7680,4.059170406191984,15
7681,5.263290388847909,0
7682,4.032841467469635,16
7683,4.008017883744603,17
7684,4.087199129792228,14
7685,4.184109142800284,11
7686,4.117162353169671,13
7687,4.087199129792228,14
7688,4.263290388847909,9
7689,4.059170406191984,15
7690,4.059170406191984,15
7691,4.032841467469635,16
7692,4.087199129792228,14
7693,4.059170406191984,15
7694,4.087199129792228,14
7695,4.117162353169671,13
7696,4.117162353169671,13
7697,4.087199129792228,14
7698,4.032841467469635,16
7699,4.087199129792228,14
7700,4.087199129792228,14
7701,4.032841467469635,16
7702,4.087199129792228,14
7703,4.032841467469635,16
7704,4.149347036541072,12
7705,4.360200401855965,7
7706,4.059170406191984,15
7707,4.087199129792228,14
7708,4.032841467469635,16
7709,4.087199129792228,14
7710,4.059170406191984,15
7711,4.008017883744603,17
7712,3.98453678789508,18
7713,4.087199129792228,14
7714,4.263290388847909,9
7715,4.059170406191984,15
7716,4.149347036541072,12
7717,4.087199129792228,14
7718,4.032841467469635,16
7719,4.032841467469635,16
7720,4.059170406191984,15
7721,4.059170406191984,15
7722,4.032841467469635,16
7723,4.117162353169671,13
7724,4.032841467469635,16
7725,4.059170406191984,15
7726,4.032841467469635,16
7727,4.087199129792228,14
7728,4.087199129792228,14
7729,4.059170406191984,15
7730,4.059170406191984,15
7731,4.032841467469635,16
7732,4.032841467469635,16
7733,4.087199129792228,14
7734,4.032841467469635,16
7735,4.087199129792228,14
7736,4.059170406191984,15
7737,4.032841467469635,16
7738,4.184109142800284,11
7739,3.98453678789508,18
7740,4.059170406191984,15
7741,4.032841467469635,16
7742,4.117162353169671,13
7743,4.032841467469635,16
7744,4.032841467469635,16
7745,4.184109142800284,11
7746,4.008017883744603,17
7747,4.149347036541072,12
7748,4.184109142800284,11
7749,4.059170406191984,15
7750,4.059170406191984,15
7751,4.087199129792228,14
7752,4.032841467469635,16
7753,4.059170406191984,15
7754,4.087199129792228,14
7755,4.087199129792228,14
7756,4.087199129792228,14
7757,4.008017883744603,17
7758,4.032841467469635,16
7759,4.032841467469635,16
7760,4.032841467469635,16
7761,4.087199129792228,14
7762,4.059170406191984,15
7763,3.920867708025703,21
7764,4.059170406191984,15
7765,4.087199129792228,14
7766,4.149347036541072,12
7767,4.117162353169671,13
7768,4.149347036541072,12
7769,4.059170406191984,15
7770,4.032841467469635,16
7771,4.117162353169671,13
7772,3.8319266246889216,26
7773,4.087199129792228,14
7774,4.032841467469635,16
7775,4.032841467469635,16
7776,4.117162353169671,13
7777,4.032841467469635,16
7778,4.117162353169671,13
7779,4.032841467469635,16
7780,4.059170406191984,15
7781,4.087199129792228,14
7782,4.087199129792228,14
7783,4.263290388847909,9
7784,4.008017883744603,17
7785,4.117162353169671,13
7786,4.117162353169671,13
7787,4.117162353169671,13
7788,4.032841467469635,16
7789,4.059170406191984,15
7790,4.059170406191984,15
7791,4.059170406191984,15
7792,4.059170406191984,15
7793,4.149347036541072,12
7794,4.117162353169671,13
7795,4.008017883744603,17
7796,4.059170406191984,15
7797,4.149347036541072,12
7798,4.059170406191984,15
7799,4.087199129792228,14
7800,4.059170406191984,15
7801,4.059170406191984,15
7802,4.059170406191984,15
7803,4.117162353169671,13
7804,4.117162353169671,13
7805,4.184109142800284,11
7806,4.059170406191984,15
7807,4.032841467469635,16
7808,4.087199129792228,14
7809,4.149347036541072,12
7810,4.087199129792228,14
7811,4.059170406191984,15
7812,4.032841467469635,16
7813,4.117162353169671,13
7814,4.087199129792228,14
7815,4.059170406191984,15
7816,4.117162353169671,13
7817,4.149347036541072,12
7818,4.087199129792228,14
7819,4.087199129792228,14
7820,4.059170406191984,15
7821,4.032841467469635,16
7822,4.184109142800284,11
7823,4.087199129792228,14
7824,4.149347036541072,12
7825,4.087199129792228,14
7826,4.117162353169671,13
7827,4.059170406191984,15
7828,4.263290388847909,9
7829,4.087199129792228,14
7830,4.087199129792228,14
7831,4.059170406191984,15
7832,4.149347036541072,12
7833,4.032841467469635,16
7834,4.117162353169671,13
7835,4.059170406191984,15
7836,4.059170406191984,15
7837,4.087199129792228,14
7838,4.087199129792228,14
7839,4.117162353169671,13
7840,4.087199129792228,14
7841,4.059170406191984,15
7842,4.059170406191984,15
7843,4.117162353169671,13
7844,4.059170406191984,15
7845,4.087199129792228,14
7846,4.059170406191984,15
7847,4.786169134128246,2
7848,4.059170406191984,15
7849,4.059170406191984,15
7850,4.221897703689684,10
7851,4.087199129792228,14
7852,4.059170406191984,15
7853,4.117162353169671,13
7854,4.087199129792228,14
7855,4.087199129792228,14
7856,4.087199129792228,14
7857,4.087199129792228,14
7858,4.117162353169671,13
7859,4.059170406191984,15
7860,4.087199129792228,14
7861,4.032841467469635,16
7862,4.087199129792228,14
7863,4.149347036541072,12
7864,4.117162353169671,13
7865,4.087199129792228,14
7866,4.087199129792228,14
7867,4.059170406191984,15
7868,4.117162353169671,13
7869,4.263290388847909,9
7870,4.149347036541072,12
7871,4.087199129792228,14
7872,4.032841467469635,16
7873,4.059170406191984,15
7874,4.149347036541072,12
7875,4.059170406191984,15
7876,4.087199129792228,14
7877,4.059170406191984,15
7878,4.087199129792228,14
7879,4.117162353169671,13
7880,4.087199129792228,14
7881,4.087199129792228,14
7882,4.059170406191984,15
7883,4.059170406191984,15
7884,4.117162353169671,13
7885,4.087199129792228,14
7886,4.087199129792228,14
7887,4.087199129792228,14
7888,4.149347036541072,12
7889,4.059170406191984,15
7890,4.087199129792228,14
7891,4.059170406191984,15
7892,4.087199129792228,14
7893,4.059170406191984,15
7894,4.184109142800284,11
7895,5.263290388847909,0
7896,4.117162353169671,13
7897,4.117162353169671,13
7898,4.059170406191984,15
7899,4.117162353169671,13
7900,4.149347036541072,12
7901,4.059170406191984,15
7902,4.087199129792228,14
7903,4.149347036541072,12
7904,4.059170406191984,15
7905,4.087199129792228,14
7906,4.087199129792228,14
7907,4.032841467469635,16
7908,4.032841467469635,16
7909,4.008017883744603,17
7910,4.087199129792228,14
7911,4.087199129792228,14
7912,4.087199129792228,14
7913,4.221897703689684,10
7914,4.032841467469635,16
7915,4.032841467469635,16
7916,4.059170406191984,15
7917,4.087199129792228,14
7918,4.087199129792228,14
7919,4.059170406191984,15
7920,4.087199129792228,14
7921,4.059170406191984,15
7922,4.059170406191984,15
7923,4.059170406191984,15
7924,3.9015625528303164,22
7925,4.059170406191984,15
7926,4.059170406191984,15
7927,4.117162353169671,13
7928,4.117162353169671,13
7929,4.117162353169671,13
7930,4.059170406191984,15
7931,4.059170406191984,15
7932,4.032841467469635,16
7933,4.117162353169671,13
7934,4.117162353169671,13
7935,4.6612303975199465,3
7936,4.087199129792228,14
7937,4.059170406191984,15
7938,4.149347036541072,12
7939,4.059170406191984,15
7940,4.032841467469635,16
7941,4.149347036541072,12
7942,4.087199129792228,14
7943,4.087199129792228,14
7944,4.032841467469635,16
7945,4.117162353169671,13
7946,4.087199129792228,14
7947,4.117162353169671,13
7948,4.059170406191984,15
7949,4.087199129792228,14
7950,4.059170406191984,15
7951,4.059170406191984,15
7952,4.032841467469635,16
7953,4.032841467469635,16
7954,4.032841467469635,16
7955,4.117162353169671,13
7956,4.087199129792228,14
7957,4.059170406191984,15
7958,4.087199129792228,14
7959,4.263290388847909,9
7960,4.008017883744603,17
7961,4.117162353169671,13
7962,3.98453678789508,18
7963,4.059170406191984,15
7964,4.087199129792228,14
7965,4.786169134128246,2
7966,4.962260393183928,1
7967,4.032841467469635,16
7968,4.087199129792228,14
7969,4.309047879408585,8
7970,4.059170406191984,15
7971,4.032841467469635,16
7972,4.087199129792228,14
7973,4.032841467469635,16
7974,4.032841467469635,16
7975,4.117162353169671,13
7976,4.117162353169671,13
7977,4.117162353169671,13
7978,4.059170406191984,15
7979,4.117162353169671,13
7980,4.087199129792228,14
7981,4.059170406191984,15
7982,4.087199129792228,14
7983,4.117162353169671,13
7984,4.149347036541072,12
7985,4.087199129792228,14
7986,4.059170406191984,15
7987,4.117162353169671,13
7988,4.418192348833652,6
7989,4.087199129792228,14
7990,4.032841467469635,16
7991,4.087199129792228,14
7992,3.920867708025703,21
7993,4.221897703689684,10
7994,4.117162353169671,13
7995,4.263290388847909,9
7996,4.008017883744603,17
7997,4.032841467469635,16
7998,4.032841467469635,16
7999,4.032841467469635,16
8000,4.087199129792228,14
8001,4.149347036541072,12
8002,4.059170406191984,15
8003,4.418192348833652,6
8004,4.117162353169671,13
8005,4.087199129792228,14
8006,4.117162353169671,13
8007,4.059170406191984,15
8008,3.8319266246889216,26
8009,4.059170406191984,15
8010,4.032841467469635,16
8011,4.087199129792228,14
8012,4.059170406191984,15
8013,4.087199129792228,14
8014,4.149347036541072,12
8015,4.032841467469635,16
8016,4.117162353169671,13
8017,4.059170406191984,15
8018,4.087199129792228,14
8019,4.117162353169671,13
8020,4.008017883744603,17
8021,4.059170406191984,15
8022,4.059170406191984,15
8023,4.149347036541072,12
8024,4.087199129792228,14
8025,4.309047879408585,8
8026,4.087199129792228,14
8027,4.059170406191984,15
8028,4.032841467469635,16
8029,4.059170406191984,15
8030,4.087199129792228,14
8031,4.032841467469635,16
8032,4.059170406191984,15
8033,4.059170406191984,15
8034,4.087199129792228,14
8035,4.032841467469635,16
8036,4.032841467469635,16
8037,4.032841467469635,16
8038,4.032841467469635,16
8039,4.059170406191984,15
8040,4.117162353169671,13
8041,4.032841467469635,16
8042,4.032841467469635,16
8043,4.032841467469635,16
8044,4.087199129792228,14
8045,4.309047879408585,8
8046,4.117162353169671,13
8047,4.059170406191984,15
8048,4.059170406191984,15
8049,4.087199129792228,14
8050,4.059170406191984,15
8051,4.059170406191984,15
8052,4.059170406191984,15
8053,4.059170406191984,15
8054,4.059170406191984,15
8055,4.032841467469635,16
8056,4.117162353169671,13
8057,4.059170406191984,15
8058,4.087199129792228,14
8059,4.087199129792228,14
8060,4.117162353169671,13
8061,4.117162353169671,13
8062,4.032841467469635,16
8063,4.087199129792228,14
8064,4.149347036541072,12
8065,4.117162353169671,13
8066,4.032841467469635,16
8067,4.087199129792228,14
8068,4.059170406191984,15
8069,4.087199129792228,14
8070,4.032841467469635,16
8071,4.087199129792228,14
8072,4.149347036541072,12
8073,4.221897703689684,10
8074,4.087199129792228,14
8075,4.117162353169671,13
8076,4.184109142800284,11
8077,4.6612303975199465,3
8078,4.059170406191984,15
8079,4.059170406191984,15
8080,4.059170406191984,15
8081,4.059170406191984,15
8082,4.059170406191984,15
8083,4.032841467469635,16
8084,4.059170406191984,15
8085,5.263290388847909,0
8086,3.98453678789508,18
8087,4.149347036541072,12
8088,4.059170406191984,15
8089,4.059170406191984,15
8090,4.059170406191984,15
8091,4.032841467469635,16
8092,4.059170406191984,15
8093,4.087199129792228,14
8094,4.149347036541072,12
8095,4.087199129792228,14
8096,4.087199129792228,14
8097,4.087199129792228,14
8098,4.087199129792228,14
8099,4.032841467469635,16
8100,4.087199129792228,14
8101,4.059170406191984,15
8102,4.059170406191984,15
8103,4.059170406191984,15
8104,4.059170406191984,15
8105,4.087199129792228,14
8106,4.087199129792228,14
8107,4.117162353169671,13
8108,4.117162353169671,13
8109,4.032841467469635,16
8110,4.087199129792228,14
8111,4.059170406191984,15
8112,4.087199129792228,14
8113,4.149347036541072,12
8114,4.360200401855965,7
8115,4.962260393183928,1
8116,4.184109142800284,11
8117,4.087199129792228,14
8118,4.087199129792228,14
8119,4.087199129792228,14
8120,4.087199129792228,14
8121,4.56432038451189,4
8122,4.087199129792228,14
8123,4.149347036541072,12
8124,4.087199129792228,14
8125,4.485139138464265,5
8126,4.087199129792228,14
8127,4.117162353169671,13
8128,4.032841467469635,16
8129,4.059170406191984,15
8130,4.117162353169671,13
8131,4.117162353169671,13
8132,4.149347036541072,12
8133,4.032841467469635,16
8134,4.059170406191984,15
8135,4.360200401855965,7
8136,4.059170406191984,15
8137,4.117162353169671,13
8138,4.059170406191984,15
8139,4.087199129792228,14
8140,4.117162353169671,13
8141,4.059170406191984,15
8142,4.008017883744603,17
8143,4.087199129792228,14
8144,4.059170406191984,15
8145,4.087199129792228,14
8146,4.149347036541072,12
8147,4.221897703689684,10
8148,4.087199129792228,14
8149,4.008017883744603,17
8150,4.032841467469635,16
8151,4.032841467469635,16
8152,4.059170406191984,15
8153,4.149347036541072,12
8154,4.117162353169671,13
8155,4.117162353169671,13
8156,4.032841467469635,16
8157,4.117162353169671,13
8158,4.184109142800284,11
8159,4.032841467469635,16
8160,4.149347036541072,12
8161,4.032841467469635,16
8162,4.117162353169671,13
8163,4.117162353169671,13
8164,4.117162353169671,13
8165,4.087199129792228,14
8166,4.059170406191984,15
8167,4.117162353169671,13
8168,4.087199129792228,14
8169,4.149347036541072,12
8170,4.117162353169671,13
8171,4.059170406191984,15
8172,4.117162353169671,13
8173,4.117162353169671,13
8174,4.087199129792228,14
8175,4.360200401855965,7
8176,4.059170406191984,15
8177,4.059170406191984,15
8178,4.059170406191984,15
8179,4.117162353169671,13
8180,4.117162353169671,13
8181,4.149347036541072,12
8182,4.059170406191984,15
8183,4.087199129792228,14
8184,3.98453678789508,18
8185,4.087199129792228,14
8186,4.059170406191984,15
8187,4.059170406191984,15
8188,4.149347036541072,12
8189,4.56432038451189,4
8190,4.059170406191984,15
8191,3.9622603931839278,19
8192,4.087199129792228,14
8193,4.117162353169671,13
8194,4.117162353169671,13
8195,4.032841467469635,16
8196,4.087199129792228,14
8197,4.117162353169671,13
8198,4.087199129792228,14
8199,4.263290388847909,9
8200,4.059170406191984,15
8201,4.360200401855965,7
8202,4.032841467469635,16
8203,4.059170406191984,15
8204,4.087199129792228,14
8205,4.117162353169671,13
8206,4.117162353169671,13
8207,4.56432038451189,4
8208,4.059170406191984,15
8209,4.008017883744603,17
8210,4.059170406191984,15
8211,4.087199129792228,14
8212,4.032841467469635,16
8213,4.059170406191984,15
8214,4.087199129792228,14
8215,4.032841467469635,16
8216,4.087199129792228,14
8217,4.032841467469635,16
8218,4.087199129792228,14
8219,4.149347036541072,12
8220,4.032841467469635,16
8221,3.98453678789508,18
8222,4.032841467469635,16
8223,4.059170406191984,15
8224,3.800892390948953,28
8225,4.087199129792228,14
8226,4.117162353169671,13
8227,4.117162353169671,13
8228,4.786169134128246,2
8229,4.032841467469635,16
8230,4.117162353169671,13
8231,3.800892390948953,28
8232,4.087199129792228,14
8233,4.184109142800284,11
8234,4.117162353169671,13
8235,4.087199129792228,14
8236,4.008017883744603,17
8237,4.032841467469635,16
8238,4.117162353169671,13
8239,4.008017883744603,17
8240,4.117162353169671,13
8241,4.087199129792228,14
8242,4.059170406191984,15
8243,4.087199129792228,14
8244,4.032841467469635,16
8245,4.117162353169671,13
8246,4.087199129792228,14
8247,4.087199129792228,14
8248,4.059170406191984,15
8249,4.059170406191984,15
8250,4.117162353169671,13
8251,4.087199129792228,14
8252,4.485139138464265,5
8253,4.032841467469635,16
8254,4.008017883744603,17
8255,4.059170406191984,15
8256,4.059170406191984,15
8257,4.149347036541072,12
8258,4.087199129792228,14
8259,4.032841467469635,16
8260,4.032841467469635,16
8261,4.087199129792228,14
8262,4.117162353169671,13
8263,4.032841467469635,16
8264,4.087199129792228,14
8265,4.087199129792228,14
8266,4.117162353169671,13
8267,4.087199129792228,14
8268,4.059170406191984,15
8269,4.008017883744603,17
8270,4.087199129792228,14
8271,4.008017883744603,17
8272,4.087199129792228,14
8273,4.032841467469635,16
8274,4.059170406191984,15
8275,4.059170406191984,15
8276,4.059170406191984,15
8277,4.117162353169671,13
8278,4.786169134128246,2
8279,3.98453678789508,18
8280,4.059170406191984,15
8281,4.059170406191984,15
8282,4.059170406191984,15
8283,4.087199129792228,14
8284,4.059170406191984,15
8285,4.117162353169671,13
8286,4.087199129792228,14
8287,4.087199129792228,14
8288,4.087199129792228,14
8289,4.008017883744603,17
8290,4.032841467469635,16
8291,4.087199129792228,14
8292,4.087199129792228,14
8293,4.117162353169671,13
8294,4.008017883744603,17
8295,4.059170406191984,15
8296,4.087199129792228,14
8297,4.032841467469635,16
8298,4.059170406191984,15
8299,4.184109142800284,11
8300,4.032841467469635,16
8301,4.087199129792228,14
8302,4.117162353169671,13
8303,4.008017883744603,17
8304,4.087199129792228,14
8305,4.032841467469635,16
8306,4.059170406191984,15
8307,4.087199129792228,14
8308,4.087199129792228,14
8309,4.059170406191984,15
8310,4.117162353169671,13
8311,4.117162353169671,13
8312,4.059170406191984,15
8313,4.087199129792228,14
8314,4.087199129792228,14
8315,4.117162353169671,13
8316,4.117162353169671,13
8317,4.059170406191984,15
8318,4.059170406191984,15
8319,4.032841467469635,16
8320,4.184109142800284,11
8321,4.059170406191984,15
8322,4.184109142800284,11
8323,4.059170406191984,15
8324,4.087199129792228,14
8325,4.059170406191984,15
8326,4.032841467469635,16
8327,4.059170406191984,15
8328,4.221897703689684,10
8329,4.117162353169671,13
8330,4.087199129792228,14
8331,4.059170406191984,15
8332,4.059170406191984,15
8333,4.087199129792228,14
8334,4.059170406191984,15
8335,4.087199129792228,14
8336,4.059170406191984,15
8337,4.117162353169671,13
8338,4.149347036541072,12
8339,4.117162353169671,13
8340,4.263290388847909,9
8341,4.56432038451189,4
8342,4.221897703689684,10
8343,4.360200401855965,7
8344,4.117162353169671,13
8345,4.117162353169671,13
8346,4.149347036541072,12
8347,4.059170406191984,15
8348,4.059170406191984,15
8349,4.184109142800284,11
8350,4.087199129792228,14
8351,4.059170406191984,15
8352,4.117162353169671,13
8353,4.032841467469635,16
8354,4.059170406191984,15
8355,4.059170406191984,15
8356,4.059170406191984,15
8357,4.087199129792228,14
8358,4.032841467469635,16
8359,4.059170406191984,15
8360,4.032841467469635,16
8361,4.221897703689684,10
8362,4.059170406191984,15
8363,3.81613235750569,27
8364,4.059170406191984,15
8365,4.032841467469635,16
8366,4.117162353169671,13
8367,4.008017883744603,17
8368,4.087199129792228,14
8369,4.149347036541072,12
8370,4.184109142800284,11
8371,4.059170406191984,15
8372,4.149347036541072,12
8373,4.221897703689684,10
8374,4.117162353169671,13
8375,4.059170406191984,15
8376,4.087199129792228,14
8377,4.149347036541072,12
8378,4.149347036541072,12
8379,4.117162353169671,13
8380,4.032841467469635,16
8381,4.087199129792228,14
8382,4.059170406191984,15
8383,4.059170406191984,15
8384,4.032841467469635,16
8385,4.117162353169671,13
8386,4.032841467469635,16
8387,4.117162353169671,13
8388,4.059170406191984,15
8389,4.117162353169671,13
8390,4.149347036541072,12
8391,3.98453678789508,18
8392,4.117162353169671,13
8393,4.032841467469635,16
8394,4.059170406191984,15
8395,4.059170406191984,15
8396,4.087199129792228,14
8397,4.059170406191984,15
8398,4.032841467469635,16
8399,4.059170406191984,15
8400,4.032841467469635,16
8401,4.059170406191984,15
8402,4.117162353169671,13
8403,4.059170406191984,15
8404,3.9622603931839278,19
8405,4.087199129792228,14
8406,4.117162353169671,13
8407,4.117162353169671,13
8408,4.059170406191984,15
8409,4.117162353169671,13
8410,4.149347036541072,12
8411,4.184109142800284,11
8412,4.184109142800284,11
8413,4.117162353169671,13
8414,3.7719286950136364,30
8415,4.117162353169671,13
8416,4.184109142800284,11
8417,4.059170406191984,15
8418,4.184109142800284,11
8419,4.032841467469635,16
8420,4.059170406191984,15
8421,4.032841467469635,16
8422,4.087199129792228,14
8423,4.059170406191984,15
8424,4.032841467469635,16
8425,4.087199129792228,14
8426,4.059170406191984,15
8427,4.149347036541072,12
8428,4.117162353169671,13
8429,4.087199129792228,14
8430,4.087199129792228,14
8431,4.032841467469635,16
8432,4.117162353169671,13
8433,4.117162353169671,13
8434,4.56432038451189,4
8435,4.485139138464265,5
8436,4.087199129792228,14
8437,4.117162353169671,13
8438,4.221897703689684,10
8439,4.087199129792228,14
8440,4.008017883744603,17
8441,4.149347036541072,12
8442,4.117162353169671,13
8443,4.059170406191984,15
8444,4.087199129792228,14
8445,4.032841467469635,16
8446,4.149347036541072,12
8447,3.98453678789508,18
8448,4.149347036541072,12
8449,4.059170406191984,15
8450,4.087199129792228,14
8451,4.032841467469635,16
8452,4.087199129792228,14
8453,4.087199129792228,14
8454,4.149347036541072,12
8455,4.117162353169671,13
8456,4.117162353169671,13
8457,4.149347036541072,12
8458,4.117162353169671,13
8459,4.117162353169671,13
8460,4.032841467469635,16
8461,4.087199129792228,14
8462,4.059170406191984,15
8463,4.360200401855965,7
8464,4.008017883744603,17
8465,4.059170406191984,15
8466,4.184109142800284,11
8467,4.032841467469635,16
8468,4.059170406191984,15
8469,4.117162353169671,13
8470,4.149347036541072,12
8471,4.032841467469635,16
8472,4.032841467469635,16
8473,4.059170406191984,15
8474,3.98453678789508,18
8475,4.008017883744603,17
8476,4.059170406191984,15
8477,4.087199129792228,14
8478,4.032841467469635,16
8479,4.184109142800284,11
8480,4.008017883744603,17
8481,4.059170406191984,15
8482,4.149347036541072,12
8483,4.117162353169671,13
8484,4.032841467469635,16
8485,4.059170406191984,15
8486,4.117162353169671,13
8487,4.6612303975199465,3
8488,4.117162353169671,13
8489,5.263290388847909,0
8490,4.087199129792228,14
8491,4.008017883744603,17
8492,4.087199129792228,14
8493,4.56432038451189,4
8494,4.087199129792228,14
8495,4.087199129792228,14
8496,4.087199129792228,14
8497,4.087199129792228,14
8498,4.059170406191984,15
8499,4.087199129792228,14
8500,4.117162353169671,13
8501,4.032841467469635,16
8502,4.032841467469635,16
8503,4.117162353169671,13
8504,4.087199129792228,14
8505,4.184109142800284,11
8506,4.032841467469635,16
8507,3.920867708025703,21
8508,4.059170406191984,15
8509,4.032841467469635,16
8510,4.117162353169671,13
8511,4.117162353169671,13
8512,4.087199129792228,14
8513,4.087199129792228,14
8514,4.087199129792228,14
8515,4.087199129792228,14
8516,4.059170406191984,15
8517,4.087199129792228,14
8518,4.087199129792228,14
8519,4.059170406191984,15
8520,4.087199129792228,14
8521,4.087199129792228,14
8522,4.059170406191984,15
8523,4.149347036541072,12
8524,4.087199129792228,14
8525,4.032841467469635,16
8526,4.087199129792228,14
8527,4.032841467469635,16
8528,4.032841467469635,16
8529,4.309047879408585,8
8530,4.149347036541072,12
8531,4.059170406191984,15
8532,4.059170406191984,15
8533,4.087199129792228,14
8534,4.117162353169671,13
8535,4.149347036541072,12
8536,4.263290388847909,9
8537,4.032841467469635,16
8538,4.087199129792228,14
8539,4.117162353169671,13
8540,4.059170406191984,15
8541,4.087199129792228,14
8542,4.059170406191984,15
8543,4.032841467469635,16
8544,4.059170406191984,15
8545,4.059170406191984,15
8546,4.032841467469635,16
8547,4.087199129792228,14
8548,4.087199129792228,14
8549,4.087199129792228,14
8550,4.117162353169671,13
8551,4.059170406191984,15
8552,4.485139138464265,5
8553,4.087199129792228,14
8554,4.059170406191984,15
8555,4.56432038451189,4
8556,4.059170406191984,15
8557,4.117162353169671,13
8558,4.059170406191984,15
8559,4.059170406191984,15
8560,4.149347036541072,12
8561,4.059170406191984,15
8562,4.117162353169671,13
8563,4.149347036541072,12
8564,4.184109142800284,11
8565,4.032841467469635,16
8566,4.032841467469635,16
8567,4.087199129792228,14
8568,4.032841467469635,16
8569,3.98453678789508,18
8570,4.149347036541072,12
8571,4.6612303975199465,3
8572,4.56432038451189,4
8573,4.059170406191984,15
8574,4.059170406191984,15
8575,4.032841467469635,16
8576,4.059170406191984,15
8577,4.087199129792228,14
8578,4.087199129792228,14
8579,4.087199129792228,14
8580,4.087199129792228,14
8581,4.032841467469635,16
8582,4.087199129792228,14
8583,4.059170406191984,15
8584,3.98453678789508,18
8585,4.117162353169671,13
8586,3.9622603931839278,19
8587,4.117162353169671,13
8588,4.059170406191984,15
8589,4.059170406191984,15
8590,4.149347036541072,12
8591,4.059170406191984,15
8592,4.418192348833652,6
8593,4.059170406191984,15
8594,4.059170406191984,15
8595,4.117162353169671,13
8596,4.059170406191984,15
8597,4.117162353169671,13
8598,4.032841467469635,16
8599,4.149347036541072,12
8600,4.059170406191984,15
8601,4.149347036541072,12
8602,4.117162353169671,13
8603,4.087199129792228,14
8604,4.117162353169671,13
8605,4.087199129792228,14
8606,4.087199129792228,14
8607,4.221897703689684,10
8608,4.059170406191984,15
8609,4.184109142800284,11
8610,4.032841467469635,16
8611,4.032841467469635,16
8612,4.032841467469635,16
8613,4.059170406191984,15
8614,4.008017883744603,17
8615,4.087199129792228,14
8616,4.032841467469635,16
8617,4.059170406191984,15
8618,4.117162353169671,13
8619,4.117162353169671,13
8620,4.087199129792228,14
8621,4.059170406191984,15
8622,4.087199129792228,14
8623,4.087199129792228,14
8624,4.087199129792228,14
8625,4.117162353169671,13
8626,4.059170406191984,15
8627,4.087199129792228,14
8628,4.087199129792228,14
8629,4.087199129792228,14
8630,4.087199129792228,14
8631,4.087199129792228,14
8632,4.059170406191984,15
8633,4.032841467469635,16
8634,4.117162353169671,13
8635,4.117162353169671,13
8636,4.059170406191984,15
8637,4.087199129792228,14
8638,4.032841467469635,16
8639,4.117162353169671,13
8640,4.059170406191984,15
8641,4.184109142800284,11
8642,3.94107109411399,20
8643,4.184109142800284,11
8644,4.117162353169671,13
8645,4.059170406191984,15
8646,4.56432038451189,4
8647,4.032841467469635,16
8648,4.032841467469635,16
8649,4.117162353169671,13
8650,4.087199129792228,14
8651,4.032841467469635,16
8652,4.032841467469635,16
8653,4.032841467469635,16
8654,4.184109142800284,11
8655,3.8483170408770913,25
8656,4.032841467469635,16
8657,4.059170406191984,15
8658,4.149347036541072,12
8659,4.087199129792228,14
8660,4.059170406191984,15
8661,4.059170406191984,15
8662,4.032841467469635,16
8663,4.117162353169671,13
8664,4.087199129792228,14
8665,4.309047879408585,8
8666,4.087199129792228,14
8667,4.087199129792228,14
8668,4.087199129792228,14
8669,4.117162353169671,13
8670,4.149347036541072,12
8671,4.087199129792228,14
8672,4.059170406191984,15
8673,4.117162353169671,13
8674,4.032841467469635,16
8675,4.059170406191984,15
8676,4.117162353169671,13
8677,4.087199129792228,14
8678,4.117162353169671,13
8679,4.149347036541072,12
8680,4.087199129792228,14
8681,4.149347036541072,12
8682,4.263290388847909,9
8683,4.087199129792228,14
8684,4.117162353169671,13
8685,4.149347036541072,12
8686,4.059170406191984,15
8687,4.032841467469635,16
8688,4.087199129792228,14
8689,4.117162353169671,13
8690,4.059170406191984,15
8691,4.087199129792228,14
8692,4.117162353169671,13
8693,4.008017883744603,17
8694,4.149347036541072,12
8695,4.087199129792228,14
8696,4.263290388847909,9
8697,4.087199129792228,14
8698,4.059170406191984,15
8699,4.149347036541072,12
8700,4.117162353169671,13
8701,4.149347036541072,12
8702,4.117162353169671,13
8703,4.059170406191984,15
8704,4.032841467469635,16
8705,4.032841467469635,16
8706,4.184109142800284,11
8707,4.087199129792228,14
8708,4.087199129792228,14
8709,4.032841467469635,16
8710,4.008017883744603,17
8711,4.059170406191984,15
8712,4.117162353169671,13
8713,4.149347036541072,12
8714,4.032841467469635,16
8715,4.117162353169671,13
8716,4.059170406191984,15
8717,4.059170406191984,15
8718,4.087199129792228,14
8719,4.149347036541072,12
8720,4.059170406191984,15
8721,4.059170406191984,15
8722,4.008017883744603,17
8723,4.117162353169671,13
8724,4.059170406191984,15
8725,4.032841467469635,16
8726,4.059170406191984,15
8727,4.059170406191984,15
8728,4.149347036541072,12
8729,4.087199129792228,14
8730,4.059170406191984,15
8731,4.059170406191984,15
8732,4.032841467469635,16
8733,4.087199129792228,14
8734,4.087199129792228,14
8735,4.032841467469635,16
8736,4.087199129792228,14
8737,4.032841467469635,16
8738,4.059170406191984,15
8739,4.059170406191984,15
8740,3.883079147136303,23
8741,4.059170406191984,15
8742,4.117162353169671,13
8743,4.087199129792228,14
8744,4.032841467469635,16
8745,4.149347036541072,12
8746,4.059170406191984,15
8747,4.059170406191984,15
8748,4.087199129792228,14
8749,4.263290388847909,9
8750,4.149347036541072,12
8751,4.059170406191984,15
8752,4.117162353169671,13
8753,4.059170406191984,15
8754,4.087199129792228,14
8755,4.087199129792228,14
8756,4.087199129792228,14
8757,4.087199129792228,14
8758,4.087199129792228,14
8759,4.117162353169671,13
8760,4.149347036541072,12
8761,4.059170406191984,15
8762,4.059170406191984,15
8763,4.032841467469635,16
8764,4.087199129792228,14
8765,4.087199129792228,14
8766,4.117162353169671,13
8767,4.149347036541072,12
8768,4.059170406191984,15
8769,4.149347036541072,12
8770,4.117162353169671,13
8771,4.087199129792228,14
8772,4.117162353169671,13
8773,4.184109142800284,11
8774,4.087199129792228,14
8775,4.008017883744603,17
8776,4.087199129792228,14
8777,4.149347036541072,12
8778,4.087199129792228,14
8779,4.087199129792228,14
8780,4.059170406191984,15
8781,4.059170406191984,15
8782,4.032841467469635,16
8783,4.117162353169671,13
8784,4.087199129792228,14
8785,4.059170406191984,15
8786,4.032841467469635,16
8787,4.087199129792228,14
8788,4.059170406191984,15
8789,4.059170406191984,15
8790,4.087199129792228,14
8791,4.149347036541072,12
8792,4.008017883744603,17
8793,4.117162353169671,13
8794,4.059170406191984,15
8795,4.087199129792228,14
8796,4.117162353169671,13
8797,4.059170406191984,15
8798,4.059170406191984,15
8799,4.087199129792228,14
8800,4.087199129792228,14
8801,4.117162353169671,13
8802,4.059170406191984,15
8803,4.149347036541072,12
8804,4.117162353169671,13
8805,4.149347036541072,12
8806,4.087199129792228,14
8807,4.149347036541072,12
8808,4.032841467469635,16
8809,4.032841467469635,16
8810,4.6612303975199465,3
8811,4.221897703689684,10
8812,4.059170406191984,15
8813,4.032841467469635,16
8814,4.087199129792228,14
8815,4.059170406191984,15
8816,4.059170406191984,15
8817,4.087199129792228,14
8818,4.087199129792228,14
8819,4.087199129792228,14
8820,4.059170406191984,15
8821,4.032841467469635,16
8822,4.059170406191984,15
8823,4.087199129792228,14
8824,4.059170406191984,15
8825,4.485139138464265,5
8826,4.087199129792228,14
8827,4.149347036541072,12
8828,4.149347036541072,12
8829,4.059170406191984,15
8830,4.008017883744603,17
8831,4.032841467469635,16
8832,4.032841467469635,16
8833,4.008017883744603,17
8834,4.117162353169671,13
8835,4.087199129792228,14
8836,5.263290388847909,0
8837,4.263290388847909,9
8838,4.117162353169671,13
8839,4.087199129792228,14
8840,4.059170406191984,15
8841,4.117162353169671,13
8842,4.117162353169671,13
8843,4.485139138464265,5
8844,4.117162353169671,13
8845,4.117162353169671,13
8846,4.059170406191984,15
8847,4.032841467469635,16
8848,4.087199129792228,14
8849,4.008017883744603,17
8850,4.032841467469635,16
8851,4.059170406191984,15
8852,3.9622603931839278,19
8853,4.087199129792228,14
8854,4.008017883744603,17
8855,4.032841467469635,16
8856,4.059170406191984,15
8857,4.059170406191984,15
8858,4.087199129792228,14
8859,4.032841467469635,16
8860,4.263290388847909,9
8861,4.184109142800284,11
8862,4.087199129792228,14
8863,4.087199129792228,14
8864,4.117162353169671,13
8865,4.059170406191984,15
8866,4.032841467469635,16
8867,3.9622603931839278,19
8868,4.184109142800284,11
8869,4.087199129792228,14
8870,4.087199129792228,14
8871,4.059170406191984,15
8872,4.087199129792228,14
8873,4.008017883744603,17
8874,4.087199129792228,14
8875,4.059170406191984,15
8876,4.059170406191984,15
8877,4.059170406191984,15
8878,4.059170406191984,15
8879,4.117162353169671,13
8880,4.117162353169671,13
8881,4.059170406191984,15
8882,4.087199129792228,14
8883,3.9622603931839278,19
8884,4.059170406191984,15
8885,4.087199129792228,14
8886,4.087199129792228,14
8887,4.149347036541072,12
8888,4.149347036541072,12
8889,4.087199129792228,14
8890,4.117162353169671,13
8891,4.059170406191984,15
8892,4.087199129792228,14
8893,4.008017883744603,17
8894,4.087199129792228,14
8895,4.117162353169671,13
8896,4.309047879408585,8
8897,4.008017883744603,17
8898,4.032841467469635,16
8899,4.117162353169671,13
8900,4.087199129792228,14
8901,4.087199129792228,14
8902,4.032841467469635,16
8903,4.059170406191984,15
8904,4.6612303975199465,3
8905,4.087199129792228,14
8906,4.032841467469635,16
8907,4.032841467469635,16
8908,4.149347036541072,12
8909,4.117162353169671,13
8910,4.032841467469635,16
8911,4.087199129792228,14
8912,4.485139138464265,5
8913,4.117162353169671,13
8914,4.184109142800284,11
8915,3.9622603931839278,19
8916,4.149347036541072,12
8917,4.117162353169671,13
8918,4.032841467469635,16
8919,4.117162353169671,13
8920,4.962260393183928,1
8921,4.087199129792228,14
8922,4.059170406191984,15
8923,4.032841467469635,16
8924,4.059170406191984,15
8925,4.032841467469635,16
8926,4.059170406191984,15
8927,4.032841467469635,16
8928,4.117162353169671,13
8929,4.032841467469635,16
8930,5.263290388847909,0
8931,4.087199129792228,14
8932,4.117162353169671,13
8933,4.117162353169671,13
8934,4.032841467469635,16
8935,4.059170406191984,15
8936,4.032841467469635,16
8937,4.059170406191984,15
8938,4.032841467469635,16
8939,4.149347036541072,12
8940,4.032841467469635,16
8941,4.087199129792228,14
8942,4.087199129792228,14
8943,4.059170406191984,15
8944,4.087199129792228,14
8945,4.117162353169671,13
8946,4.087199129792228,14
8947,4.032841467469635,16
8948,4.059170406191984,15
8949,4.087199129792228,14
8950,4.087199129792228,14
8951,4.059170406191984,15
8952,4.059170406191984,15
8953,4.059170406191984,15
8954,4.059170406191984,15
8955,4.032841467469635,16
8956,4.309047879408585,8
8957,4.087199129792228,14
8958,4.032841467469635,16
8959,4.117162353169671,13
8960,4.032841467469635,16
8961,4.032841467469635,16
8962,4.56432038451189,4
8963,4.149347036541072,12
8964,4.184109142800284,11
8965,4.032841467469635,16
8966,4.059170406191984,15
8967,4.087199129792228,14
8968,4.059170406191984,15
8969,4.008017883744603,17
8970,4.117162353169671,13
8971,4.032841467469635,16
8972,4.059170406191984,15
8973,4.059170406191984,15
8974,4.032841467469635,16
8975,4.962260393183928,1
8976,4.117162353169671,13
8977,4.117162353169671,13
8978,4.032841467469635,16
8979,4.059170406191984,15
8980,4.117162353169671,13
8981,4.059170406191984,15
8982,4.117162353169671,13
8983,4.059170406191984,15
8984,4.032841467469635,16
8985,4.360200401855965,7
8986,4.786169134128246,2
8987,4.087199129792228,14
8988,4.149347036541072,12
8989,4.184109142800284,11
8990,4.059170406191984,15
8991,4.087199129792228,14
8992,4.087199129792228,14
8993,4.032841467469635,16
8994,4.059170406191984,15
8995,4.087199129792228,14
8996,3.98453678789508,18
8997,4.087199129792228,14
8998,4.087199129792228,14
8999,4.032841467469635,16
9000,4.032841467469635,16
9001,4.008017883744603,17
9002,4.087199129792228,14
9003,4.087199129792228,14
9004,4.059170406191984,15
9005,4.087199129792228,14
9006,4.087199129792228,14
9007,4.117162353169671,13
9008,4.087199129792228,14
9009,4.117162353169671,13
9010,4.059170406191984,15
9011,4.059170406191984,15
9012,4.087199129792228,14
9013,4.087199129792228,14
9014,4.184109142800284,11
9015,4.087199129792228,14
9016,4.059170406191984,15
9017,4.117162353169671,13
9018,4.087199129792228,14
9019,4.117162353169671,13
9020,4.059170406191984,15
9021,4.059170406191984,15
9022,4.117162353169671,13
9023,4.087199129792228,14
9024,4.087199129792228,14
9025,4.032841467469635,16
9026,4.059170406191984,15
9027,4.059170406191984,15
9028,4.087199129792228,14
9029,4.117162353169671,13
9030,4.032841467469635,16
9031,4.087199129792228,14
9032,4.059170406191984,15
9033,4.032841467469635,16
9034,4.184109142800284,11
9035,3.94107109411399,20
9036,4.087199129792228,14
9037,4.008017883744603,17
9038,4.032841467469635,16
9039,4.059170406191984,15
9040,4.087199129792228,14
9041,4.059170406191984,15
9042,4.117162353169671,13
9043,4.309047879408585,8
9044,4.032841467469635,16
9045,4.117162353169671,13
9046,4.6612303975199465,3
9047,4.149347036541072,12
9048,4.008017883744603,17
9049,4.087199129792228,14
9050,4.087199129792228,14
9051,4.087199129792228,14
9052,4.360200401855965,7
9053,4.059170406191984,15
9054,4.059170406191984,15
9055,4.117162353169671,13
9056,4.059170406191984,15
9057,4.117162353169671,13
9058,4.032841467469635,16
9059,4.008017883744603,17
9060,4.059170406191984,15
9061,4.117162353169671,13
9062,4.117162353169671,13
9063,4.032841467469635,16
9064,4.059170406191984,15
9065,4.263290388847909,9
9066,4.149347036541072,12
9067,4.149347036541072,12
9068,4.008017883744603,17
9069,4.059170406191984,15
9070,4.032841467469635,16
9071,4.087199129792228,14
9072,4.032841467469635,16
9073,4.117162353169671,13
9074,4.117162353169671,13
9075,4.059170406191984,15
9076,4.059170406191984,15
9077,3.98453678789508,18
9078,4.008017883744603,17
9079,4.087199129792228,14
9080,4.184109142800284,11
9081,4.008017883744603,17
9082,4.184109142800284,11
9083,4.059170406191984,15
9084,4.059170406191984,15
9085,4.221897703689684,10
9086,4.117162353169671,13
9087,4.087199129792228,14
9088,4.087199129792228,14
9089,4.087199129792228,14
9090,4.117162353169671,13
9091,4.059170406191984,15
9092,4.032841467469635,16
9093,4.059170406191984,15
9094,4.008017883744603,17
9095,4.032841467469635,16
9096,4.032841467469635,16
9097,4.087199129792228,14
9098,4.087199129792228,14
9099,4.117162353169671,13
9100,4.962260393183928,1
9101,4.059170406191984,15
9102,4.087199129792228,14
9103,4.059170406191984,15
9104,4.149347036541072,12
9105,4.117162353169671,13
9106,4.032841467469635,16
9107,4.087199129792228,14
9108,4.087199129792228,14
9109,4.032841467469635,16
9110,4.263290388847909,9
9111,4.117162353169671,13
9112,4.087199129792228,14
9113,4.059170406191984,15
9114,4.087199129792228,14
9115,4.032841467469635,16
9116,4.059170406191984,15
9117,4.032841467469635,16
9118,5.263290388847909,0
9119,4.117162353169671,13
9120,4.087199129792228,14
9121,4.059170406191984,15
9122,4.032841467469635,16
9123,4.032841467469635,16
9124,4.087199129792228,14
9125,4.032841467469635,16
9126,4.117162353169671,13
9127,4.56432038451189,4
9128,4.962260393183928,1
9129,4.059170406191984,15
9130,4.059170406191984,15
9131,4.008017883744603,17
9132,4.059170406191984,15
9133,4.032841467469635,16
9134,4.059170406191984,15
9135,4.059170406191984,15
9136,4.059170406191984,15
9137,4.032841467469635,16
9138,4.087199129792228,14
9139,4.184109142800284,11
9140,4.059170406191984,15
9141,4.117162353169671,13
9142,4.059170406191984,15
9143,4.059170406191984,15
9144,4.059170406191984,15
9145,4.059170406191984,15
9146,4.059170406191984,15
9147,4.059170406191984,15
9148,4.087199129792228,14
9149,4.059170406191984,15
9150,4.087199129792228,14
9151,4.032841467469635,16
9152,4.059170406191984,15
9153,4.117162353169671,13
9154,4.059170406191984,15
9155,4.059170406191984,15
9156,4.032841467469635,16
9157,4.032841467469635,16
9158,4.059170406191984,15
9159,4.087199129792228,14
9160,4.008017883744603,17
9161,4.087199129792228,14
9162,4.087199129792228,14
9163,4.962260393183928,1
9164,4.418192348833652,6
9165,4.485139138464265,5
9166,4.117162353169671,13
9167,4.059170406191984,15
9168,4.117162353169671,13
9169,4.184109142800284,11
9170,4.149347036541072,12
9171,4.032841467469635,16
9172,5.263290388847909,0
9173,4.117162353169671,13
9174,3.98453678789508,18
9175,4.059170406191984,15
9176,4.032841467469635,16
9177,4.149347036541072,12
9178,4.032841467469635,16
9179,4.087199129792228,14
9180,4.032841467469635,16
9181,4.059170406191984,15
9182,4.117162353169671,13
9183,4.087199129792228,14
9184,4.087199129792228,14
9185,4.059170406191984,15
9186,4.117162353169671,13
9187,4.117162353169671,13
9188,4.032841467469635,16
9189,4.087199129792228,14
9190,4.087199129792228,14
9191,4.059170406191984,15
9192,4.087199129792228,14
9193,4.087199129792228,14
9194,4.059170406191984,15
9195,4.032841467469635,16
9196,4.117162353169671,13
9197,4.087199129792228,14
9198,4.087199129792228,14
9199,4.087199129792228,14
9200,4.117162353169671,13
9201,4.221897703689684,10
9202,4.184109142800284,11
9203,4.087199129792228,14
9204,4.059170406191984,15
9205,4.032841467469635,16
9206,4.059170406191984,15
9207,4.087199129792228,14
9208,4.032841467469635,16
9209,4.059170406191984,15
9210,4.059170406191984,15
9211,4.059170406191984,15
9212,4.087199129792228,14
9213,4.059170406191984,15
9214,4.117162353169671,13
9215,4.032841467469635,16
9216,4.059170406191984,15
9217,4.059170406191984,15
9218,4.117162353169671,13
9219,4.059170406191984,15
9220,4.008017883744603,17
9221,4.059170406191984,15
9222,4.032841467469635,16
9223,4.059170406191984,15
9224,4.149347036541072,12
9225,4.032841467469635,16
9226,4.087199129792228,14
9227,4.087199129792228,14
9228,4.117162353169671,13
9229,4.059170406191984,15
9230,4.059170406191984,15
9231,4.059170406191984,15
9232,4.032841467469635,16
9233,4.149347036541072,12
9234,4.309047879408585,8
9235,4.059170406191984,15
9236,4.087199129792228,14
9237,4.418192348833652,6
9238,4.059170406191984,15
9239,4.059170406191984,15
9240,3.9622603931839278,19
9241,4.032841467469635,16
9242,4.117162353169671,13
9243,4.117162353169671,13
9244,4.117162353169671,13
9245,4.117162353169671,13
9246,4.059170406191984,15
9247,4.087199129792228,14
9248,4.032841467469635,16
9249,4.087199129792228,14
9250,4.117162353169671,13
9251,4.117162353169671,13
9252,4.087199129792228,14
9253,4.008017883744603,17
9254,4.117162353169671,13
9255,4.149347036541072,12
9256,4.032841467469635,16
9257,4.117162353169671,13
9258,4.059170406191984,15
9259,4.032841467469635,16
9260,4.117162353169671,13
9261,4.032841467469635,16
9262,3.98453678789508,18
9263,4.117162353169671,13
9264,4.032841467469635,16
9265,4.149347036541072,12
9266,3.81613235750569,27
9267,4.032841467469635,16
9268,4.059170406191984,15
9269,4.263290388847909,9
9270,4.117162353169671,13
9271,4.087199129792228,14
9272,4.059170406191984,15
9273,4.087199129792228,14
9274,4.059170406191984,15
9275,4.059170406191984,15
9276,4.087199129792228,14
9277,4.087199129792228,14
9278,4.059170406191984,15
9279,4.117162353169671,13
9280,4.059170406191984,15
9281,4.059170406191984,15
9282,4.032841467469635,16
9283,4.786169134128246,2
9284,4.087199129792228,14
9285,4.087199129792228,14
9286,4.059170406191984,15
9287,4.059170406191984,15
9288,4.087199129792228,14
9289,4.149347036541072,12
9290,4.059170406191984,15
9291,4.087199129792228,14
9292,4.032841467469635,16
9293,3.81613235750569,27
9294,4.117162353169671,13
9295,4.059170406191984,15
9296,4.56432038451189,4
9297,4.059170406191984,15
9298,4.087199129792228,14
9299,4.117162353169671,13
9300,4.032841467469635,16
9301,4.032841467469635,16
9302,3.731811471805654,33
9303,4.087199129792228,14
9304,4.087199129792228,14
9305,4.117162353169671,13
9306,4.087199129792228,14
9307,3.9622603931839278,19
9308,3.9622603931839278,19
9309,4.032841467469635,16
9310,4.087199129792228,14
9311,4.032841467469635,16
9312,4.221897703689684,10
9313,4.087199129792228,14
9314,4.032841467469635,16
9315,4.087199129792228,14
9316,4.008017883744603,17
9317,4.117162353169671,13
9318,4.149347036541072,12
9319,4.008017883744603,17
9320,4.087199129792228,14
9321,4.059170406191984,15
9322,4.184109142800284,11
9323,4.059170406191984,15
9324,4.008017883744603,17
9325,4.087199129792228,14
9326,4.149347036541072,12
9327,4.087199129792228,14
9328,4.087199129792228,14
9329,4.059170406191984,15
9330,4.059170406191984,15
9331,4.032841467469635,16
9332,4.117162353169671,13
9333,4.087199129792228,14
9334,4.008017883744603,17
9335,4.059170406191984,15
9336,4.087199129792228,14
9337,4.184109142800284,11
9338,4.032841467469635,16
9339,4.032841467469635,16
9340,4.059170406191984,15
9341,4.059170406191984,15
9342,4.221897703689684,10
9343,4.087199129792228,14
9344,4.221897703689684,10
9345,4.087199129792228,14
9346,4.008017883744603,17
9347,4.117162353169671,13
9348,4.087199129792228,14
9349,4.149347036541072,12
9350,4.117162353169671,13
9351,4.059170406191984,15
9352,4.059170406191984,15
9353,4.117162353169671,13
9354,3.98453678789508,18
9355,4.087199129792228,14
9356,4.117162353169671,13
9357,4.059170406191984,15
9358,4.008017883744603,17
9359,4.059170406191984,15
9360,4.032841467469635,16
9361,4.059170406191984,15
9362,4.059170406191984,15
9363,5.263290388847909,0
9364,4.032841467469635,16
9365,4.032841467469635,16
9366,4.087199129792228,14
9367,4.032841467469635,16
9368,4.032841467469635,16
9369,4.059170406191984,15
9370,4.117162353169671,13
9371,4.149347036541072,12
9372,4.117162353169671,13
9373,3.9015625528303164,22
9374,4.032841467469635,16
9375,4.059170406191984,15
9376,4.087199129792228,14
9377,4.059170406191984,15
9378,4.087199129792228,14
9379,4.087199129792228,14
9380,3.8653503801758715,24
9381,4.032841467469635,16
9382,4.087199129792228,14
9383,4.149347036541072,12
9384,4.059170406191984,15
9385,4.032841467469635,16
9386,4.087199129792228,14
9387,4.059170406191984,15
9388,4.087199129792228,14
9389,4.149347036541072,12
9390,4.059170406191984,15
9391,4.032841467469635,16
9392,4.117162353169671,13
9393,4.032841467469635,16
9394,4.221897703689684,10
9395,4.059170406191984,15
9396,4.059170406191984,15
9397,4.117162353169671,13
9398,4.263290388847909,9
9399,4.059170406191984,15
9400,4.032841467469635,16
9401,4.117162353169671,13
9402,4.117162353169671,13
9403,4.56432038451189,4
9404,4.032841467469635,16
9405,4.059170406191984,15
9406,4.059170406191984,15
9407,4.117162353169671,13
9408,4.117162353169671,13
9409,4.059170406191984,15
9410,4.149347036541072,12
9411,4.117162353169671,13
9412,4.117162353169671,13
9413,4.962260393183928,1
9414,4.149347036541072,12
9415,4.786169134128246,2
9416,4.117162353169671,13
9417,4.059170406191984,15
9418,4.087199129792228,14
9419,4.221897703689684,10
9420,4.032841467469635,16
9421,4.962260393183928,1
9422,4.117162353169671,13
9423,4.087199129792228,14
9424,4.087199129792228,14
9425,3.8483170408770913,25
9426,4.059170406191984,15
9427,4.149347036541072,12
9428,4.059170406191984,15
9429,4.059170406191984,15
9430,4.059170406191984,15
9431,4.032841467469635,16
9432,4.032841467469635,16
9433,4.117162353169671,13
9434,4.059170406191984,15
9435,5.263290388847909,0
9436,4.059170406191984,15
9437,4.184109142800284,11
9438,4.032841467469635,16
9439,4.032841467469635,16
9440,4.032841467469635,16
9441,4.117162353169671,13
9442,4.117162353169671,13
9443,4.059170406191984,15
9444,4.087199129792228,14
9445,4.087199129792228,14
9446,4.087199129792228,14
9447,4.087199129792228,14
9448,4.087199129792228,14
9449,4.032841467469635,16
9450,4.087199129792228,14
9451,4.059170406191984,15
9452,4.059170406191984,15
9453,4.032841467469635,16
9454,4.962260393183928,1
9455,4.149347036541072,12
9456,4.962260393183928,1
9457,3.9622603931839278,19
9458,4.059170406191984,15
9459,4.032841467469635,16
9460,4.117162353169671,13
9461,4.032841467469635,16
9462,4.059170406191984,15
9463,4.032841467469635,16
9464,4.087199129792228,14
9465,4.059170406191984,15
9466,4.786169134128246,2
9467,4.087199129792228,14
9468,4.032841467469635,16
9469,4.087199129792228,14
9470,4.059170406191984,15
9471,4.117162353169671,13
9472,4.059170406191984,15
9473,4.008017883744603,17
9474,4.059170406191984,15
9475,4.087199129792228,14
9476,4.184109142800284,11
9477,3.9622603931839278,19
9478,4.059170406191984,15
9479,4.117162353169671,13
9480,4.117162353169671,13
9481,4.184109142800284,11
9482,4.059170406191984,15
9483,4.117162353169671,13
9484,4.117162353169671,13
9485,4.032841467469635,16
9486,4.117162353169671,13
9487,4.087199129792228,14
9488,4.149347036541072,12
9489,4.059170406191984,15
9490,4.087199129792228,14
9491,4.059170406191984,15
9492,4.56432038451189,4
9493,4.059170406191984,15
9494,4.309047879408585,8
9495,4.059170406191984,15
9496,4.087199129792228,14
9497,4.485139138464265,5
9498,4.087199129792228,14
9499,4.087199129792228,14
9500,4.059170406191984,15
9501,4.117162353169671,13
9502,4.087199129792228,14
9503,4.032841467469635,16
9504,4.149347036541072,12
9505,4.117162353169671,13
9506,4.087199129792228,14
9507,4.032841467469635,16
9508,4.059170406191984,15
9509,4.117162353169671,13
9510,4.087199129792228,14
9511,4.117162353169671,13
9512,4.087199129792228,14
9513,4.059170406191984,15
9514,4.059170406191984,15
9515,4.032841467469635,16
9516,4.087199129792228,14
9517,4.117162353169671,13
9518,4.184109142800284,11
9519,4.059170406191984,15
9520,4.059170406191984,15
9521,4.149347036541072,12
9522,4.087199129792228,14
9523,4.184109142800284,11
9524,3.94107109411399,20
9525,3.98453678789508,18
9526,4.149347036541072,12
9527,4.184109142800284,11
9528,4.117162353169671,13
9529,4.184109142800284,11
9530,4.117162353169671,13
9531,4.117162353169671,13
9532,4.117162353169671,13
9533,4.059170406191984,15
9534,4.087199129792228,14
9535,4.087199129792228,14
9536,4.117162353169671,13
9537,4.059170406191984,15
9538,4.149347036541072,12
9539,4.149347036541072,12
9540,4.117162353169671,13
9541,4.032841467469635,16
9542,4.087199129792228,14
9543,4.059170406191984,15
9544,4.117162353169671,13
9545,4.032841467469635,16
9546,4.485139138464265,5
9547,4.309047879408585,8
9548,4.149347036541072,12
9549,4.087199129792228,14
9550,4.087199129792228,14
9551,4.6612303975199465,3
9552,4.059170406191984,15
9553,4.087199129792228,14
9554,4.117162353169671,13
9555,4.149347036541072,12
9556,4.087199129792228,14
9557,4.059170406191984,15
9558,3.98453678789508,18
9559,4.032841467469635,16
9560,4.059170406191984,15
9561,4.184109142800284,11
9562,4.008017883744603,17
9563,4.032841467469635,16
9564,4.032841467469635,16
9565,4.087199129792228,14
9566,4.059170406191984,15
9567,4.117162353169671,13
9568,4.059170406191984,15
9569,4.059170406191984,15
9570,4.059170406191984,15
9571,4.149347036541072,12
9572,4.149347036541072,12
9573,4.032841467469635,16
9574,4.032841467469635,16
9575,4.117162353169671,13
9576,4.008017883744603,17
9577,4.117162353169671,13
9578,4.059170406191984,15
9579,4.117162353169671,13
9580,4.032841467469635,16
9581,4.485139138464265,5
9582,4.149347036541072,12
9583,4.149347036541072,12
9584,4.059170406191984,15
9585,4.059170406191984,15
9586,4.149347036541072,12
9587,3.8319266246889216,26
9588,4.087199129792228,14
9589,4.221897703689684,10
9590,4.008017883744603,17
9591,4.032841467469635,16
9592,4.032841467469635,16
9593,4.087199129792228,14
9594,4.117162353169671,13
9595,4.059170406191984,15
9596,4.087199129792228,14
9597,4.087199129792228,14
9598,4.087199129792228,14
9599,4.117162353169671,13
9600,4.117162353169671,13
9601,4.117162353169671,13
9602,4.059170406191984,15
9603,3.9622603931839278,19
9604,4.117162353169671,13
9605,4.059170406191984,15
9606,4.087199129792228,14
9607,4.059170406191984,15
9608,4.117162353169671,13
9609,4.032841467469635,16
9610,4.087199129792228,14
9611,4.087199129792228,14
9612,4.117162353169671,13
9613,4.087199129792228,14
9614,4.087199129792228,14
9615,4.087199129792228,14
9616,4.059170406191984,15
9617,4.059170406191984,15
9618,4.059170406191984,15
9619,4.059170406191984,15
9620,4.032841467469635,16
9621,4.032841467469635,16
9622,4.032841467469635,16
9623,4.087199129792228,14
9624,4.117162353169671,13
9625,4.149347036541072,12
9626,4.149347036541072,12
9627,4.059170406191984,15
9628,4.008017883744603,17
9629,4.117162353169671,13
9630,4.059170406191984,15
9631,4.032841467469635,16
9632,4.149347036541072,12
9633,4.032841467469635,16
9634,4.059170406191984,15
9635,4.059170406191984,15
9636,4.117162353169671,13
9637,4.008017883744603,17
9638,4.087199129792228,14
9639,4.059170406191984,15
9640,4.087199129792228,14
9641,4.032841467469635,16
9642,4.087199129792228,14
9643,4.087199129792228,14
9644,4.032841467469635,16
9645,4.087199129792228,14
9646,4.032841467469635,16
9647,4.087199129792228,14
9648,4.184109142800284,11
9649,4.117162353169671,13
9650,4.008017883744603,17
9651,4.087199129792228,14
9652,4.059170406191984,15
9653,4.087199129792228,14
9654,4.087199129792228,14
9655,4.117162353169671,13
9656,4.059170406191984,15
9657,4.117162353169671,13
9658,4.059170406191984,15
9659,4.087199129792228,14
9660,4.087199129792228,14
9661,4.117162353169671,13
9662,4.087199129792228,14
9663,4.184109142800284,11
9664,4.032841467469635,16
9665,4.117162353169671,13
9666,4.087199129792228,14
9667,4.087199129792228,14
9668,4.184109142800284,11
9669,4.059170406191984,15
9670,4.087199129792228,14
9671,4.117162353169671,13
9672,4.117162353169671,13
9673,4.117162353169671,13
9674,4.059170406191984,15
9675,4.059170406191984,15
9676,4.087199129792228,14
9677,3.9622603931839278,19
9678,4.117162353169671,13
9679,4.059170406191984,15
9680,4.059170406191984,15
9681,4.087199129792228,14
9682,4.087199129792228,14
9683,4.117162353169671,13
9684,4.149347036541072,12
9685,4.087199129792228,14
9686,4.149347036541072,12
9687,4.117162353169671,13
9688,4.059170406191984,15
9689,4.117162353169671,13
9690,4.117162353169671,13
9691,3.98453678789508,18
9692,4.117162353169671,13
9693,4.117162353169671,13
9694,4.117162353169671,13
9695,4.059170406191984,15
9696,4.149347036541072,12
9697,3.81613235750569,27
9698,4.032841467469635,16
9699,4.149347036541072,12
9700,4.032841467469635,16
9701,4.059170406191984,15
9702,4.117162353169671,13
9703,4.059170406191984,15
9704,4.032841467469635,16
9705,4.087199129792228,14
9706,4.087199129792228,14
9707,4.149347036541072,12
9708,4.087199129792228,14
9709,4.087199129792228,14
9710,4.087199129792228,14
9711,4.087199129792228,14
9712,4.087199129792228,14
9713,4.059170406191984,15
9714,4.032841467469635,16
9715,4.485139138464265,5
9716,4.032841467469635,16
9717,4.117162353169671,13
9718,4.059170406191984,15
9719,4.087199129792228,14
9720,4.032841467469635,16
9721,4.087199129792228,14
9722,4.309047879408585,8
9723,4.117162353169671,13
9724,4.087199129792228,14
9725,4.360200401855965,7
9726,4.087199129792228,14
9727,4.032841467469635,16
9728,5.263290388847909,0
9729,4.962260393183928,1
9730,4.309047879408585,8
9731,4.087199129792228,14
9732,4.087199129792228,14
9733,4.008017883744603,17
9734,4.059170406191984,15
9735,4.117162353169671,13
9736,3.800892390948953,28
9737,4.032841467469635,16
9738,4.087199129792228,14
9739,4.059170406191984,15
9740,4.117162353169671,13
9741,4.117162353169671,13
9742,4.117162353169671,13
9743,4.032841467469635,16
9744,4.032841467469635,16
9745,4.032841467469635,16
9746,4.087199129792228,14
9747,4.117162353169671,13
9748,4.087199129792228,14
9749,4.008017883744603,17
9750,4.032841467469635,16
9751,4.149347036541072,12
9752,4.032841467469635,16
9753,4.032841467469635,16
9754,4.087199129792228,14
9755,4.485139138464265,5
9756,4.087199129792228,14
9757,4.032841467469635,16
9758,4.032841467469635,16
9759,4.087199129792228,14
9760,4.087199129792228,14
9761,5.263290388847909,0
9762,4.059170406191984,15
9763,4.059170406191984,15
9764,4.263290388847909,9
9765,4.059170406191984,15
9766,4.117162353169671,13
9767,4.059170406191984,15
9768,4.059170406191984,15
9769,4.032841467469635,16
9770,4.117162353169671,13
9771,4.059170406191984,15
9772,4.087199129792228,14
9773,4.059170406191984,15
9774,4.059170406191984,15
9775,4.059170406191984,15
9776,4.032841467469635,16
9777,4.059170406191984,15
9778,4.059170406191984,15
9779,4.117162353169671,13
9780,4.032841467469635,16
9781,4.087199129792228,14
9782,4.117162353169671,13
9783,4.117162353169671,13
9784,4.059170406191984,15
9785,4.032841467469635,16
9786,4.087199129792228,14
9787,3.94107109411399,20
9788,4.149347036541072,12
9789,4.309047879408585,8
9790,4.117162353169671,13
9791,4.117162353169671,13
9792,4.059170406191984,15
9793,4.117162353169671,13
9794,4.087199129792228,14
9795,4.087199129792228,14
9796,4.059170406191984,15
9797,4.032841467469635,16
9798,4.032841467469635,16
9799,4.117162353169671,13
9800,4.032841467469635,16
9801,4.117162353169671,13
9802,4.032841467469635,16
9803,4.008017883744603,17
9804,3.94107109411399,20
9805,4.059170406191984,15
9806,4.059170406191984,15
9807,4.087199129792228,14
9808,4.087199129792228,14
9809,4.059170406191984,15
9810,4.117162353169671,13
9811,4.059170406191984,15
9812,4.059170406191984,15
9813,3.94107109411399,20
9814,4.059170406191984,15
9815,4.117162353169671,13
9816,4.032841467469635,16
9817,4.059170406191984,15
9818,4.087199129792228,14
9819,4.184109142800284,11
9820,4.087199129792228,14
9821,4.117162353169671,13
9822,4.087199129792228,14
9823,4.087199129792228,14
9824,4.059170406191984,15
9825,4.087199129792228,14
9826,4.059170406191984,15
9827,4.059170406191984,15
9828,4.117162353169671,13
9829,4.059170406191984,15
9830,4.087199129792228,14
9831,4.149347036541072,12
9832,4.117162353169671,13
9833,4.032841467469635,16
9834,5.263290388847909,0
9835,4.032841467469635,16
9836,4.087199129792228,14
9837,4.032841467469635,16
9838,4.087199129792228,14
9839,4.087199129792228,14
9840,4.117162353169671,13
9841,4.149347036541072,12
9842,4.059170406191984,15
9843,4.149347036541072,12
9844,4.962260393183928,1
9845,4.059170406191984,15
9846,4.059170406191984,15
9847,4.087199129792228,14
9848,4.418192348833652,6
9849,4.059170406191984,15
9850,4.032841467469635,16
9851,4.117162353169671,13
9852,4.117162353169671,13
9853,4.184109142800284,11
9854,4.059170406191984,15
9855,4.059170406191984,15
9856,3.94107109411399,20
9857,4.087199129792228,14
9858,4.059170406191984,15
9859,4.032841467469635,16
9860,4.087199129792228,14
9861,4.117162353169671,13
9862,4.059170406191984,15
9863,4.087199129792228,14
9864,4.059170406191984,15
9865,4.149347036541072,12
9866,4.059170406191984,15
9867,4.087199129792228,14
9868,4.032841467469635,16
9869,4.032841467469635,16
9870,4.149347036541072,12
9871,3.98453678789508,18
9872,4.087199129792228,14
9873,4.087199129792228,14
9874,4.032841467469635,16
9875,4.117162353169671,13
9876,4.087199129792228,14
9877,4.059170406191984,15
9878,4.059170406191984,15
9879,4.087199129792228,14
9880,4.059170406191984,15
9881,4.087199129792228,14
9882,4.008017883744603,17
9883,4.059170406191984,15
9884,4.032841467469635,16
9885,4.117162353169671,13
9886,4.117162353169671,13
9887,4.360200401855965,7
9888,4.059170406191984,15
9889,4.087199129792228,14
9890,4.309047879408585,8
9891,4.263290388847909,9
9892,4.059170406191984,15
9893,4.087199129792228,14
9894,4.032841467469635,16
9895,4.087199129792228,14
9896,4.059170406191984,15
9897,4.087199129792228,14
9898,4.087199129792228,14
9899,4.786169134128246,2
9900,4.117162353169671,13
9901,4.117162353169671,13
9902,4.087199129792228,14
9903,4.059170406191984,15
9904,3.98453678789508,18
9905,4.059170406191984,15
9906,4.059170406191984,15
9907,3.7192223444976333,34
9908,4.087199129792228,14
9909,4.087199129792228,14
9910,4.008017883744603,17
9911,3.800892390948953,28
9912,4.117162353169671,13
9913,4.087199129792228,14
9914,4.263290388847909,9
9915,4.059170406191984,15
9916,4.008017883744603,17
9917,4.087199129792228,14
9918,4.059170406191984,15
9919,4.059170406191984,15
9920,4.418192348833652,6
9921,4.059170406191984,15
9922,4.059170406191984,15
9923,4.059170406191984,15
9924,4.059170406191984,15
9925,4.117162353169671,13
9926,4.032841467469635,16
9927,4.309047879408585,8
9928,4.032841467469635,16
9929,4.008017883744603,17
9930,4.149347036541072,12
9931,4.117162353169671,13
9932,4.087199129792228,14
9933,4.087199129792228,14
9934,4.032841467469635,16
9935,4.059170406191984,15
9936,4.087199129792228,14
9937,4.059170406191984,15
9938,4.184109142800284,11
9939,5.263290388847909,0
9940,4.117162353169671,13
9941,4.059170406191984,15
9942,4.087199129792228,14
9943,4.149347036541072,12
9944,4.059170406191984,15
9945,4.032841467469635,16
9946,4.059170406191984,15
9947,4.059170406191984,15
9948,4.117162353169671,13
9949,4.117162353169671,13
9950,4.786169134128246,2
9951,4.059170406191984,15
9952,4.059170406191984,15
9953,4.087199129792228,14
9954,4.117162353169671,13
9955,4.008017883744603,17
9956,4.059170406191984,15
9957,4.032841467469635,16
9958,4.117162353169671,13
9959,4.059170406191984,15
9960,4.059170406191984,15
9961,4.032841467469635,16
9962,4.087199129792228,14
9963,3.94107109411399,20
9964,4.184109142800284,11
9965,4.087199129792228,14
9966,4.087199129792228,14
9967,4.117162353169671,13
9968,4.087199129792228,14
9969,4.087199129792228,14
9970,4.032841467469635,16
9971,4.087199129792228,14
9972,4.117162353169671,13
9973,4.087199129792228,14
9974,4.032841467469635,16
9975,4.087199129792228,14
9976,4.149347036541072,12
9977,4.059170406191984,15
9978,4.087199129792228,14
9979,4.008017883744603,17
9980,4.087199129792228,14
9981,4.059170406191984,15
9982,4.032841467469635,16
9983,4.962260393183928,1
9984,4.032841467469635,16
9985,4.032841467469635,16
9986,4.087199129792228,14
9987,4.059170406191984,15
9988,4.032841467469635,16
9989,4.087199129792228,14
9990,4.087199129792228,14
9991,4.962260393183928,1
9992,4.087199129792228,14
9993,4.032841467469635,16
9994,4.117162353169671,13
9995,4.117162353169671,13
9996,4.059170406191984,15
9997,4.032841467469635,16
9998,4.117162353169671,13
9999,4.117162353169671,13
10000,4.149347036541072,12
10001,4.087199129792228,14
10002,4.087199129792228,14
10003,4.032841467469635,16
10004,4.059170406191984,15
10005,4.008017883744603,17
10006,3.883079147136303,23
10007,4.059170406191984,15
10008,4.059170406191984,15
10009,4.087199129792228,14
10010,4.418192348833652,6
10011,4.059170406191984,15
10012,4.008017883744603,17
10013,3.94107109411399,20
10014,4.059170406191984,15
10015,3.94107109411399,20
10016,3.98453678789508,18
10017,4.059170406191984,15
10018,4.059170406191984,15
10019,4.059170406191984,15
10020,4.117162353169671,13
10021,4.087199129792228,14
10022,4.059170406191984,15
10023,4.087199129792228,14
10024,4.059170406191984,15
10025,4.087199129792228,14
10026,4.059170406191984,15
10027,4.087199129792228,14
10028,4.117162353169671,13
10029,4.149347036541072,12
10030,4.059170406191984,15
10031,4.059170406191984,15
10032,3.920867708025703,21
10033,4.008017883744603,17
10034,4.032841467469635,16
10035,4.032841467469635,16
10036,4.087199129792228,14
10037,4.059170406191984,15
10038,4.059170406191984,15
10039,4.059170406191984,15
10040,4.6612303975199465,3
10041,4.059170406191984,15
10042,4.087199129792228,14
10043,4.087199129792228,14
10044,3.98453678789508,18
10045,4.032841467469635,16
10046,4.032841467469635,16
10047,4.059170406191984,15
10048,4.149347036541072,12
10049,4.059170406191984,15
10050,4.117162353169671,13
10051,4.059170406191984,15
10052,4.087199129792228,14
10053,4.032841467469635,16
10054,4.149347036541072,12
10055,4.059170406191984,15
10056,4.059170406191984,15
10057,4.059170406191984,15
10058,4.56432038451189,4
10059,4.059170406191984,15
10060,4.059170406191984,15
10061,4.059170406191984,15
10062,4.059170406191984,15
10063,4.032841467469635,16
10064,4.360200401855965,7
10065,4.117162353169671,13
10066,3.98453678789508,18
10067,4.117162353169671,13
10068,3.920867708025703,21
10069,4.032841467469635,16
10070,4.309047879408585,8
10071,4.117162353169671,13
10072,4.059170406191984,15
10073,4.059170406191984,15
10074,4.059170406191984,15
10075,4.117162353169671,13
10076,4.309047879408585,8
10077,4.149347036541072,12
10078,4.117162353169671,13
10079,4.032841467469635,16
10080,4.032841467469635,16
10081,4.117162353169671,13
10082,4.962260393183928,1
10083,4.087199129792228,14
10084,4.032841467469635,16
10085,4.059170406191984,15
10086,4.008017883744603,17
10087,4.117162353169671,13
10088,4.059170406191984,15
10089,4.149347036541072,12
10090,4.087199129792228,14
10091,4.032841467469635,16
10092,4.117162353169671,13
10093,4.032841467469635,16
10094,4.087199129792228,14
10095,4.032841467469635,16
10096,4.117162353169671,13
10097,4.6612303975199465,3
10098,4.087199129792228,14
10099,4.184109142800284,11
10100,4.059170406191984,15
10101,4.117162353169671,13
10102,4.309047879408585,8
10103,4.008017883744603,17
10104,4.059170406191984,15
10105,4.184109142800284,11
10106,4.087199129792228,14
10107,4.149347036541072,12
10108,4.087199129792228,14
10109,4.149347036541072,12
10110,4.059170406191984,15
10111,4.087199129792228,14
10112,4.117162353169671,13
10113,4.059170406191984,15
10114,4.360200401855965,7
10115,4.117162353169671,13
10116,4.117162353169671,13
10117,4.059170406191984,15
10118,4.221897703689684,10
10119,4.087199129792228,14
10120,4.032841467469635,16
10121,4.032841467469635,16
10122,4.059170406191984,15
10123,4.962260393183928,1
10124,4.221897703689684,10
10125,4.087199129792228,14
10126,4.087199129792228,14
10127,4.117162353169671,13
10128,4.059170406191984,15
10129,4.059170406191984,15
10130,4.032841467469635,16
10131,4.087199129792228,14
10132,4.117162353169671,13
10133,4.087199129792228,14
10134,4.059170406191984,15
10135,4.059170406191984,15
10136,4.117162353169671,13
10137,4.786169134128246,2
10138,4.032841467469635,16
10139,4.117162353169671,13
10140,4.117162353169671,13
10141,4.059170406191984,15
10142,4.059170406191984,15
10143,4.087199129792228,14
10144,4.059170406191984,15
10145,4.360200401855965,7
10146,4.059170406191984,15
10147,4.087199129792228,14
10148,4.117162353169671,13
10149,4.059170406191984,15
10150,3.98453678789508,18
10151,4.032841467469635,16
10152,4.117162353169671,13
10153,4.032841467469635,16
10154,4.087199129792228,14
10155,4.087199129792228,14
10156,4.059170406191984,15
10157,4.087199129792228,14
10158,4.059170406191984,15
10159,4.6612303975199465,3
10160,4.149347036541072,12
10161,4.032841467469635,16
10162,4.087199129792228,14
10163,4.087199129792228,14
10164,4.032841467469635,16
10165,4.6612303975199465,3
10166,4.059170406191984,15
10167,4.221897703689684,10
10168,4.008017883744603,17
10169,4.032841467469635,16
10170,4.087199129792228,14
10171,4.032841467469635,16
10172,4.059170406191984,15
10173,4.059170406191984,15
10174,4.059170406191984,15
10175,4.087199129792228,14
10176,4.032841467469635,16
10177,4.149347036541072,12
10178,4.087199129792228,14
10179,4.059170406191984,15
10180,3.98453678789508,18
10181,4.059170406191984,15
10182,4.032841467469635,16
10183,4.008017883744603,17
10184,4.485139138464265,5
10185,4.221897703689684,10
10186,4.418192348833652,6
10187,4.032841467469635,16
10188,4.032841467469635,16
10189,4.032841467469635,16
10190,4.117162353169671,13
10191,4.087199129792228,14
10192,4.117162353169671,13
10193,4.032841467469635,16
10194,4.117162353169671,13
10195,4.087199129792228,14
10196,4.008017883744603,17
10197,4.6612303975199465,3
10198,4.6612303975199465,3
10199,4.087199129792228,14
10200,4.059170406191984,15
10201,4.087199129792228,14
10202,4.087199129792228,14
10203,4.087199129792228,14
10204,5.263290388847909,0
10205,4.117162353169671,13
10206,4.087199129792228,14
10207,4.059170406191984,15
10208,4.032841467469635,16
10209,4.087199129792228,14
10210,4.059170406191984,15
10211,4.032841467469635,16
10212,4.032841467469635,16
10213,4.059170406191984,15
10214,4.786169134128246,2
10215,4.485139138464265,5
10216,4.263290388847909,9
10217,4.418192348833652,6
10218,4.184109142800284,11
10219,4.786169134128246,2
10220,4.485139138464265,5
10221,3.94107109411399,20
10222,4.059170406191984,15
10223,4.309047879408585,8
10224,4.117162353169671,13
10225,4.087199129792228,14
10226,4.032841467469635,16
10227,4.56432038451189,4
10228,4.117162353169671,13
10229,4.087199129792228,14
10230,4.059170406191984,15
10231,4.008017883744603,17
10232,4.485139138464265,5
10233,4.032841467469635,16
10234,4.117162353169671,13
10235,4.059170406191984,15
10236,4.032841467469635,16
10237,4.263290388847909,9
10238,4.032841467469635,16
10239,4.087199129792228,14
10240,4.221897703689684,10
10241,4.087199129792228,14
10242,4.117162353169671,13
10243,4.117162353169671,13
10244,4.221897703689684,10
10245,4.117162353169671,13
10246,4.032841467469635,16
10247,4.059170406191984,15
10248,4.087199129792228,14
10249,4.087199129792228,14
10250,4.059170406191984,15
10251,4.059170406191984,15
10252,4.032841467469635,16
10253,4.059170406191984,15
10254,4.56432038451189,4
10255,4.087199129792228,14
10256,4.962260393183928,1
10257,4.149347036541072,12
10258,4.087199129792228,14
10259,4.059170406191984,15
10260,4.221897703689684,10
10261,4.149347036541072,12
10262,4.087199129792228,14
10263,4.087199129792228,14
10264,4.309047879408585,8
10265,4.117162353169671,13
10266,4.184109142800284,11
10267,4.059170406191984,15
10268,4.309047879408585,8
10269,4.117162353169671,13
10270,4.117162353169671,13
10271,4.117162353169671,13
10272,4.008017883744603,17
10273,4.087199129792228,14
10274,4.059170406191984,15
10275,4.008017883744603,17
10276,4.059170406191984,15
10277,4.087199129792228,14
10278,4.032841467469635,16
10279,4.117162353169671,13
10280,4.087199129792228,14
10281,4.087199129792228,14
10282,4.360200401855965,7
10283,4.087199129792228,14
10284,4.184109142800284,11
10285,4.6612303975199465,3
10286,4.117162353169671,13
10287,4.059170406191984,15
10288,4.087199129792228,14
10289,4.059170406191984,15
10290,4.059170406191984,15
10291,4.087199129792228,14
10292,4.962260393183928,1
10293,3.9622603931839278,19
10294,4.56432038451189,4
10295,4.087199129792228,14
10296,4.032841467469635,16
10297,4.6612303975199465,3
10298,4.059170406191984,15
10299,4.149347036541072,12
10300,4.184109142800284,11
10301,4.149347036541072,12
10302,4.6612303975199465,3
10303,3.98453678789508,18
10304,4.360200401855965,7
10305,4.059170406191984,15
10306,4.032841467469635,16
10307,4.309047879408585,8
10308,4.087199129792228,14
10309,4.087199129792228,14
10310,4.032841467469635,16
10311,4.485139138464265,5
10312,4.059170406191984,15
10313,4.087199129792228,14
10314,4.087199129792228,14
10315,4.117162353169671,13
10316,4.117162353169671,13
10317,4.263290388847909,9
10318,4.059170406191984,15
10319,4.008017883744603,17
10320,4.059170406191984,15
10321,4.059170406191984,15
10322,4.087199129792228,14
10323,4.6612303975199465,3
10324,4.059170406191984,15
10325,4.485139138464265,5
10326,4.786169134128246,2
10327,4.087199129792228,14
10328,4.032841467469635,16
10329,4.059170406191984,15
10330,4.962260393183928,1
10331,4.117162353169671,13
10332,4.059170406191984,15
10333,4.117162353169671,13
10334,4.221897703689684,10
10335,4.032841467469635,16
10336,4.360200401855965,7
10337,4.149347036541072,12
10338,4.309047879408585,8
10339,4.087199129792228,14
10340,4.221897703689684,10
10341,4.008017883744603,17
10342,4.032841467469635,16
10343,4.360200401855965,7
10344,4.184109142800284,11
10345,4.008017883744603,17
10346,4.184109142800284,11
10347,4.008017883744603,17
10348,4.117162353169671,13
10349,4.032841467469635,16
10350,4.117162353169671,13
10351,4.087199129792228,14
10352,4.221897703689684,10
10353,4.008017883744603,17
10354,4.059170406191984,15
10355,4.059170406191984,15
10356,4.117162353169671,13
10357,4.117162353169671,13
10358,4.485139138464265,5
10359,4.149347036541072,12
10360,3.9622603931839278,19
10361,4.149347036541072,12
10362,4.087199129792228,14
10363,4.087199129792228,14
10364,4.149347036541072,12
10365,4.087199129792228,14
10366,4.117162353169671,13
10367,4.032841467469635,16
10368,4.008017883744603,17
10369,4.087199129792228,14
10370,4.059170406191984,15
10371,5.263290388847909,0
10372,4.087199129792228,14
10373,4.087199129792228,14
10374,4.059170406191984,15
10375,4.059170406191984,15
10376,4.087199129792228,14
10377,4.087199129792228,14
10378,4.059170406191984,15
10379,4.059170406191984,15
10380,4.032841467469635,16
10381,4.087199129792228,14
10382,4.221897703689684,10
10383,4.032841467469635,16
10384,4.087199129792228,14
10385,4.032841467469635,16
10386,4.485139138464265,5
10387,4.059170406191984,15
10388,4.059170406191984,15
10389,4.087199129792228,14
10390,4.032841467469635,16
10391,4.117162353169671,13
10392,4.117162353169671,13
10393,4.117162353169671,13
10394,4.032841467469635,16
10395,4.008017883744603,17
10396,3.98453678789508,18
10397,4.087199129792228,14
10398,4.117162353169671,13
10399,4.059170406191984,15
10400,4.117162353169671,13
10401,4.149347036541072,12
10402,4.059170406191984,15
10403,4.149347036541072,12
10404,4.149347036541072,12
10405,4.032841467469635,16
10406,4.059170406191984,15
10407,4.087199129792228,14
10408,4.263290388847909,9
10409,4.008017883744603,17
10410,4.059170406191984,15
10411,4.117162353169671,13
10412,4.059170406191984,15
10413,4.032841467469635,16
10414,4.032841467469635,16
10415,4.184109142800284,11
10416,3.920867708025703,21
10417,3.920867708025703,21
10418,4.087199129792228,14
10419,4.032841467469635,16
10420,4.059170406191984,15
10421,4.221897703689684,10
10422,4.184109142800284,11
10423,4.087199129792228,14
10424,4.008017883744603,17
10425,4.059170406191984,15
10426,4.149347036541072,12
10427,4.032841467469635,16
10428,4.184109142800284,11
10429,4.059170406191984,15
10430,4.032841467469635,16
10431,4.032841467469635,16
10432,4.059170406191984,15
10433,4.117162353169671,13
10434,4.087199129792228,14
10435,4.059170406191984,15
10436,4.059170406191984,15
10437,4.221897703689684,10
10438,3.98453678789508,18
10439,4.221897703689684,10
10440,4.117162353169671,13
10441,4.059170406191984,15
10442,4.087199129792228,14
10443,4.059170406191984,15
10444,4.032841467469635,16
10445,4.059170406191984,15
10446,4.032841467469635,16
10447,4.059170406191984,15
10448,4.087199129792228,14
10449,4.149347036541072,12
10450,4.008017883744603,17
10451,4.087199129792228,14
10452,4.087199129792228,14
10453,4.087199129792228,14
10454,4.117162353169671,13
10455,4.087199129792228,14
10456,4.087199129792228,14
10457,4.008017883744603,17
10458,4.032841467469635,16
10459,4.087199129792228,14
10460,4.032841467469635,16
10461,4.6612303975199465,3
10462,4.087199129792228,14
10463,3.98453678789508,18
10464,4.059170406191984,15
10465,4.059170406191984,15
10466,4.032841467469635,16
10467,4.059170406191984,15
10468,4.184109142800284,11
10469,4.059170406191984,15
10470,4.059170406191984,15
10471,4.117162353169671,13
10472,4.032841467469635,16
10473,3.9622603931839278,19
10474,4.117162353169671,13
10475,4.184109142800284,11
10476,3.98453678789508,18
10477,4.032841467469635,16
10478,4.059170406191984,15
10479,4.032841467469635,16
10480,4.059170406191984,15
10481,4.059170406191984,15
10482,4.087199129792228,14
10483,4.087199129792228,14
10484,4.117162353169671,13
10485,4.059170406191984,15
10486,4.032841467469635,16
10487,4.087199129792228,14
10488,4.087199129792228,14
10489,4.059170406191984,15
10490,4.032841467469635,16
10491,4.032841467469635,16
10492,4.059170406191984,15
10493,4.087199129792228,14
10494,4.059170406191984,15
10495,4.087199129792228,14
10496,4.087199129792228,14
10497,4.117162353169671,13
10498,4.117162353169671,13
10499,4.087199129792228,14
10500,4.032841467469635,16
10501,4.117162353169671,13
10502,4.087199129792228,14
10503,5.263290388847909,0
10504,4.059170406191984,15
10505,4.087199129792228,14
10506,4.059170406191984,15
10507,4.059170406191984,15
10508,4.059170406191984,15
10509,4.032841467469635,16
10510,4.309047879408585,8
10511,4.184109142800284,11
10512,4.087199129792228,14
10513,4.117162353169671,13
10514,4.032841467469635,16
10515,4.059170406191984,15
10516,4.032841467469635,16
10517,4.032841467469635,16
10518,4.032841467469635,16
10519,3.81613235750569,27
10520,4.117162353169671,13
10521,4.059170406191984,15
10522,3.98453678789508,18
10523,4.149347036541072,12
10524,4.418192348833652,6
10525,4.087199129792228,14
10526,4.059170406191984,15
10527,4.117162353169671,13
10528,4.059170406191984,15
10529,4.149347036541072,12
10530,4.032841467469635,16
10531,4.059170406191984,15
10532,4.032841467469635,16
10533,3.98453678789508,18
10534,3.94107109411399,20
10535,4.117162353169671,13
10536,4.087199129792228,14
10537,4.032841467469635,16
10538,4.360200401855965,7
10539,4.117162353169671,13
10540,4.008017883744603,17
10541,4.032841467469635,16
10542,4.117162353169671,13
10543,4.087199129792228,14
10544,4.032841467469635,16
10545,4.059170406191984,15
10546,4.008017883744603,17
10547,3.8319266246889216,26
10548,4.059170406191984,15
10549,4.032841467469635,16
10550,3.98453678789508,18
10551,4.008017883744603,17
10552,4.087199129792228,14
10553,4.059170406191984,15
10554,4.117162353169671,13
10555,4.059170406191984,15
10556,4.032841467469635,16
10557,4.087199129792228,14
10558,4.149347036541072,12
10559,4.059170406191984,15
10560,4.117162353169671,13
10561,4.184109142800284,11
10562,4.6612303975199465,3
10563,4.117162353169671,13
10564,4.059170406191984,15
10565,4.117162353169671,13
10566,3.98453678789508,18
10567,4.56432038451189,4
10568,4.032841467469635,16
10569,4.032841467469635,16
10570,4.087199129792228,14
10571,5.263290388847909,0
10572,4.149347036541072,12
10573,4.221897703689684,10
10574,5.263290388847909,0
10575,5.263290388847909,0
10576,4.059170406191984,15
10577,4.059170406191984,15
10578,4.6612303975199465,3
10579,4.962260393183928,1
10580,4.184109142800284,11
10581,4.6612303975199465,3
10582,4.221897703689684,10
10583,4.032841467469635,16
10584,4.6612303975199465,3
10585,4.032841467469635,16
10586,4.087199129792228,14
10587,4.059170406191984,15
10588,4.032841467469635,16
10589,4.032841467469635,16
10590,4.087199129792228,14
10591,5.263290388847909,0
10592,5.263290388847909,0
10593,5.263290388847909,0
10594,5.263290388847909,0
10595,4.962260393183928,1
10596,4.059170406191984,15
10597,4.117162353169671,13
10598,4.117162353169671,13
10599,4.418192348833652,6
10600,4.117162353169671,13
10601,4.418192348833652,6
10602,4.087199129792228,14
10603,5.263290388847909,0
10604,4.786169134128246,2
10605,4.087199129792228,14
10606,4.008017883744603,17
10607,4.059170406191984,15
10608,4.059170406191984,15
10609,4.032841467469635,16
10610,4.087199129792228,14
10611,4.059170406191984,15
10612,4.087199129792228,14
10613,4.087199129792228,14
10614,4.117162353169671,13
10615,4.117162353169671,13
10616,4.059170406191984,15
10617,4.087199129792228,14
10618,5.263290388847909,0
10619,4.962260393183928,1
10620,4.032841467469635,16
10621,4.059170406191984,15
10622,4.087199129792228,14
10623,4.117162353169671,13
10624,4.032841467469635,16
10625,4.059170406191984,15
10626,4.059170406191984,15
10627,4.184109142800284,11
10628,5.263290388847909,0
10629,4.117162353169671,13
10630,4.149347036541072,12
10631,4.786169134128246,2
10632,4.032841467469635,16
10633,4.149347036541072,12
10634,4.059170406191984,15
10635,4.059170406191984,15
10636,4.149347036541072,12
10637,5.263290388847909,0
10638,4.032841467469635,16
10639,5.263290388847909,0
10640,4.059170406191984,15
10641,4.149347036541072,12
10642,4.184109142800284,11
10643,4.032841467469635,16
10644,4.360200401855965,7
10645,4.059170406191984,15
10646,4.184109142800284,11
10647,4.962260393183928,1
10648,4.087199129792228,14
10649,5.263290388847909,0
10650,4.117162353169671,13
10651,3.98453678789508,18
10652,4.149347036541072,12
10653,3.8319266246889216,26
10654,4.117162353169671,13
10655,4.087199129792228,14
10656,4.184109142800284,11
10657,4.032841467469635,16
10658,4.087199129792228,14
10659,4.184109142800284,11
10660,4.087199129792228,14
10661,4.184109142800284,11
10662,5.263290388847909,0
10663,4.485139138464265,5
10664,4.117162353169671,13
10665,4.117162353169671,13
10666,3.8319266246889216,26
10667,4.032841467469635,16
10668,4.059170406191984,15
10669,4.059170406191984,15
10670,4.184109142800284,11
10671,3.9015625528303164,22
10672,4.309047879408585,8
10673,4.087199129792228,14
10674,4.008017883744603,17
10675,4.059170406191984,15
10676,4.059170406191984,15
10677,4.117162353169671,13
10678,3.9622603931839278,19
10679,4.059170406191984,15
10680,4.56432038451189,4
10681,4.087199129792228,14
10682,4.117162353169671,13
10683,3.920867708025703,21
10684,4.149347036541072,12
10685,4.059170406191984,15
10686,4.008017883744603,17
10687,5.263290388847909,0
10688,4.149347036541072,12
10689,4.008017883744603,17
10690,4.032841467469635,16
10691,4.087199129792228,14
10692,4.263290388847909,9
10693,4.059170406191984,15
10694,4.059170406191984,15
10695,4.032841467469635,16
10696,4.059170406191984,15
10697,4.032841467469635,16
10698,4.149347036541072,12
10699,4.149347036541072,12
10700,4.149347036541072,12
10701,4.032841467469635,16
10702,5.263290388847909,0
10703,4.962260393183928,1
10704,4.184109142800284,11
10705,4.149347036541072,12
10706,4.087199129792228,14
10707,4.117162353169671,13
10708,4.087199129792228,14
10709,4.087199129792228,14
10710,4.117162353169671,13
10711,4.032841467469635,16
10712,4.087199129792228,14
10713,4.008017883744603,17
10714,3.883079147136303,23
10715,4.008017883744603,17
10716,4.149347036541072,12
10717,4.184109142800284,11
10718,4.059170406191984,15
10719,4.032841467469635,16
10720,4.087199129792228,14
10721,4.032841467469635,16
10722,4.059170406191984,15
10723,5.263290388847909,0
10724,4.059170406191984,15
10725,3.758140410528003,31
10726,4.117162353169671,13
10727,4.962260393183928,1
10728,4.008017883744603,17
10729,4.149347036541072,12
10730,4.184109142800284,11
10731,4.149347036541072,12
10732,4.059170406191984,15
10733,4.087199129792228,14
10734,4.117162353169671,13
10735,4.149347036541072,12
10736,3.98453678789508,18
10737,4.059170406191984,15
10738,4.786169134128246,2
10739,4.032841467469635,16
10740,4.059170406191984,15
10741,4.309047879408585,8
10742,4.059170406191984,15
10743,5.263290388847909,0
10744,4.059170406191984,15
10745,4.032841467469635,16
10746,4.087199129792228,14
10747,4.059170406191984,15
10748,4.263290388847909,9
10749,4.117162353169671,13
10750,4.032841467469635,16
10751,4.059170406191984,15
10752,4.059170406191984,15
10753,4.032841467469635,16
10754,4.059170406191984,15
10755,4.117162353169671,13
10756,3.7719286950136364,30
10757,4.059170406191984,15
10758,4.087199129792228,14
10759,4.059170406191984,15
10760,4.117162353169671,13
10761,4.059170406191984,15
10762,4.087199129792228,14
10763,4.059170406191984,15
10764,4.059170406191984,15
10765,4.032841467469635,16
10766,4.087199129792228,14
10767,4.117162353169671,13
10768,4.087199129792228,14
10769,4.059170406191984,15
10770,4.117162353169671,13
10771,4.149347036541072,12
10772,4.087199129792228,14
10773,4.032841467469635,16
10774,4.059170406191984,15
10775,4.059170406191984,15
10776,4.149347036541072,12
10777,4.087199129792228,14
10778,4.059170406191984,15
10779,4.149347036541072,12
10780,4.059170406191984,15
10781,4.059170406191984,15
10782,4.059170406191984,15
10783,4.087199129792228,14
10784,4.059170406191984,15
10785,4.087199129792228,14
10786,4.184109142800284,11
10787,4.059170406191984,15
10788,4.059170406191984,15
10789,4.087199129792228,14
10790,4.149347036541072,12
10791,4.087199129792228,14
10792,4.184109142800284,11
10793,4.059170406191984,15
10794,4.008017883744603,17
10795,4.087199129792228,14
10796,4.117162353169671,13
10797,4.008017883744603,17
10798,4.087199129792228,14
10799,3.7719286950136364,30
10800,4.087199129792228,14
10801,4.309047879408585,8
10802,4.263290388847909,9
10803,4.117162353169671,13
10804,4.032841467469635,16
10805,4.117162353169671,13
10806,4.059170406191984,15
10807,4.032841467469635,16
10808,4.087199129792228,14
10809,4.087199129792228,14
10810,4.059170406191984,15
10811,4.032841467469635,16
10812,4.087199129792228,14
10813,4.059170406191984,15
10814,4.032841467469635,16
10815,4.059170406191984,15
10816,4.059170406191984,15
10817,4.059170406191984,15
10818,4.032841467469635,16
10819,4.059170406191984,15
10820,4.087199129792228,14
10821,4.059170406191984,15
10822,4.087199129792228,14
10823,4.117162353169671,13
10824,4.032841467469635,16
10825,4.149347036541072,12
10826,4.117162353169671,13
10827,4.087199129792228,14
10828,4.149347036541072,12
10829,4.059170406191984,15
10830,4.059170406191984,15
10831,4.117162353169671,13
10832,4.059170406191984,15
10833,4.087199129792228,14
10834,4.087199129792228,14
10835,4.087199129792228,14
10836,4.032841467469635,16
10837,4.087199129792228,14
10838,4.221897703689684,10
10839,4.117162353169671,13
10840,4.117162353169671,13
10841,4.059170406191984,15
10842,4.149347036541072,12
10843,4.149347036541072,12
10844,4.059170406191984,15
10845,3.800892390948953,28
10846,4.087199129792228,14
10847,4.059170406191984,15
10848,4.059170406191984,15
10849,4.117162353169671,13
10850,4.059170406191984,15
10851,4.087199129792228,14
10852,4.221897703689684,10
10853,4.221897703689684,10
10854,4.221897703689684,10
10855,4.087199129792228,14
10856,4.149347036541072,12
10857,4.087199129792228,14
10858,4.059170406191984,15
10859,4.059170406191984,15
10860,4.059170406191984,15
10861,4.032841467469635,16
10862,4.117162353169671,13
10863,4.059170406191984,15
10864,4.087199129792228,14
10865,4.087199129792228,14
10866,4.149347036541072,12
10867,4.059170406191984,15
10868,4.059170406191984,15
10869,3.758140410528003,31
10870,4.087199129792228,14
10871,4.149347036541072,12
10872,4.087199129792228,14
10873,3.7719286950136364,30
10874,4.059170406191984,15
10875,4.117162353169671,13
10876,4.059170406191984,15
10877,3.81613235750569,27
10878,4.087199129792228,14
10879,4.059170406191984,15
10880,4.117162353169671,13
10881,4.117162353169671,13
10882,4.059170406191984,15
10883,4.087199129792228,14
10884,4.087199129792228,14
10885,4.087199129792228,14
10886,4.087199129792228,14
10887,4.087199129792228,14
10888,4.059170406191984,15
10889,4.059170406191984,15
10890,4.032841467469635,16
10891,4.117162353169671,13
10892,4.059170406191984,15
10893,4.087199129792228,14
10894,4.117162353169671,13
10895,4.117162353169671,13
10896,4.059170406191984,15
10897,3.800892390948953,28
10898,4.117162353169671,13
10899,4.008017883744603,17
10900,4.059170406191984,15
10901,4.059170406191984,15
10902,4.059170406191984,15
10903,4.059170406191984,15
10904,4.087199129792228,14
10905,4.117162353169671,13
10906,4.087199129792228,14
10907,4.149347036541072,12
10908,4.059170406191984,15
10909,4.117162353169671,13
10910,4.962260393183928,1
10911,4.117162353169671,13
10912,4.309047879408585,8
10913,4.087199129792228,14
10914,4.149347036541072,12
10915,4.149347036541072,12
10916,4.087199129792228,14
10917,4.184109142800284,11
10918,4.087199129792228,14
10919,4.117162353169671,13
10920,4.786169134128246,2
10921,4.032841467469635,16
10922,4.008017883744603,17
10923,4.059170406191984,15
10924,3.9622603931839278,19
10925,4.087199129792228,14
10926,4.059170406191984,15
10927,4.087199129792228,14
10928,4.087199129792228,14
10929,4.059170406191984,15
10930,4.184109142800284,11
10931,4.032841467469635,16
10932,4.360200401855965,7
10933,4.117162353169671,13
10934,4.117162353169671,13
10935,4.117162353169671,13
10936,3.800892390948953,28
10937,4.059170406191984,15
10938,4.087199129792228,14
10939,4.184109142800284,11
10940,4.059170406191984,15
10941,4.117162353169671,13
10942,3.9622603931839278,19
10943,4.008017883744603,17
10944,5.263290388847909,0
10945,4.117162353169671,13
10946,4.117162353169671,13
10947,3.98453678789508,18
10948,4.059170406191984,15
10949,4.117162353169671,13
10950,3.786169134128247,29
10951,4.087199129792228,14
10952,4.087199129792228,14
10953,4.059170406191984,15
10954,4.087199129792228,14
10955,4.117162353169671,13
10956,4.059170406191984,15
10957,4.032841467469635,16
10958,4.087199129792228,14
10959,4.059170406191984,15
10960,4.117162353169671,13
10961,4.087199129792228,14
10962,4.087199129792228,14
10963,4.117162353169671,13
10964,4.059170406191984,15
10965,4.087199129792228,14
10966,4.032841467469635,16
10967,4.117162353169671,13
10968,4.059170406191984,15
10969,4.032841467469635,16
10970,3.883079147136303,23
10971,4.087199129792228,14
10972,4.059170406191984,15
10973,4.117162353169671,13
10974,4.059170406191984,15
10975,4.087199129792228,14
10976,4.087199129792228,14
10977,4.059170406191984,15
10978,4.184109142800284,11
10979,4.059170406191984,15
10980,4.149347036541072,12
10981,4.087199129792228,14
10982,4.059170406191984,15
10983,4.117162353169671,13
10984,3.786169134128247,29
10985,4.032841467469635,16
10986,4.087199129792228,14
10987,4.032841467469635,16
10988,4.032841467469635,16
10989,4.032841467469635,16
10990,4.059170406191984,15
10991,4.149347036541072,12
10992,4.059170406191984,15
10993,4.418192348833652,6
10994,4.117162353169671,13
10995,4.032841467469635,16
10996,4.059170406191984,15
10997,4.6612303975199465,3
10998,4.087199129792228,14
10999,4.485139138464265,5
11000,4.087199129792228,14
11001,4.087199129792228,14
11002,4.087199129792228,14
11003,4.117162353169671,13
11004,4.087199129792228,14
11005,4.059170406191984,15
11006,4.032841467469635,16
11007,4.059170406191984,15
11008,5.263290388847909,0
11009,4.117162353169671,13
11010,4.149347036541072,12
11011,4.962260393183928,1
11012,4.149347036541072,12
11013,4.032841467469635,16
11014,4.032841467469635,16
11015,4.059170406191984,15
11016,4.117162353169671,13
11017,4.087199129792228,14
11018,4.087199129792228,14
11019,4.032841467469635,16
11020,4.032841467469635,16
11021,4.149347036541072,12
11022,4.087199129792228,14
11023,4.032841467469635,16
11024,4.117162353169671,13
11025,4.117162353169671,13
11026,4.087199129792228,14
11027,4.032841467469635,16
11028,4.032841467469635,16
11029,4.032841467469635,16
11030,4.117162353169671,13
11031,4.117162353169671,13
11032,4.149347036541072,12
11033,4.087199129792228,14
11034,4.087199129792228,14
11035,4.032841467469635,16
11036,4.117162353169671,13
11037,4.087199129792228,14
11038,4.087199129792228,14
11039,4.032841467469635,16
11040,4.032841467469635,16
11041,4.087199129792228,14
11042,4.117162353169671,13
11043,4.008017883744603,17
11044,4.059170406191984,15
11045,4.087199129792228,14
11046,4.087199129792228,14
11047,4.263290388847909,9
11048,4.059170406191984,15
11049,4.032841467469635,16
11050,4.087199129792228,14
11051,4.032841467469635,16
11052,4.087199129792228,14
11053,4.087199129792228,14
11054,4.087199129792228,14
11055,4.032841467469635,16
11056,4.184109142800284,11
11057,4.149347036541072,12
11058,4.117162353169671,13
11059,4.032841467469635,16
11060,4.059170406191984,15
11061,4.032841467469635,16
11062,4.032841467469635,16
11063,4.087199129792228,14
11064,4.149347036541072,12
11065,4.087199129792228,14
11066,4.059170406191984,15
11067,4.087199129792228,14
11068,4.117162353169671,13
11069,4.059170406191984,15
11070,4.059170406191984,15
11071,4.117162353169671,13
11072,4.032841467469635,16
11073,3.9622603931839278,19
11074,4.149347036541072,12
11075,4.485139138464265,5
11076,4.117162353169671,13
11077,4.184109142800284,11
11078,4.087199129792228,14
11079,4.032841467469635,16
11080,4.059170406191984,15
11081,4.008017883744603,17
11082,4.117162353169671,13
11083,4.087199129792228,14
11084,4.485139138464265,5
11085,4.087199129792228,14
11086,4.117162353169671,13
11087,3.7719286950136364,30
11088,4.087199129792228,14
11089,4.117162353169671,13
11090,4.059170406191984,15
11091,4.149347036541072,12
11092,4.087199129792228,14
11093,4.149347036541072,12
11094,4.087199129792228,14
11095,5.263290388847909,0
11096,4.221897703689684,10
11097,4.149347036541072,12
11098,4.059170406191984,15
11099,4.786169134128246,2
11100,4.149347036541072,12
11101,4.087199129792228,14
11102,4.032841467469635,16
11103,4.087199129792228,14
11104,4.360200401855965,7
11105,4.962260393183928,1
11106,4.117162353169671,13
11107,4.184109142800284,11
11108,4.059170406191984,15
11109,4.008017883744603,17
11110,4.059170406191984,15
11111,4.087199129792228,14
11112,4.032841467469635,16
11113,4.087199129792228,14
11114,5.263290388847909,0
11115,4.059170406191984,15
11116,4.059170406191984,15
11117,4.087199129792228,14
11118,4.059170406191984,15
11119,4.184109142800284,11
11120,4.087199129792228,14
11121,4.485139138464265,5
11122,4.149347036541072,12
11123,4.032841467469635,16
11124,4.117162353169671,13
11125,4.059170406191984,15
11126,4.087199129792228,14
11127,4.117162353169671,13
11128,4.032841467469635,16
11129,4.117162353169671,13
11130,4.059170406191984,15
11131,4.087199129792228,14
11132,4.087199129792228,14
11133,4.117162353169671,13
11134,4.059170406191984,15
11135,4.008017883744603,17
11136,4.059170406191984,15
11137,4.059170406191984,15
11138,4.087199129792228,14
11139,4.059170406191984,15
11140,4.786169134128246,2
11141,4.117162353169671,13
11142,4.087199129792228,14
11143,4.418192348833652,6
11144,4.418192348833652,6
11145,4.149347036541072,12
11146,4.087199129792228,14
11147,4.117162353169671,13
11148,4.184109142800284,11
11149,4.059170406191984,15
11150,4.087199129792228,14
11151,4.032841467469635,16
11152,4.059170406191984,15
11153,4.117162353169671,13
11154,4.032841467469635,16
11155,4.360200401855965,7
11156,4.087199129792228,14
11157,4.087199129792228,14
11158,3.800892390948953,28
11159,3.98453678789508,18
11160,4.962260393183928,1
11161,4.087199129792228,14
11162,4.117162353169671,13
11163,4.032841467469635,16
11164,4.149347036541072,12
11165,4.117162353169671,13
11166,4.117162353169671,13
11167,4.117162353169671,13
11168,4.087199129792228,14
11169,4.087199129792228,14
11170,4.087199129792228,14
11171,4.117162353169671,13
11172,4.117162353169671,13
11173,4.117162353169671,13
11174,4.184109142800284,11
11175,4.032841467469635,16
11176,4.087199129792228,14
11177,4.117162353169671,13
11178,4.117162353169671,13
11179,4.059170406191984,15
11180,4.032841467469635,16
11181,4.117162353169671,13
11182,4.059170406191984,15
11183,4.059170406191984,15
11184,4.059170406191984,15
11185,4.117162353169671,13
11186,4.087199129792228,14
11187,4.117162353169671,13
11188,4.059170406191984,15
11189,3.7719286950136364,30
11190,4.149347036541072,12
11191,4.059170406191984,15
11192,3.731811471805654,33
11193,4.221897703689684,10
11194,4.059170406191984,15
11195,4.059170406191984,15
11196,4.117162353169671,13
11197,4.032841467469635,16
11198,4.117162353169671,13
11199,4.6612303975199465,3
11200,4.149347036541072,12
11201,4.360200401855965,7
11202,4.117162353169671,13
11203,4.184109142800284,11
11204,4.117162353169671,13
11205,4.087199129792228,14
11206,4.309047879408585,8
11207,4.184109142800284,11
11208,4.087199129792228,14
11209,4.032841467469635,16
11210,4.117162353169671,13
11211,3.98453678789508,18
11212,4.059170406191984,15
11213,4.032841467469635,16
11214,4.008017883744603,17
11215,4.117162353169671,13
11216,4.149347036541072,12
11217,4.149347036541072,12
11218,5.263290388847909,0
11219,3.9622603931839278,19
11220,4.56432038451189,4
11221,4.032841467469635,16
11222,4.56432038451189,4
11223,4.032841467469635,16
11224,3.9622603931839278,19
11225,4.117162353169671,13
11226,3.9622603931839278,19
11227,3.8653503801758715,24
11228,4.032841467469635,16
11229,4.032841467469635,16
11230,4.117162353169671,13
11231,4.485139138464265,5
11232,4.087199129792228,14
11233,4.087199129792228,14
11234,4.117162353169671,13
11235,4.360200401855965,7
11236,4.117162353169671,13
11237,4.087199129792228,14
11238,4.032841467469635,16
11239,4.117162353169671,13
11240,4.149347036541072,12
11241,4.117162353169671,13
11242,4.059170406191984,15
11243,4.184109142800284,11
11244,4.117162353169671,13
11245,4.087199129792228,14
11246,4.117162353169671,13
11247,4.008017883744603,17
11248,4.149347036541072,12
11249,4.032841467469635,16
11250,4.221897703689684,10
11251,4.149347036541072,12
11252,4.059170406191984,15
11253,4.008017883744603,17
11254,4.008017883744603,17
11255,4.059170406191984,15
11256,4.087199129792228,14
11257,4.032841467469635,16
11258,4.059170406191984,15
11259,4.786169134128246,2
11260,4.059170406191984,15
11261,3.786169134128247,29
11262,4.149347036541072,12
11263,4.087199129792228,14
11264,4.117162353169671,13
11265,3.7719286950136364,30
11266,3.9622603931839278,19
11267,4.032841467469635,16
11268,4.059170406191984,15
11269,4.117162353169671,13
11270,5.263290388847909,0
11271,4.087199129792228,14
11272,4.008017883744603,17
11273,4.962260393183928,1
11274,4.059170406191984,15
11275,4.032841467469635,16
11276,4.149347036541072,12
11277,4.059170406191984,15
11278,4.059170406191984,15
11279,4.087199129792228,14
11280,4.032841467469635,16
11281,4.117162353169671,13
11282,4.059170406191984,15
11283,4.032841467469635,16
11284,4.087199129792228,14
11285,4.008017883744603,17
11286,4.087199129792228,14
11287,4.087199129792228,14
11288,4.087199129792228,14
11289,4.117162353169671,13
11290,4.087199129792228,14
11291,4.059170406191984,15
11292,4.032841467469635,16
11293,4.087199129792228,14
11294,4.117162353169671,13
11295,4.059170406191984,15
11296,4.059170406191984,15
11297,4.059170406191984,15
11298,4.032841467469635,16
11299,4.087199129792228,14
11300,4.117162353169671,13
11301,4.184109142800284,11
11302,4.059170406191984,15
11303,4.059170406191984,15
11304,4.032841467469635,16
11305,4.032841467469635,16
11306,4.087199129792228,14
11307,4.087199129792228,14
11308,4.360200401855965,7
11309,4.032841467469635,16
11310,4.087199129792228,14
11311,4.087199129792228,14
11312,4.032841467469635,16
11313,4.087199129792228,14
11314,4.087199129792228,14
11315,4.087199129792228,14
11316,4.087199129792228,14
11317,4.059170406191984,15
11318,4.059170406191984,15
11319,4.032841467469635,16
11320,4.059170406191984,15
11321,4.087199129792228,14
11322,4.059170406191984,15
11323,4.56432038451189,4
11324,4.117162353169671,13
11325,4.087199129792228,14
11326,4.059170406191984,15
11327,4.117162353169671,13
11328,3.98453678789508,18
11329,4.059170406191984,15
11330,4.032841467469635,16
11331,4.087199129792228,14
11332,4.059170406191984,15
11333,4.117162353169671,13
11334,4.059170406191984,15
11335,4.059170406191984,15
11336,4.059170406191984,15
11337,4.149347036541072,12
11338,4.059170406191984,15
11339,4.087199129792228,14
11340,3.98453678789508,18
11341,4.032841467469635,16
11342,4.087199129792228,14
11343,4.032841467469635,16
11344,4.087199129792228,14
11345,4.059170406191984,15
11346,4.008017883744603,17
11347,4.149347036541072,12
11348,4.117162353169671,13
11349,4.032841467469635,16
11350,4.008017883744603,17
11351,4.059170406191984,15
11352,4.087199129792228,14
11353,4.008017883744603,17
11354,4.059170406191984,15
11355,3.94107109411399,20
11356,4.087199129792228,14
11357,4.008017883744603,17
11358,4.059170406191984,15
11359,3.683506792231099,37
11360,4.032841467469635,16
11361,4.032841467469635,16
11362,4.008017883744603,17
11363,4.008017883744603,17
11364,4.032841467469635,16
11365,4.059170406191984,15
11366,3.98453678789508,18
11367,4.149347036541072,12
11368,4.087199129792228,14
11369,3.98453678789508,18
11370,4.149347036541072,12
11371,4.6612303975199465,3
11372,4.418192348833652,6
11373,4.059170406191984,15
11374,4.962260393183928,1
11375,4.032841467469635,16
11376,4.032841467469635,16
11377,4.059170406191984,15
11378,4.087199129792228,14
11379,4.418192348833652,6
11380,4.149347036541072,12
11381,4.059170406191984,15
11382,4.117162353169671,13
11383,4.059170406191984,15
11384,4.059170406191984,15
11385,4.087199129792228,14
11386,4.184109142800284,11
11387,4.117162353169671,13
11388,4.059170406191984,15
11389,5.263290388847909,0
11390,4.149347036541072,12
11391,3.582049151472322,47
11392,4.032841467469635,16
11393,4.360200401855965,7
11394,4.485139138464265,5
11395,4.117162353169671,13
11396,4.221897703689684,10
11397,4.059170406191984,15
11398,4.032841467469635,16
11399,4.149347036541072,12
11400,3.9622603931839278,19
11401,4.117162353169671,13
11402,4.56432038451189,4
11403,3.98453678789508,18
11404,4.149347036541072,12
11405,4.087199129792228,14
11406,4.117162353169671,13
11407,4.962260393183928,1
11408,4.032841467469635,16
11409,4.032841467469635,16
11410,4.059170406191984,15
11411,4.117162353169671,13
11412,4.117162353169671,13
11413,4.087199129792228,14
11414,4.786169134128246,2
11415,4.032841467469635,16
11416,3.98453678789508,18
11417,4.117162353169671,13
11418,3.786169134128247,29
11419,4.149347036541072,12
11420,4.149347036541072,12
11421,4.059170406191984,15
11422,4.059170406191984,15
11423,4.184109142800284,11
11424,4.059170406191984,15
11425,4.059170406191984,15
11426,3.0008392991174797,182
11427,5.263290388847909,0
11428,4.184109142800284,11
11429,4.418192348833652,6
11430,4.962260393183928,1
11431,4.117162353169671,13
11432,4.149347036541072,12
11433,4.184109142800284,11
11434,4.059170406191984,15
11435,4.309047879408585,8
11436,4.360200401855965,7
11437,3.6505065321281736,40
11438,4.008017883744603,17
11439,4.117162353169671,13
11440,4.008017883744603,17
11441,4.032841467469635,16
11442,4.087199129792228,14
11443,4.008017883744603,17
11444,4.087199129792228,14
11445,4.6612303975199465,3
11446,4.221897703689684,10
11447,3.800892390948953,28
11448,4.786169134128246,2
11449,4.149347036541072,12
11450,4.117162353169671,13
11451,4.087199129792228,14
11452,4.032841467469635,16
11453,4.059170406191984,15
11454,5.263290388847909,0
11455,4.087199129792228,14
11456,3.9622603931839278,19
11457,4.309047879408585,8
11458,4.059170406191984,15
11459,4.087199129792228,14
11460,4.087199129792228,14
11461,3.883079147136303,23
11462,4.087199129792228,14
11463,4.059170406191984,15
11464,4.087199129792228,14
11465,4.418192348833652,6
11466,4.117162353169671,13
11467,4.117162353169671,13
11468,4.117162353169671,13
11469,4.032841467469635,16
11470,4.087199129792228,14
11471,4.221897703689684,10
11472,4.149347036541072,12
11473,4.087199129792228,14
11474,3.6505065321281736,40
11475,3.9622603931839278,19
11476,4.184109142800284,11
11477,4.117162353169671,13
11478,4.032841467469635,16
11479,4.117162353169671,13
11480,3.98453678789508,18
11481,4.087199129792228,14
11482,3.98453678789508,18
11483,4.360200401855965,7
11484,4.263290388847909,9
11485,4.149347036541072,12
11486,4.059170406191984,15
11487,4.221897703689684,10
11488,4.059170406191984,15
11489,3.6505065321281736,40
11490,4.117162353169671,13
11491,4.149347036541072,12
11492,3.457110414864022,63
11493,4.263290388847909,9
11494,4.087199129792228,14
11495,4.117162353169671,13
11496,4.087199129792228,14
11497,4.360200401855965,7
11498,4.087199129792228,14
11499,4.485139138464265,5
11500,4.309047879408585,8
11501,4.059170406191984,15
11502,4.059170406191984,15
11503,4.221897703689684,10
11504,3.600532557166335,45
11505,3.9015625528303164,22
11506,4.56432038451189,4
11507,3.6400410984500087,41
11508,4.059170406191984,15
11509,4.309047879408585,8
11510,4.087199129792228,14
11511,4.360200401855965,7
11512,4.087199129792228,14
11513,4.309047879408585,8
11514,4.149347036541072,12
11515,4.059170406191984,15
11516,4.56432038451189,4
11517,4.117162353169671,13
11518,4.087199129792228,14
11519,4.56432038451189,4
11520,4.087199129792228,14
11521,4.032841467469635,16
11522,4.221897703689684,10
11523,4.184109142800284,11
11524,4.149347036541072,12
11525,4.117162353169671,13
11526,4.117162353169671,13
11527,4.184109142800284,11
11528,4.360200401855965,7
11529,4.032841467469635,16
11530,4.087199129792228,14
11531,4.117162353169671,13
11532,4.087199129792228,14
11533,4.059170406191984,15
11534,4.087199129792228,14
11535,4.059170406191984,15
11536,4.059170406191984,15
11537,3.8483170408770913,25
11538,4.117162353169671,13
11539,4.032841467469635,16
11540,4.032841467469635,16
11541,3.98453678789508,18
11542,3.7447764489700215,32
11543,4.032841467469635,16
11544,4.117162353169671,13
11545,4.117162353169671,13
11546,4.087199129792228,14
11547,4.087199129792228,14
11548,4.059170406191984,15
11549,4.149347036541072,12
11550,4.087199129792228,14
11551,4.032841467469635,16
11552,4.059170406191984,15
11553,4.117162353169671,13
11554,4.117162353169671,13
11555,4.032841467469635,16
11556,4.087199129792228,14
11557,4.032841467469635,16
11558,4.059170406191984,15
11559,4.117162353169671,13
11560,4.059170406191984,15
11561,4.008017883744603,17
11562,4.059170406191984,15
11563,4.117162353169671,13
11564,4.059170406191984,15
11565,4.087199129792228,14
11566,4.418192348833652,6
11567,4.087199129792228,14
11568,4.059170406191984,15
11569,4.786169134128246,2
11570,4.149347036541072,12
11571,4.087199129792228,14
11572,4.117162353169671,13
11573,4.032841467469635,16
11574,4.059170406191984,15
11575,4.059170406191984,15
11576,4.008017883744603,17
11577,4.032841467469635,16
11578,4.117162353169671,13
11579,4.087199129792228,14
11580,4.059170406191984,15
11581,4.149347036541072,12
11582,4.032841467469635,16
11583,4.117162353169671,13
11584,4.117162353169671,13
11585,4.117162353169671,13
11586,4.059170406191984,15
11587,4.149347036541072,12
11588,4.087199129792228,14
11589,4.087199129792228,14
11590,4.032841467469635,16
11591,4.032841467469635,16
11592,4.087199129792228,14
11593,4.087199129792228,14
11594,4.059170406191984,15
11595,4.059170406191984,15
11596,4.059170406191984,15
11597,4.032841467469635,16
11598,4.059170406191984,15
11599,4.117162353169671,13
11600,4.087199129792228,14
11601,4.087199129792228,14
11602,4.087199129792228,14
11603,4.059170406191984,15
11604,4.032841467469635,16
11605,4.418192348833652,6
11606,4.059170406191984,15
11607,4.117162353169671,13
11608,4.087199129792228,14
11609,4.059170406191984,15
11610,4.059170406191984,15
11611,4.184109142800284,11
11612,4.032841467469635,16
11613,4.117162353169671,13
11614,4.087199129792228,14
11615,4.087199129792228,14
11616,4.008017883744603,17
11617,4.087199129792228,14
11618,4.087199129792228,14
11619,4.149347036541072,12
11620,4.117162353169671,13
11621,4.059170406191984,15
11622,4.087199129792228,14
11623,4.117162353169671,13
11624,4.059170406191984,15
11625,4.059170406191984,15
11626,4.184109142800284,11
11627,4.149347036541072,12
11628,4.309047879408585,8
11629,4.149347036541072,12
11630,4.117162353169671,13
11631,4.059170406191984,15
11632,4.008017883744603,17
11633,3.920867708025703,21
11634,3.920867708025703,21
11635,4.059170406191984,15
11636,4.032841467469635,16
11637,4.087199129792228,14
11638,4.087199129792228,14
11639,4.087199129792228,14
11640,4.087199129792228,14
11641,4.087199129792228,14
11642,4.059170406191984,15
11643,4.117162353169671,13
11644,4.221897703689684,10
11645,4.221897703689684,10
11646,4.117162353169671,13
11647,4.184109142800284,11
11648,4.117162353169671,13
11649,4.117162353169671,13
11650,4.360200401855965,7
11651,4.184109142800284,11
11652,4.117162353169671,13
11653,4.087199129792228,14
11654,4.059170406191984,15
11655,4.059170406191984,15
11656,4.184109142800284,11
11657,4.360200401855965,7
11658,4.184109142800284,11
11659,4.087199129792228,14
11660,4.184109142800284,11
11661,4.059170406191984,15
11662,4.032841467469635,16
11663,4.184109142800284,11
11664,4.032841467469635,16
11665,4.184109142800284,11
11666,4.56432038451189,4
11667,4.087199129792228,14
11668,4.117162353169671,13
11669,4.117162353169671,13
11670,4.059170406191984,15
11671,4.087199129792228,14
11672,4.059170406191984,15
11673,4.117162353169671,13
11674,4.087199129792228,14
11675,4.059170406191984,15
11676,4.059170406191984,15
11677,4.059170406191984,15
11678,4.149347036541072,12
11679,4.059170406191984,15
11680,4.117162353169671,13
11681,4.059170406191984,15
11682,4.008017883744603,17
11683,4.032841467469635,16
11684,3.9622603931839278,19
11685,4.059170406191984,15
11686,4.221897703689684,10
11687,3.9622603931839278,19
11688,4.149347036541072,12
11689,3.98453678789508,18
11690,4.087199129792228,14
11691,4.149347036541072,12
11692,3.98453678789508,18
11693,4.087199129792228,14
11694,4.032841467469635,16
11695,4.059170406191984,15
11696,4.032841467469635,16
11697,4.059170406191984,15
11698,4.087199129792228,14
11699,4.184109142800284,11
11700,4.149347036541072,12
11701,4.087199129792228,14
11702,4.059170406191984,15
11703,4.008017883744603,17
11704,4.008017883744603,17
11705,4.149347036541072,12
11706,4.117162353169671,13
11707,4.087199129792228,14
11708,4.149347036541072,12
11709,4.087199129792228,14
11710,4.087199129792228,14
11711,4.032841467469635,16
11712,4.059170406191984,15
11713,4.485139138464265,5
11714,4.032841467469635,16
11715,3.920867708025703,21
11716,4.117162353169671,13
11717,4.008017883744603,17
11718,3.920867708025703,21
11719,4.117162353169671,13
11720,3.94107109411399,20
11721,3.98453678789508,18
11722,4.059170406191984,15
11723,4.149347036541072,12
11724,4.087199129792228,14
11725,4.184109142800284,11
11726,4.149347036541072,12
11727,3.7447764489700215,32
11728,4.059170406191984,15
11729,3.8653503801758715,24
11730,3.94107109411399,20
11731,3.920867708025703,21
11732,4.117162353169671,13
11733,4.117162353169671,13
11734,4.059170406191984,15
11735,4.117162353169671,13
11736,4.008017883744603,17
11737,4.059170406191984,15
11738,4.059170406191984,15
11739,4.087199129792228,14
11740,4.032841467469635,16
11741,4.059170406191984,15
11742,4.149347036541072,12
11743,4.032841467469635,16
11744,4.032841467469635,16
11745,4.117162353169671,13
11746,4.221897703689684,10
11747,4.059170406191984,15
11748,3.920867708025703,21
11749,4.117162353169671,13
11750,3.9015625528303164,22
11751,3.9622603931839278,19
11752,4.059170406191984,15
11753,4.184109142800284,11
11754,4.032841467469635,16
11755,4.032841467469635,16
11756,4.008017883744603,17
11757,4.117162353169671,13
11758,4.032841467469635,16
11759,3.94107109411399,20
11760,3.98453678789508,18
11761,4.117162353169671,13
11762,4.117162353169671,13
11763,4.059170406191984,15
11764,3.9015625528303164,22
11765,4.087199129792228,14
11766,4.087199129792228,14
11767,4.087199129792228,14
11768,4.059170406191984,15
11769,4.087199129792228,14
11770,4.149347036541072,12
11771,4.059170406191984,15
11772,4.087199129792228,14
11773,4.032841467469635,16
11774,4.149347036541072,12
11775,4.059170406191984,15
11776,4.059170406191984,15
11777,4.087199129792228,14
11778,4.117162353169671,13
11779,4.008017883744603,17
11780,4.032841467469635,16
11781,5.263290388847909,0
11782,4.149347036541072,12
11783,4.059170406191984,15
11784,4.184109142800284,11
11785,4.087199129792228,14
11786,4.087199129792228,14
11787,4.087199129792228,14
11788,4.059170406191984,15
11789,4.087199129792228,14
11790,4.059170406191984,15
11791,4.059170406191984,15
11792,3.800892390948953,28
11793,4.032841467469635,16
11794,4.059170406191984,15
11795,3.8483170408770913,25
11796,4.032841467469635,16
11797,4.087199129792228,14
11798,3.786169134128247,29
11799,4.149347036541072,12
11800,4.032841467469635,16
11801,4.032841467469635,16
11802,4.263290388847909,9
11803,4.087199129792228,14
11804,4.059170406191984,15
11805,4.087199129792228,14
11806,4.117162353169671,13
11807,4.008017883744603,17
11808,4.032841467469635,16
11809,4.087199129792228,14
11810,4.149347036541072,12
11811,4.6612303975199465,3
11812,4.059170406191984,15
11813,4.032841467469635,16
11814,4.149347036541072,12
11815,4.117162353169671,13
11816,4.059170406191984,15
11817,4.059170406191984,15
11818,4.087199129792228,14
11819,5.263290388847909,0
11820,4.087199129792228,14
11821,4.962260393183928,1
11822,4.117162353169671,13
11823,4.032841467469635,16
11824,4.032841467469635,16
11825,4.087199129792228,14
11826,4.087199129792228,14
11827,4.184109142800284,11
11828,4.221897703689684,10
11829,5.263290388847909,0
11830,4.56432038451189,4
11831,4.117162353169671,13
11832,4.117162353169671,13
11833,4.087199129792228,14
11834,4.149347036541072,12
11835,4.117162353169671,13
11836,4.117162353169671,13
11837,4.087199129792228,14
11838,4.117162353169671,13
11839,4.149347036541072,12
11840,4.087199129792228,14
11841,4.087199129792228,14
11842,3.800892390948953,28
11843,4.485139138464265,5
11844,4.117162353169671,13
11845,4.059170406191984,15
11846,4.117162353169671,13
11847,4.059170406191984,15
11848,4.221897703689684,10
11849,4.149347036541072,12
11850,4.032841467469635,16
11851,4.117162353169671,13
11852,4.032841467469635,16
11853,4.786169134128246,2
11854,4.032841467469635,16
11855,4.059170406191984,15
11856,4.059170406191984,15
11857,4.117162353169671,13
11858,4.117162353169671,13
11859,4.221897703689684,10
11860,4.087199129792228,14
11861,4.263290388847909,9
11862,4.117162353169671,13
11863,2.354269534636753,810
11864,4.032841467469635,16
11865,4.059170406191984,15
11866,4.117162353169671,13
11867,4.149347036541072,12
11868,3.9015625528303164,22
11869,4.059170406191984,15
11870,4.087199129792228,14
11871,3.9622603931839278,19
11872,4.087199129792228,14
11873,4.117162353169671,13
11874,4.008017883744603,17
11875,4.56432038451189,4
11876,4.059170406191984,15
11877,4.059170406191984,15
11878,4.032841467469635,16
11879,4.087199129792228,14
11880,4.117162353169671,13
11881,4.56432038451189,4
11882,4.059170406191984,15
11883,4.087199129792228,14
11884,4.059170406191984,15
11885,4.117162353169671,13
11886,4.032841467469635,16
11887,4.360200401855965,7
11888,4.418192348833652,6
11889,4.059170406191984,15
11890,4.149347036541072,12
11891,3.7719286950136364,30
11892,4.059170406191984,15
11893,4.184109142800284,11
11894,4.184109142800284,11
11895,4.087199129792228,14
11896,4.087199129792228,14
11897,4.032841467469635,16
11898,4.059170406191984,15
11899,4.117162353169671,13
11900,4.117162353169671,13
11901,4.117162353169671,13
11902,4.087199129792228,14
11903,4.786169134128246,2
11904,4.087199129792228,14
11905,4.059170406191984,15
11906,4.032841467469635,16
11907,4.059170406191984,15
11908,4.149347036541072,12
11909,4.117162353169671,13
11910,4.087199129792228,14
11911,4.059170406191984,15
11912,4.087199129792228,14
11913,4.059170406191984,15
11914,4.117162353169671,13
11915,4.117162353169671,13
11916,4.6612303975199465,3
11917,4.087199129792228,14
11918,4.032841467469635,16
11919,4.008017883744603,17
11920,3.920867708025703,21
11921,4.059170406191984,15
11922,4.032841467469635,16
11923,4.008017883744603,17
11924,4.059170406191984,15
11925,4.117162353169671,13
11926,4.008017883744603,17
11927,4.184109142800284,11
11928,5.263290388847909,0
11929,4.117162353169671,13
11930,4.087199129792228,14
11931,4.309047879408585,8
11932,4.117162353169671,13
11933,5.263290388847909,0
11934,5.263290388847909,0
11935,3.81613235750569,27
11936,4.962260393183928,1
11937,4.149347036541072,12
11938,4.087199129792228,14
11939,4.087199129792228,14
11940,4.008017883744603,17
11941,4.087199129792228,14
11942,4.087199129792228,14
11943,4.149347036541072,12
11944,4.087199129792228,14
11945,4.032841467469635,16
11946,4.087199129792228,14
11947,4.485139138464265,5
11948,4.087199129792228,14
11949,3.81613235750569,27
11950,4.087199129792228,14
11951,4.032841467469635,16
11952,4.087199129792228,14
11953,4.117162353169671,13
11954,5.263290388847909,0
11955,4.263290388847909,9
11956,3.920867708025703,21
11957,4.786169134128246,2
11958,3.3548053699692595,80
11959,4.184109142800284,11
11960,4.184109142800284,11
11961,3.7192223444976333,34
11962,3.98453678789508,18
11963,4.184109142800284,11
11964,5.263290388847909,0
11965,3.9015625528303164,22
11966,4.032841467469635,16
11967,3.920867708025703,21
11968,4.117162353169671,13
11969,4.032841467469635,16
11970,4.149347036541072,12
11971,3.98453678789508,18
11972,4.56432038451189,4
11973,4.149347036541072,12
11974,4.008017883744603,17
11975,4.032841467469635,16
11976,3.94107109411399,20
11977,3.94107109411399,20
11978,4.149347036541072,12
11979,4.149347036541072,12
11980,3.7719286950136364,30
11981,4.087199129792228,14
11982,4.087199129792228,14
11983,4.117162353169671,13
11984,4.087199129792228,14
11985,4.485139138464265,5
11986,3.883079147136303,23
11987,3.98453678789508,18
11988,4.059170406191984,15
11989,3.98453678789508,18
11990,4.032841467469635,16
11991,4.087199129792228,14
11992,5.263290388847909,0
11993,4.059170406191984,15
11994,4.059170406191984,15
11995,4.309047879408585,8
11996,4.786169134128246,2
11997,4.149347036541072,12
11998,4.059170406191984,15
11999,4.149347036541072,12
12000,4.032841467469635,16
12001,3.800892390948953,28
12002,4.059170406191984,15
12003,4.149347036541072,12
12004,4.485139138464265,5
12005,4.059170406191984,15
12006,4.032841467469635,16
12007,4.059170406191984,15
12008,4.032841467469635,16
12009,4.032841467469635,16
12010,4.087199129792228,14
12011,4.059170406191984,15
12012,4.059170406191984,15
12013,4.149347036541072,12
12014,4.059170406191984,15
12015,4.117162353169671,13
12016,4.087199129792228,14
12017,4.117162353169671,13
12018,4.032841467469635,16
12019,4.059170406191984,15
12020,4.032841467469635,16
12021,4.032841467469635,16
12022,4.008017883744603,17
12023,4.032841467469635,16
12024,3.98453678789508,18
12025,4.059170406191984,15
12026,4.059170406191984,15
12027,4.087199129792228,14
12028,4.059170406191984,15
12029,3.9622603931839278,19
12030,4.117162353169671,13
12031,4.087199129792228,14
12032,4.059170406191984,15
12033,4.059170406191984,15
12034,4.087199129792228,14
12035,4.56432038451189,4
12036,3.54728704521311,51
12037,4.059170406191984,15
12038,4.008017883744603,17
12039,4.032841467469635,16
12040,4.360200401855965,7
12041,4.418192348833652,6
12042,4.008017883744603,17
12043,4.221897703689684,10
12044,4.309047879408585,8
12045,4.263290388847909,9
12046,4.087199129792228,14
12047,4.087199129792228,14
12048,4.087199129792228,14
12049,4.059170406191984,15
12050,4.032841467469635,16
12051,4.032841467469635,16
12052,4.117162353169671,13
12053,4.008017883744603,17
12054,4.149347036541072,12
12055,4.149347036541072,12
12056,4.117162353169671,13
12057,4.059170406191984,15
12058,4.059170406191984,15
12059,3.883079147136303,23
12060,4.117162353169671,13
12061,4.184109142800284,11
12062,3.2810191558083406,95
12063,4.032841467469635,16
12064,4.184109142800284,11
12065,4.059170406191984,15
12066,4.059170406191984,15
12067,4.008017883744603,17
12068,4.087199129792228,14
12069,4.059170406191984,15
12070,4.117162353169671,13
12071,3.9622603931839278,19
12072,4.032841467469635,16
12073,4.117162353169671,13
12074,4.032841467469635,16
12075,4.059170406191984,15
12076,4.087199129792228,14
12077,4.117162353169671,13
12078,4.117162353169671,13
12079,4.087199129792228,14
12080,4.087199129792228,14
12081,4.184109142800284,11
12082,4.059170406191984,15
12083,4.786169134128246,2
12084,4.087199129792228,14
12085,4.059170406191984,15
12086,4.059170406191984,15
12087,4.059170406191984,15
12088,4.184109142800284,11
12089,4.117162353169671,13
12090,5.263290388847909,0
12091,4.149347036541072,12
12092,4.087199129792228,14
12093,4.485139138464265,5
12094,4.117162353169671,13
12095,3.98453678789508,18
12096,3.9015625528303164,22
12097,4.032841467469635,16
12098,4.149347036541072,12
12099,4.149347036541072,12
12100,4.485139138464265,5
12101,5.263290388847909,0
12102,5.263290388847909,0
12103,5.263290388847909,0
12104,4.360200401855965,7
12105,4.087199129792228,14
12106,4.149347036541072,12
12107,4.032841467469635,16
12108,4.087199129792228,14
12109,4.087199129792228,14
12110,4.962260393183928,1
12111,4.149347036541072,12
12112,3.786169134128247,29
12113,4.059170406191984,15
12114,4.149347036541072,12
12115,3.8319266246889216,26
12116,3.9015625528303164,22
12117,4.221897703689684,10
12118,4.149347036541072,12
12119,3.786169134128247,29
12120,4.059170406191984,15
12121,4.149347036541072,12
12122,4.087199129792228,14
12123,4.184109142800284,11
12124,4.221897703689684,10
12125,4.117162353169671,13
12126,4.059170406191984,15
12127,4.485139138464265,5
12128,4.087199129792228,14
12129,4.149347036541072,12
12130,4.087199129792228,14
12131,4.059170406191984,15
12132,4.117162353169671,13
12133,4.117162353169671,13
12134,4.087199129792228,14
12135,4.117162353169671,13
12136,4.032841467469635,16
12137,4.149347036541072,12
12138,4.087199129792228,14
12139,4.263290388847909,9
12140,4.087199129792228,14
12141,3.98453678789508,18
12142,4.059170406191984,15
12143,4.087199129792228,14
12144,3.8319266246889216,26
12145,4.032841467469635,16
12146,4.087199129792228,14
12147,4.087199129792228,14
12148,3.695088664780914,36
12149,4.117162353169671,13
12150,4.117162353169671,13
12151,4.087199129792228,14
12152,4.087199129792228,14
12153,4.087199129792228,14
12154,4.117162353169671,13
12155,4.008017883744603,17
12156,4.059170406191984,15
12157,4.087199129792228,14
12158,4.059170406191984,15
12159,4.087199129792228,14
12160,4.56432038451189,4
12161,4.059170406191984,15
12162,4.221897703689684,10
12163,4.117162353169671,13
12164,4.087199129792228,14
12165,4.149347036541072,12
12166,4.087199129792228,14
12167,4.962260393183928,1
12168,4.309047879408585,8
12169,4.087199129792228,14
12170,5.263290388847909,0
12171,4.309047879408585,8
12172,4.117162353169671,13
12173,4.149347036541072,12
12174,4.087199129792228,14
12175,4.117162353169671,13
12176,4.087199129792228,14
12177,4.184109142800284,11
12178,4.087199129792228,14
12179,4.059170406191984,15
12180,4.032841467469635,16
12181,4.149347036541072,12
12182,4.309047879408585,8
12183,4.962260393183928,1
12184,4.087199129792228,14
12185,4.962260393183928,1
12186,5.263290388847909,0
12187,5.263290388847909,0
12188,4.087199129792228,14
12189,4.117162353169671,13
12190,4.221897703689684,10
12191,4.087199129792228,14
12192,4.059170406191984,15
12193,4.032841467469635,16
12194,4.059170406191984,15
12195,4.087199129792228,14
12196,4.032841467469635,16
12197,4.117162353169671,13
12198,4.117162353169671,13
12199,4.059170406191984,15
12200,4.184109142800284,11
12201,4.087199129792228,14
12202,4.56432038451189,4
12203,4.087199129792228,14
12204,4.059170406191984,15
12205,4.032841467469635,16
12206,4.309047879408585,8
12207,4.087199129792228,14
12208,4.117162353169671,13
12209,4.087199129792228,14
12210,4.059170406191984,15
12211,4.032841467469635,16
12212,4.962260393183928,1
12213,4.032841467469635,16
12214,4.087199129792228,14
12215,4.087199129792228,14
12216,4.059170406191984,15
12217,4.087199129792228,14
12218,4.087199129792228,14
12219,4.032841467469635,16
12220,4.184109142800284,11
12221,4.059170406191984,15
12222,4.087199129792228,14
12223,4.149347036541072,12
12224,4.962260393183928,1
12225,4.059170406191984,15
12226,4.087199129792228,14
12227,4.087199129792228,14
12228,2.8351555948191205,267
12229,4.56432038451189,4
12230,4.008017883744603,17
12231,3.98453678789508,18
12232,3.8653503801758715,24
12233,4.032841467469635,16
12234,4.008017883744603,17
12235,4.032841467469635,16
12236,4.149347036541072,12
12237,4.149347036541072,12
12238,4.059170406191984,15
12239,4.962260393183928,1
12240,4.087199129792228,14
12241,3.9015625528303164,22
12242,4.008017883744603,17
12243,4.117162353169671,13
12244,3.98453678789508,18
12245,4.485139138464265,5
12246,4.032841467469635,16
12247,4.117162353169671,13
12248,4.786169134128246,2
12249,4.117162353169671,13
12250,4.263290388847909,9
12251,4.360200401855965,7
12252,3.7069878880806217,35
12253,3.9622603931839278,19
12254,3.9015625528303164,22
12255,4.008017883744603,17
12256,3.98453678789508,18
12257,4.059170406191984,15
12258,4.059170406191984,15
12259,4.149347036541072,12
12260,4.117162353169671,13
12261,4.149347036541072,12
12262,3.94107109411399,20
12263,3.8483170408770913,25
12264,3.883079147136303,23
12265,4.087199129792228,14
12266,3.786169134128247,29
12267,3.9015625528303164,22
12268,3.98453678789508,18
12269,4.059170406191984,15
12270,4.149347036541072,12
12271,4.184109142800284,11
12272,4.059170406191984,15
12273,4.008017883744603,17
12274,3.98453678789508,18
12275,4.149347036541072,12
12276,4.184109142800284,11
12277,4.008017883744603,17
12278,4.117162353169671,13
12279,4.032841467469635,16
12280,4.059170406191984,15
12281,4.087199129792228,14
12282,4.087199129792228,14
12283,4.059170406191984,15
12284,4.087199129792228,14
12285,4.008017883744603,17
12286,4.059170406191984,15
12287,4.059170406191984,15
12288,4.032841467469635,16
12289,4.032841467469635,16
12290,4.087199129792228,14
12291,4.059170406191984,15
12292,4.087199129792228,14
12293,4.059170406191984,15
12294,4.059170406191984,15
12295,4.008017883744603,17
12296,4.117162353169671,13
12297,4.087199129792228,14
12298,4.087199129792228,14
12299,4.087199129792228,14
12300,4.087199129792228,14
12301,4.059170406191984,15
12302,4.059170406191984,15
12303,4.032841467469635,16
12304,4.059170406191984,15
12305,4.008017883744603,17
12306,4.149347036541072,12
12307,4.032841467469635,16
12308,4.008017883744603,17
12309,4.059170406191984,15
12310,4.087199129792228,14
12311,3.9622603931839278,19
12312,4.059170406191984,15
12313,4.087199129792228,14
12314,4.6612303975199465,3
12315,3.9015625528303164,22
12316,4.087199129792228,14
12317,4.087199129792228,14
12318,4.059170406191984,15
12319,4.008017883744603,17
12320,4.087199129792228,14
12321,4.059170406191984,15
12322,4.149347036541072,12
12323,4.087199129792228,14
12324,4.149347036541072,12
12325,3.98453678789508,18
12326,4.008017883744603,17
12327,4.032841467469635,16
12328,4.087199129792228,14
12329,4.221897703689684,10
12330,4.184109142800284,11
12331,4.008017883744603,17
12332,3.8483170408770913,25
12333,4.032841467469635,16
12334,4.059170406191984,15
12335,3.786169134128247,29
12336,4.059170406191984,15
12337,4.059170406191984,15
12338,4.184109142800284,11
12339,4.117162353169671,13
12340,4.184109142800284,11
12341,4.087199129792228,14
12342,4.184109142800284,11
12343,4.087199129792228,14
12344,4.059170406191984,15
12345,4.149347036541072,12
12346,4.032841467469635,16
12347,4.087199129792228,14
12348,4.149347036541072,12
12349,4.117162353169671,13
12350,4.263290388847909,9
12351,4.221897703689684,10
12352,4.059170406191984,15
12353,4.360200401855965,7
12354,4.032841467469635,16
12355,4.032841467469635,16
12356,4.360200401855965,7
12357,4.149347036541072,12
12358,4.117162353169671,13
12359,4.786169134128246,2
12360,4.485139138464265,5
12361,4.786169134128246,2
12362,4.087199129792228,14
12363,4.087199129792228,14
12364,4.087199129792228,14
12365,4.059170406191984,15
12366,4.087199129792228,14
12367,4.087199129792228,14
12368,4.032841467469635,16
12369,4.059170406191984,15
12370,4.059170406191984,15
12371,4.087199129792228,14
12372,4.184109142800284,11
12373,4.032841467469635,16
12374,4.059170406191984,15
12375,4.087199129792228,14
12376,4.087199129792228,14
12377,4.059170406191984,15
12378,4.059170406191984,15
12379,4.221897703689684,10
12380,4.059170406191984,15
12381,4.059170406191984,15
12382,4.360200401855965,7
12383,4.032841467469635,16
12384,4.117162353169671,13
12385,4.117162353169671,13
12386,4.059170406191984,15
12387,4.059170406191984,15
12388,4.087199129792228,14
12389,4.087199129792228,14
12390,4.117162353169671,13
12391,4.149347036541072,12
12392,4.117162353169671,13
12393,4.059170406191984,15
12394,4.117162353169671,13
12395,4.221897703689684,10
12396,4.087199129792228,14
12397,4.087199129792228,14
12398,4.008017883744603,17
12399,4.032841467469635,16
12400,4.117162353169671,13
12401,4.149347036541072,12
12402,4.087199129792228,14
12403,4.309047879408585,8
12404,4.149347036541072,12
12405,4.149347036541072,12
12406,5.263290388847909,0
12407,4.184109142800284,11
12408,4.087199129792228,14
12409,5.263290388847909,0
12410,4.087199129792228,14
12411,4.032841467469635,16
12412,4.059170406191984,15
12413,3.920867708025703,21
12414,4.149347036541072,12
12415,4.087199129792228,14
12416,4.149347036541072,12
12417,4.184109142800284,11
12418,4.087199129792228,14
12419,4.117162353169671,13
12420,4.117162353169671,13
12421,5.263290388847909,0
12422,3.9622603931839278,19
12423,4.059170406191984,15
12424,4.059170406191984,15
12425,4.008017883744603,17
12426,4.184109142800284,11
12427,4.059170406191984,15
12428,4.087199129792228,14
12429,4.032841467469635,16
12430,4.117162353169671,13
12431,4.149347036541072,12
12432,4.059170406191984,15
12433,4.485139138464265,5
12434,4.059170406191984,15
12435,3.8483170408770913,25
12436,4.087199129792228,14
12437,4.221897703689684,10
12438,4.309047879408585,8
12439,4.263290388847909,9
12440,4.786169134128246,2
12441,4.032841467469635,16
12442,4.008017883744603,17
12443,4.184109142800284,11
12444,3.94107109411399,20
12445,4.032841467469635,16
12446,4.059170406191984,15
12447,4.008017883744603,17
12448,4.184109142800284,11
12449,4.087199129792228,14
12450,4.149347036541072,12
12451,4.059170406191984,15
12452,4.087199129792228,14
12453,4.032841467469635,16
12454,4.309047879408585,8
12455,4.087199129792228,14
12456,5.263290388847909,0
12457,4.6612303975199465,3
12458,4.117162353169671,13
12459,4.087199129792228,14
12460,4.221897703689684,10
12461,4.149347036541072,12
12462,4.149347036541072,12
12463,4.786169134128246,2
12464,4.059170406191984,15
12465,4.309047879408585,8
12466,4.087199129792228,14
12467,4.087199129792228,14
12468,4.059170406191984,15
12469,4.087199129792228,14
12470,4.087199129792228,14
12471,4.059170406191984,15
12472,4.117162353169671,13
12473,4.221897703689684,10
12474,4.117162353169671,13
12475,4.149347036541072,12
12476,4.008017883744603,17
12477,4.117162353169671,13
12478,4.032841467469635,16
12479,4.087199129792228,14
12480,4.149347036541072,12
12481,4.6612303975199465,3
12482,4.087199129792228,14
12483,4.059170406191984,15
12484,4.087199129792228,14
12485,4.087199129792228,14
12486,4.117162353169671,13
12487,4.149347036541072,12
12488,4.087199129792228,14
12489,4.117162353169671,13
12490,4.360200401855965,7
12491,4.008017883744603,17
12492,4.087199129792228,14
12493,4.059170406191984,15
12494,4.059170406191984,15
12495,4.087199129792228,14
12496,4.087199129792228,14
12497,4.032841467469635,16
12498,4.149347036541072,12
12499,4.087199129792228,14
12500,4.087199129792228,14
12501,4.149347036541072,12
12502,4.56432038451189,4
12503,4.059170406191984,15
12504,4.117162353169671,13
12505,4.418192348833652,6
12506,4.184109142800284,11
12507,4.6612303975199465,3
12508,3.9015625528303164,22
12509,3.98453678789508,18
12510,4.117162353169671,13
12511,4.032841467469635,16
12512,4.087199129792228,14
12513,4.059170406191984,15
12514,4.032841467469635,16
12515,3.98453678789508,18
12516,3.98453678789508,18
12517,3.9622603931839278,19
12518,5.263290388847909,0
12519,3.8653503801758715,24
12520,4.032841467469635,16
12521,3.8319266246889216,26
12522,4.117162353169671,13
12523,4.059170406191984,15
12524,4.032841467469635,16
12525,4.221897703689684,10
12526,4.008017883744603,17
12527,3.9622603931839278,19
12528,4.184109142800284,11
12529,4.087199129792228,14
12530,3.94107109411399,20
12531,3.98453678789508,18
12532,3.920867708025703,21
12533,3.94107109411399,20
12534,3.98453678789508,18
12535,4.008017883744603,17
12536,4.032841467469635,16
12537,3.98453678789508,18
12538,3.731811471805654,33
12539,3.98453678789508,18
12540,3.9015625528303164,22
12541,4.059170406191984,15
12542,4.117162353169671,13
12543,4.485139138464265,5
12544,4.087199129792228,14
12545,4.117162353169671,13
12546,4.087199129792228,14
12547,5.263290388847909,0
12548,4.059170406191984,15
12549,4.059170406191984,15
12550,4.032841467469635,16
12551,4.221897703689684,10
12552,4.263290388847909,9
12553,4.149347036541072,12
12554,4.418192348833652,6
12555,4.117162353169671,13
12556,4.117162353169671,13
12557,4.059170406191984,15
12558,3.8319266246889216,26
12559,3.94107109411399,20
12560,4.263290388847909,9
12561,5.263290388847909,0
12562,4.059170406191984,15
12563,4.008017883744603,17
12564,3.883079147136303,23
12565,3.98453678789508,18
12566,4.008017883744603,17
12567,4.032841467469635,16
12568,4.059170406191984,15
12569,3.98453678789508,18
12570,4.008017883744603,17
12571,3.81613235750569,27
12572,3.800892390948953,28
12573,4.117162353169671,13
12574,4.032841467469635,16
12575,4.059170406191984,15
12576,3.9622603931839278,19
12577,4.087199129792228,14
12578,4.087199129792228,14
12579,4.087199129792228,14
12580,4.087199129792228,14
12581,4.059170406191984,15
12582,4.087199129792228,14
12583,4.087199129792228,14
12584,4.059170406191984,15
12585,4.087199129792228,14
12586,4.059170406191984,15
12587,4.184109142800284,11
12588,4.117162353169671,13
12589,4.117162353169671,13
12590,4.087199129792228,14
12591,4.184109142800284,11
12592,4.962260393183928,1
12593,4.485139138464265,5
12594,4.087199129792228,14
12595,4.008017883744603,17
12596,4.087199129792228,14
12597,4.087199129792228,14
12598,3.9622603931839278,19
12599,4.008017883744603,17
12600,3.800892390948953,28
12601,4.032841467469635,16
12602,4.117162353169671,13
12603,4.360200401855965,7
12604,4.059170406191984,15
12605,4.117162353169671,13
12606,4.418192348833652,6
12607,4.786169134128246,2
12608,4.032841467469635,16
12609,4.008017883744603,17
12610,3.9622603931839278,19
12611,4.149347036541072,12
12612,4.149347036541072,12
12613,4.059170406191984,15
12614,4.149347036541072,12
12615,4.087199129792228,14
12616,4.149347036541072,12
12617,4.059170406191984,15
12618,4.117162353169671,13
12619,4.263290388847909,9
12620,4.263290388847909,9
12621,4.418192348833652,6
12622,4.117162353169671,13
12623,4.032841467469635,16
12624,4.087199129792228,14
12625,4.059170406191984,15
12626,4.149347036541072,12
12627,4.059170406191984,15
12628,4.149347036541072,12
12629,4.059170406191984,15
12630,4.087199129792228,14
12631,4.059170406191984,15
12632,4.059170406191984,15
12633,4.149347036541072,12
12634,4.485139138464265,5
12635,4.059170406191984,15
12636,4.032841467469635,16
12637,4.087199129792228,14
12638,4.059170406191984,15
12639,4.087199129792228,14
12640,4.059170406191984,15
12641,4.087199129792228,14
12642,4.087199129792228,14
12643,4.087199129792228,14
12644,4.059170406191984,15
12645,4.032841467469635,16
12646,3.786169134128247,29
12647,4.087199129792228,14
12648,3.81613235750569,27
12649,4.032841467469635,16
12650,4.032841467469635,16
12651,4.087199129792228,14
12652,4.059170406191984,15
12653,4.032841467469635,16
12654,4.117162353169671,13
12655,5.263290388847909,0
12656,4.309047879408585,8
12657,3.9622603931839278,19
12658,4.032841467469635,16
12659,4.032841467469635,16
12660,4.149347036541072,12
12661,4.008017883744603,17
12662,4.149347036541072,12
12663,4.56432038451189,4
12664,4.059170406191984,15
12665,4.087199129792228,14
12666,4.418192348833652,6
12667,4.309047879408585,8
12668,4.56432038451189,4
12669,1.369029724400921,7838
12670,3.6198377123617216,43
12671,4.032841467469635,16
12672,3.67222578182141,38
12673,4.087199129792228,14
12674,4.059170406191984,15
12675,4.087199129792228,14
12676,4.117162353169671,13
12677,3.98453678789508,18
12678,4.117162353169671,13
12679,4.032841467469635,16
12680,4.117162353169671,13
12681,4.059170406191984,15
12682,4.059170406191984,15
12683,4.117162353169671,13
12684,4.059170406191984,15
12685,4.263290388847909,9
12686,3.786169134128247,29
12687,4.008017883744603,17
12688,4.087199129792228,14
12689,4.221897703689684,10
12690,4.117162353169671,13
12691,4.184109142800284,11
12692,4.087199129792228,14
12693,3.800892390948953,28
12694,3.9622603931839278,19
12695,3.67222578182141,38
12696,3.7719286950136364,30
12697,4.117162353169671,13
12698,4.059170406191984,15
12699,4.149347036541072,12
12700,3.758140410528003,31
12701,4.059170406191984,15
12702,3.883079147136303,23
12703,4.008017883744603,17
12704,3.920867708025703,21
12705,3.786169134128247,29
12706,3.800892390948953,28
12707,3.81613235750569,27
12708,4.008017883744603,17
12709,2.455755360779056,641
12710,3.800892390948953,28
12711,5.263290388847909,0
12712,1.1171313332430908,14000
12713,2.9536602214220102,203
12714,3.430781476141673,67
12715,2.98453678789508,189
12716,3.98453678789508,18
12717,4.032841467469635,16
12718,4.059170406191984,15
12719,4.117162353169671,13
12720,4.008017883744603,17
12721,3.94107109411399,20
12722,3.3602004018559657,79
12723,4.962260393183928,1
12724,2.9308519289323036,214
12725,3.920867708025703,21
12726,3.5643203845118903,49
12727,4.117162353169671,13
12728,3.6298219332683224,42
12729,4.087199129792228,14
12730,4.087199129792228,14
12731,4.008017883744603,17
12732,3.8319266246889216,26
12733,4.184109142800284,11
12734,3.8319266246889216,26
12735,4.059170406191984,15
12736,4.309047879408585,8
12737,4.059170406191984,15
12738,4.56432038451189,4
12739,4.117162353169671,13
12740,3.883079147136303,23
12741,4.263290388847909,9
12742,4.008017883744603,17
12743,4.008017883744603,17
12744,1.8430045039059912,2631
12745,4.418192348833652,6
12746,4.008017883744603,17
12747,3.94107109411399,20
12748,3.81613235750569,27
12749,3.7719286950136364,30
12750,4.485139138464265,5
12751,4.032841467469635,16
12752,4.117162353169671,13
12753,3.7447764489700215,32
12754,3.98453678789508,18
12755,3.3042489965268156,90
12756,4.059170406191984,15
12757,3.8483170408770913,25
12758,3.2855667835590614,94
12759,3.683506792231099,37
12760,4.184109142800284,11
12761,3.8483170408770913,25
12762,3.758140410528003,31
12763,4.117162353169671,13
12764,4.149347036541072,12
12765,3.98453678789508,18
12766,4.263290388847909,9
12767,4.263290388847909,9
12768,3.7447764489700215,32
12769,3.9622603931839278,19
12770,3.8319266246889216,26
12771,2.3447358582976356,828
12772,4.418192348833652,6
12773,4.221897703689684,10
12774,3.8653503801758715,24
12775,4.008017883744603,17
12776,4.087199129792228,14
12777,4.032841467469635,16
12778,3.8653503801758715,24
12779,3.600532557166335,45
12780,4.032841467469635,16
12781,4.032841467469635,16
12782,4.008017883744603,17
12783,4.059170406191984,15
12784,4.117162353169671,13
12785,3.54728704521311,51
12786,4.008017883744603,17
12787,4.059170406191984,15
12788,4.032841467469635,16
12789,4.263290388847909,9
12790,4.117162353169671,13
12791,3.9015625528303164,22
12792,4.149347036541072,12
12793,4.032841467469635,16
12794,4.263290388847909,9
12795,4.087199129792228,14
12796,3.98453678789508,18
12797,3.883079147136303,23
12798,3.8483170408770913,25
12799,3.5911925309121915,46
12800,3.9622603931839278,19
12801,4.184109142800284,11
12802,4.087199129792228,14
12803,3.2179674100612514,110
12804,2.5182155972658515,555
12805,1.07695572559496,15357
12806,4.059170406191984,15
12807,4.059170406191984,15
12808,4.184109142800284,11
12809,4.221897703689684,10
12810,4.087199129792228,14
12811,4.117162353169671,13
12812,3.237984523583139,105
12813,3.695088664780914,36
12814,3.683506792231099,37
12815,3.661230397519947,39
12816,4.485139138464265,5
12817,4.149347036541072,12
12818,3.9622603931839278,19
12819,2.3905515613752404,745
12820,3.582049151472322,47
12821,4.962260393183928,1
12822,5.263290388847909,0
12823,4.360200401855965,7
12824,4.087199129792228,14
12825,3.94107109411399,20
12826,3.7069878880806217,35
12827,4.087199129792228,14
12828,3.8319266246889216,26
12829,3.7719286950136364,30
12830,3.4372155861470826,66
12831,4.087199129792228,14
12832,4.008017883744603,17
12833,4.6612303975199465,3
12834,4.263290388847909,9
12835,4.184109142800284,11
12836,3.98453678789508,18
12837,3.457110414864022,63
12838,4.263290388847909,9
12839,3.98453678789508,18
12840,3.731811471805654,33
12841,4.149347036541072,12
12842,4.418192348833652,6
12843,3.600532557166335,45
12844,3.94107109411399,20
12845,3.9015625528303164,22
12846,4.309047879408585,8
12847,3.7192223444976333,34
12848,3.9622603931839278,19
12849,3.2063855375114363,113
12850,3.4372155861470826,66
12851,3.470898699349655,61
12852,4.032841467469635,16
12853,3.94107109411399,20
12854,4.149347036541072,12
12855,4.263290388847909,9
12856,4.059170406191984,15
12857,3.9015625528303164,22
12858,3.6505065321281736,40
12859,4.008017883744603,17
12860,4.263290388847909,9
12861,4.149347036541072,12
12862,4.309047879408585,8
12863,3.6505065321281736,40
12864,3.15270067854866,128
12865,4.117162353169671,13
12866,4.149347036541072,12
12867,4.008017883744603,17
12868,4.087199129792228,14
12869,3.1560804192000407,127
12870,4.149347036541072,12
12871,3.94107109411399,20
12872,4.087199129792228,14
12873,5.263290388847909,0
12874,3.6198377123617216,43
12875,3.7192223444976333,34
12876,4.032841467469635,16
12877,3.94107109411399,20
12878,4.221897703689684,10
12879,4.008017883744603,17
12880,4.059170406191984,15
12881,4.149347036541072,12
12882,3.731811471805654,33
12883,3.9622603931839278,19
12884,4.032841467469635,16
12885,3.8653503801758715,24
12886,4.418192348833652,6
12887,1.1565556887500636,12785
12888,4.059170406191984,15
12889,3.0511027844439513,162
12890,2.752745378641297,323
12891,3.731811471805654,33
12892,3.600532557166335,45
12893,3.98453678789508,18
12894,4.059170406191984,15
12895,4.087199129792228,14
12896,3.98453678789508,18
12897,3.800892390948953,28
12898,4.059170406191984,15
12899,4.149347036541072,12
12900,4.032841467469635,16
12901,3.94107109411399,20
12902,3.920867708025703,21
12903,3.920867708025703,21
12904,4.087199129792228,14
12905,3.786169134128247,29
12906,3.9622603931839278,19
12907,4.008017883744603,17
12908,3.920867708025703,21
12909,4.149347036541072,12
12910,4.263290388847909,9
12911,3.94107109411399,20
12912,3.430781476141673,67
12913,4.059170406191984,15
12914,4.117162353169671,13
12915,4.008017883744603,17
12916,4.485139138464265,5
12917,4.087199129792228,14
12918,4.117162353169671,13
12919,4.008017883744603,17
12920,4.032841467469635,16
12921,4.032841467469635,16
12922,3.81613235750569,27
12923,4.059170406191984,15
12924,3.94107109411399,20
12925,4.032841467469635,16
12926,4.117162353169671,13
12927,4.184109142800284,11
12928,4.087199129792228,14
12929,3.98453678789508,18
12930,4.059170406191984,15
12931,4.149347036541072,12
12932,4.087199129792228,14
12933,3.9622603931839278,19
12934,3.731811471805654,33
12935,4.008017883744603,17
12936,4.117162353169671,13
12937,4.087199129792228,14
12938,4.032841467469635,16
12939,4.087199129792228,14
12940,4.117162353169671,13
12941,4.008017883744603,17
12942,5.263290388847909,0
12943,4.221897703689684,10
12944,4.008017883744603,17
12945,3.883079147136303,23
12946,3.94107109411399,20
12947,4.008017883744603,17
12948,4.184109142800284,11
12949,4.263290388847909,9
12950,4.149347036541072,12
12951,4.149347036541072,12
12952,4.059170406191984,15
12953,4.008017883744603,17
12954,4.059170406191984,15
12955,4.117162353169671,13
12956,4.059170406191984,15
12957,4.184109142800284,11
12958,4.087199129792228,14
12959,4.117162353169671,13
12960,4.032841467469635,16
12961,4.059170406191984,15
12962,3.94107109411399,20
12963,3.8319266246889216,26
12964,3.8319266246889216,26
12965,4.059170406191984,15
12966,3.758140410528003,31
12967,4.149347036541072,12
12968,4.184109142800284,11
12969,4.087199129792228,14
12970,3.758140410528003,31
12971,4.117162353169671,13
12972,4.117162353169671,13
12973,3.94107109411399,20
12974,4.117162353169671,13
12975,4.087199129792228,14
12976,3.81613235750569,27
12977,4.032841467469635,16
12978,4.087199129792228,14
12979,4.184109142800284,11
12980,4.032841467469635,16
12981,4.059170406191984,15
12982,4.032841467469635,16
12983,3.786169134128247,29
12984,4.059170406191984,15
12985,4.117162353169671,13
12986,4.117162353169671,13
12987,4.087199129792228,14
12988,3.883079147136303,23
12989,4.117162353169671,13
12990,3.800892390948953,28
12991,4.087199129792228,14
12992,4.117162353169671,13
12993,4.087199129792228,14
12994,4.117162353169671,13
12995,4.032841467469635,16
12996,4.263290388847909,9
12997,4.008017883744603,17
12998,4.059170406191984,15
12999,4.008017883744603,17
13000,4.032841467469635,16
13001,4.184109142800284,11
13002,4.059170406191984,15
13003,4.087199129792228,14
13004,3.9622603931839278,19
13005,4.360200401855965,7
13006,4.032841467469635,16
13007,4.087199129792228,14
13008,4.087199129792228,14
13009,3.9622603931839278,19
13010,4.149347036541072,12
13011,4.059170406191984,15
13012,4.008017883744603,17
13013,4.059170406191984,15
13014,4.56432038451189,4
13015,4.008017883744603,17
13016,3.920867708025703,21
13017,4.059170406191984,15
13018,3.94107109411399,20
13019,4.117162353169671,13
13020,4.032841467469635,16
13021,5.263290388847909,0
13022,5.263290388847909,0
13023,5.263290388847909,0
13024,2.6755794238289976,386
13025,2.0820186172884476,1517
13026,5.263290388847909,0
13027,5.263290388847909,0
13028,5.263290388847909,0
13029,5.263290388847909,0
13030,2.594904472157909,465
13031,5.263290388847909,0
13032,5.263290388847909,0
13033,5.263290388847909,0
13034,4.032841467469635,16
13035,2.42950601419143,681
13036,5.263290388847909,0
13037,5.263290388847909,0
13038,5.263290388847909,0
13039,5.263290388847909,0
13040,5.263290388847909,0
13041,5.263290388847909,0
13042,5.263290388847909,0
13043,5.263290388847909,0
13044,5.263290388847909,0
13045,2.373428667589721,775
13046,3.98453678789508,18
13047,3.786169134128247,29
13048,3.8653503801758715,24
13049,2.080875736413355,1521
13050,4.786169134128246,2
13051,3.5308966290249404,53
13052,3.4639498393943273,62
13053,4.418192348833652,6
13054,4.087199129792228,14
13055,3.470898699349655,61
13056,4.962260393183928,1
13057,1.49295394775276,5892
13058,3.786169134128247,29
13059,3.457110414864022,63
13060,2.1339227931249236,1346
13061,3.424441298110654,68
13062,4.418192348833652,6
13063,4.117162353169671,13
13064,4.6612303975199465,3
13065,3.4924383772057648,58
13066,3.1110020444648527,141
13067,4.786169134128246,2
13068,2.858456672227971,253
13069,3.4059578924166405,71
13070,4.786169134128246,2
13071,2.6431543338741514,416
13072,3.3494765364641923,81
13073,4.962260393183928,1
13074,3.4998623952849717,57
13075,4.309047879408585,8
13076,2.736951111458065,335
13077,4.485139138464265,5
13078,3.162919843730346,125
13079,3.101922386612934,144
13080,4.786169134128246,2
13081,3.8483170408770913,25
13082,4.360200401855965,7
13083,2.975488658917683,193
13084,4.786169134128246,2
13085,3.7192223444976333,34
13086,4.117162353169671,13
13087,3.1171623531696713,139
13088,4.6612303975199465,3
13089,4.418192348833652,6
13090,4.6612303975199465,3
13091,3.1841091428002843,119
13092,4.263290388847909,9
13093,3.9015625528303164,22
13094,4.087199129792228,14
13095,4.786169134128246,2
13096,4.786169134128246,2
13097,4.149347036541072,12
13098,3.010437357868016,178
13099,3.2589690150652664,100
13100,4.221897703689684,10
13101,5.263290388847909,0
13102,4.786169134128246,2
13103,4.360200401855965,7
13104,4.6612303975199465,3
13105,2.4352753246239325,672
13106,3.6505065321281736,40
13107,3.180505018531459,120
13108,2.860169867672091,252
13109,4.56432038451189,4
13110,1.9448096636733918,2081
13111,1.8206538630656774,2770
13112,4.485139138464265,5
13113,4.184109142800284,11
13114,4.56432038451189,4
13115,4.184109142800284,11
13116,3.582049151472322,47
13117,4.6612303975199465,3
13118,2.376799663675427,769
13119,3.1733852774085114,122
13120,4.117162353169671,13
13121,3.67222578182141,38
13122,4.008017883744603,17
13123,4.360200401855965,7
13124,4.360200401855965,7
13125,3.3602004018559657,79
13126,2.9288366376969783,215
13127,2.4065614984650265,718
13128,2.477249178605355,610
13129,4.962260393183928,1
13130,3.2063855375114363,113
13131,4.263290388847909,9
13132,1.7168711220127175,3518
13133,2.7905339395306967,296
13134,2.0006020445462127,1830
13135,4.6612303975199465,3
13136,4.56432038451189,4
13137,2.5151023618417088,559
13138,4.6612303975199465,3
13139,3.5911925309121915,46
13140,3.5730943088193956,48
13141,4.962260393183928,1
13142,4.56432038451189,4
13143,4.263290388847909,9
13144,1.7751628926004508,3076
13145,4.962260393183928,1
13146,3.6505065321281736,40
13147,2.68236541317229,380
13148,2.314877423069308,887
13149,4.786169134128246,2
13150,3.9622603931839278,19
13151,3.9622603931839278,19
13152,4.263290388847909,9
13153,3.800892390948953,28
13154,3.5229276993536653,54
13155,3.7192223444976333,34
13156,3.731811471805654,33
13157,4.360200401855965,7
13158,3.3824767965671176,75
13159,4.786169134128246,2
13160,2.9494231684787557,205
13161,3.5308966290249404,53
13162,3.600532557166335,45
13163,4.263290388847909,9
13164,3.3287919376043416,85
13165,4.221897703689684,10
13166,1.5492122238660533,5176
13167,2.4625733105655243,631
13168,2.819245592929833,277
13169,3.8483170408770913,25
13170,3.098937533063472,145
13171,3.9015625528303164,22
13172,2.713062035792815,354
13173,4.360200401855965,7
13174,2.736951111458065,335
13175,3.758140410528003,31
13176,3.2258638909072856,108
13177,1.2440078930861773,10453
13178,3.9622603931839278,19
13179,4.786169134128246,2
13180,3.661230397519947,39
13181,3.3390111027860274,83
13182,4.059170406191984,15
13183,1.9646556057234734,1988
13184,2.9600943314274204,200
13185,3.94107109411399,20
13186,5.263290388847909,0
13187,5.263290388847909,0
13188,1.52969192788657,5414
13189,4.962260393183928,1
13190,5.263290388847909,0
13191,1.7467550149521096,3284
13192,1.9737014363053125,1947
13193,3.3711957861574287,77
13194,4.184109142800284,11
13195,3.94107109411399,20
13196,2.36128749749718,797
13197,2.9053555418474555,227
13198,1.7731913837846043,3090
13199,4.008017883744603,17
13200,2.8653503801758715,249
13201,2.9891325395842294,187
13202,2.5686851899143406,494
13203,3.6198377123617216,43
13204,1.0846011490723193,15089
