category_id,class_name,lambda
1,ashtray,1.632389573386182
2,cash machine,1.3174670205011214
3,popper,1.376783332315044
4,compass,1.4264644093612431
5,rubber band,1.6639751113431078
6,spring,1.6470581624959548
7,refrigerator magnet,1.6801646041327429
8,concrete mixer,1.5279755538821949
9,crane,1.6501078396327054
10,generator,1.3880346168124056
11,spray paint,1.7530718308932987
12,pumpjack,1.604637598733655
13,aquarium,1.2288237036137355
14,fishbowl,1.3949792673874004
15,pillar box,1.5731866226429518
16,nano aquarium,1.2474893554931061
17,spoon lure,1.7477960977054932
18,penfold post box,1.5089273619238202
19,bung,1.7529533467523946
20,cork,1.6602834218281619
21,power plugs and sockets,1.6962532389673404
22,socket,1.7313931885687093
23,wall socket,1.7308020178657126
24,electronic component,1.5985125983189059
25,battery,1.6514950284515946
26,capacitor,1.6895694347568417
27,coil,1.4926026725973909
28,resistor,1.6166969467820402
29,solar cell,1.5336499338925664
30,parachute,1.5373259170416487
31,umbrella,1.8434013116312302
32,cocktail umbrella,1.7025903342023367
33,Aluminum alloy ladder,1.7349179299272182
34,Wooden ladder,1.6341299620536234
35,Bamboo ladder,1.3567276200274903
36,Parachute Umbrella,1.6051540821021129
37,Paper Oil Umbrella,1.6881913370199955
38,Transparent Umbrella,1.3631301657432504
39,birdcage,1.3529047300296688
40,birdhouse,1.7042712755478617
41,cage,1.3416363832288758
42,chicken coop,1.429330178675392
43,rabbit hutch,1.3907223970775293
44,bird's nest,1.7399474403299113
45,nest,1.5912757385627234
46,wasp's nest,1.4222344536298888
47,whistle,1.5081566225725078
48,gold,1.5061554971639128
49,money,1.7290708136243547
50,cash,1.6298511435837457
51,paper money,1.6438309025285127
52,coinage,1.7882536134332598
53,bill,1.6962011161384543
54,magnifying glass,1.3999856760383165
55,lens,1.7352653743676518
56,microscope,1.6875130134743344
57,telescope,1.5720265564499112
58,telescopic sight,1.613521715815192
59,rifle scopes,1.6770433550016142
60,LED Lens,1.6931055034861298
61,Triangular Prism,1.6666673655811026
62,Eyeglass Lens,1.9332581272592297
63,Cylindrical Lens,1.6621038989457491
64,bicycle wheel rim,1.8937646146846161
65,bobbin,1.7378171677721128
66,ferris wheel,1.4952087653380322
67,gear,1.8030844952998115
68,inner tube,1.7181797949521416
69,pulley,1.7281615711744078
70,tire,1.9369791694878298
71,waterwheel,1.5065646857444803
72,wheel,1.9161233180297188
73,fishing reel,1.79738370530826
74,skateboard wheel,1.8468541427800695
75,brazier,1.6856247720113875
76,gearshift,1.5995289104133361
77,handwheel,1.6859345705927606
78,hearth,1.4864610174575559
79,hot-water bottle,1.512663860751656
80,radiator,1.7185808260551774
81,roaster,1.4922982104295626
82,solar heater,1.5659000146961253
83,steering wheel,1.7652663120108329
84,tandoor,1.5923872493604661
85,direct vent fireplace,1.5446248941471685
86,masonry oven,1.5185550000256074
87,stop sign,1.7267254019631841
88,crosswalk sign,1.7440547550979724
89,billboard,1.8696843064722775
90,crosswalk,1.5990805835746067
91,speed bump,1.5348203127243389
92,yard marker,1.7619528465997818
93,signpost,1.8310211744169125
94,fingerpost,1.7870073236582664
95,signage,1.8515630869450073
96,speed sign,1.6780177350081988
97,bell,1.7550023248860063
98,electric bell,1.3065324783405459
99,timer,1.740705577180536
100,weathervane,1.3172311840935682
101,fire alarm,1.4810033919554197
102,bell buoy,1.2281527539114172
103,windbell,1.7152240660296048
104,bicycle bell,1.641570383407104
105,Electronic Clock,1.5493865674364602
106,Timer,1.6821531468452999
107,checker,1.7468379787387436
108,chessman,1.7351431501916399
109,chess set,1.6778079617559807
110,Chinese Chess,1.7564128860844634
111,Go,1.7063417283005875
112,International Draughts or Checkers,1.7202364707501259
113,Chinese Checkers,1.6981995365541782
114,Aeroplane Chess,1.680349218495873
115,Shogi,1.7720589903554362
116,Land Wargame,1.7328637811061904
117,International Draughts,1.7225395546320257
118,Reversi,1.6674927415639946
119,Nine Men's Morris,1.6748392997567678
120,Tic-Tac-Toe,1.7343742578514911
121,Makruk,1.7318588402550952
122,Sittuyin,1.747050286423778
123,baby bed,1.5184104980097748
124,bed,1.6535746345818043
125,bed pillow,1.7319668363557494
126,bunk bed,1.4194263111988881
127,carrycot,1.6194768396304866
128,crib,1.3028706589900172
129,futon,1.68226797286236
130,hammock,1.5269363856344773
131,headboard,1.6502656975959358
132,hospital bed,1.5878417493722012
133,lilo,1.6164961808697544
134,mattress,1.6997128596283861
135,mattress pad,1.6933969956167585
136,pillow,1.8031837270722169
137,throw pillow,1.7522588778651604
138,canopy bed,1.3228853044995343
139,emergency sleeping bag,1.4780902758047585
140,command module,1.5222110705261218
141,meteorite,1.6288993298739598
142,moon,1.5388299316431433
143,satellite,1.739820528642557
144,sun,1.5544304453309403
145,satellite dish,1.6555054257914525
146,black hole,1.3914317088177344
147,Earth,1.5619666254154096
148,Mars,1.445190879486383
149,Mercury,1.6511944487669832
150,Venus,1.2575469676125444
151,Saturn,1.3863926010199903
152,Jupiter,1.6171496300758244
153,Uranus,1.5513457891078111
154,Neptune,1.6576522379703493
155,pluto,1.7146403145316094
156,candy,1.7220621921927164
157,brittle,1.5651506965673143
158,chewing gum,1.5130637768738704
159,candied apple,1.7067580441918642
160,candy cane,1.6729781915893089
161,chocolate,1.7178261074237358
162,cocoa powder,1.6469783076449216
163,white chocolate,1.6578687878899174
164,gumdrop,1.7322195266239975
165,lollipop,1.7050334685129027
166,marshmallow,1.5899677313306926
167,nougat bar,1.5274566478289064
168,jello,1.7100256053983069
169,conserve,1.643317513816269
170,aspic,1.587084023460986
171,tanghulu,1.6365798957806992
172,chocolate-covered potato chips,1.6677637464682677
173,chocolate balls,1.7398059127150138
174,jelly babies,1.6332583372086136
175,ribbon candy,1.5964727076429148
176,gummy bear,1.6541105272285384
177,weaving basket,1.6645583986729684
178,bag,1.7799837798250491
179,gun barrel,1.7826624288193504
180,basin,1.6699363100186422
181,basket,1.7095501120128702
182,bottle,1.814728839263168
183,bucket,1.7787267132775386
184,glasses case,1.6600299408097037
185,matchbox,1.7282386204760378
186,pot,1.814626875747793
187,rain barrel,1.7379296591636755
188,wallet,1.7556790006945273
189,purse,1.7998181577362053
190,cask,1.7494112273257194
191,keg,1.7689139396199374
192,clay pot,1.7748979355396024
193,reusable shopping bag,1.7744522990477987
194,briefcase,1.7556542199475054
195,laptop bag,1.5659171003080952
196,Moisture-proof box,1.7190357456944159
197,baby float,1.679597014816419
198,air cushion,1.4114030093963077
199,breeches buoy,1.7388471524240656
200,fire extinguisher,1.770956424604051
201,fireplug,1.6416370642435911
202,hydrant,1.6519388361165359
203,life jacket,1.7983187280920814
204,life saver,1.7466776485749362
205,water wings,1.621702130548397
206,inflatable armbands,1.7564940416175812
207,life saving hammer,1.5164030640925854
208,descender,1.4678045029867877
209,escape rope,1.3483719718319827
210,rescue whistle,1.6554302136978698
211,fire mask,1.570157346996595
212,smoke detector,1.2195846562229804
213,lifeline,1.5507049590875712
214,fire emergency lights,1.4763265224020621
215,air breathing apparatus,1.6894237962087382
216,fire extinguisher cabinet,1.56894221278097
217,blowgun,1.5347935207523138
218,cigar,1.6472508472727085
219,cigarette,1.7083433581124123
220,cigarette butt,1.7631407244097785
221,discharge pipe,1.7798359947438849
222,fire hose,1.6724427662715904
223,garden hose,1.7452410995481733
224,grab bar,1.8143078323238566
225,meerschaum,1.5686729992452904
226,smokestack,1.8141636388879869
227,test tube,1.6504107412473195
228,torpedo tube,1.5511703633545539
229,barber's pole,1.4763445388834491
230,peace pole,1.3673831540471979
231,opium pipe,1.4680893209178065
232,factory chimney,1.5184896735512772
233,pipe tobacco,1.6627928271984649
234,air duct,1.7412504596634923
235,Aluminum plastic tube,1.7399660978781379
236,single pole towel rack,1.5647425310051128
237,double bar towel rack,1.1919158790720528
238,Towel rack,1.256618249143578
239,aspirator,1.3864315696502352
240,catheter,1.4641998930343023
241,dental appliance,1.8089540326162017
242,hypodermic needle,1.644367587657193
243,pill,1.6170048858119896
244,plaster,1.0421549496166382
245,stethoscope,1.572987549856713
246,stretcher,1.429990421659912
247,swab,1.2147237736128316
248,syringe,1.6801743050733586
249,injection,1.5873109332134514
250,mayo scissors,1.4098686194015559
251,thermometer,1.469202747166749
252,temperature gun,1.5598889218795688
253,electrotherapy device,1.3818930945038383
254,CT machine,1.2106593471237841
255,medical kit,1.4489551540166172
256,scalpel,1.5719895485205129
257,dropper,1.5478629977169081
258,denture,1.4136228452279003
259,ECG machine,1.3158898328728026
260,sphygmomanometer,1.3162775190208125
261,CT scan,1.2261025866267194
262,forehead mirror,1.5213421911192555
263,Snellen chart,1.233998560358514
264,amulet,1.6412263281841848
265,cross,1.6633031934213984
266,flag,1.8879052030672048
267,flagpole,1.7679962054117135
268,tomb,1.7248649335198927
269,gravestone,1.7503412346407068
270,handstamp,1.7232441378385688
271,mausoleum,1.5468500950861508
272,menhir,1.5854464175690395
273,shoulder board,1.6581783080018115
274,shoulder patch,1.6857788164856702
275,totem pole,1.4696363857741424
276,medal,1.6844763456786278
277,trophy,1.725657145124905
278,mascot,1.4587824743672
279,tomb of the unknown soldier,1.4162667098507078
280,cross of sacrifice,1.7394793147923013
281,shoulder sleeve insignia,1.66074773385448
282,koinobori,1.727690831303536
283,joss paper,1.6937400637245119
284,paper ingot,1.551616481531312
285,sacrificial candle,1.6341783408753141
286,Spirit card,1.4725800695318727
287,incense burner,1.4222788245727283
288,Spirit Banner,1.5601511324310824
289,firecracker,1.6160431298783569
290,wreath,1.4946534231726374
291,fountain,1.3093302182611606
292,millstone,1.6191522487901207
293,crystal,1.7545378022715399
294,diamond,1.7638644463984767
295,ruby,1.6911593618824503
296,pearl,1.7809182575432951
297,chrysoberyl,1.6916038642461415
298,jadeite,1.7152032762153526
299,kyanite,1.7035467303506546
300,opal,1.662717994414403
301,rock crystal,1.6994933217831329
302,amethyst,1.6807437026878769
303,aquamarine,1.7116255727110667
304,black opal,1.6879524858242849
305,chrysoprase,1.7161999496913554
306,citrine,1.6890486564078133
307,emerald,1.7173507247534785
308,jade,1.6900320479648983
309,peridot,1.7329498972055273
310,rhodolite,1.72976692251508
311,zircon,1.7258146669571546
312,yellow quartz,1.7078375179904373
313,cobaltocalcite,1.3776923064368873
314,lake superior agate,1.7066615833780678
315,opalite,1.7338511784659332
316,ring stone,1.4888571808284254
317,malachite,1.7269235326771364
318,wine rack,1.5265240869064767
319,high-heeled shoe,1.4852905141952122
320,pot rack,1.6972369145824264
321,bookcase,1.7843409273789088
322,cabinet,1.7479305586622627
323,dresser,1.7226735250223371
324,clothes tree,1.6847345472882878
325,coat hanger,1.7776901173191371
326,coatrack,1.5845205920288308
327,dish rack,1.665210064350791
328,drawer,1.7632776535376058
329,minibar,1.6729728277842351
330,toastrack,1.303326523890703
331,towel rack,1.6734592884609718
332,wardrobe,1.5846744905674188
333,nightstand,1.7286956263727797
334,File cabinets,1.600031084643482
335,files rack,1.6859418162293296
336,Lifting drying rack,1.489199774728309
337,paper shelf,1.5290267227569085
338,Shoebox,1.6124817649275136
339,TV cabinet,1.6574509028897355
340,wine cabinet,1.5264830535670286
341,tea cabinet,1.3711192108257604
342,filing cabinet,1.49016076814029
343,medicine cabinet,1.4970095027065846
344,beaker,1.7312551725315979
345,compass (drawing tool),1.6780941270204717
346,detector,1.4269949855827482
347,divider,1.6833665840444092
348,measuring instrument,1.6334524374260901
349,plumb bob,1.4534131298972861
350,protractor,1.6736612678849392
351,straightedge,1.6013145855933208
352,vernier scale,1.5675133524353781
353,Triangular ruler,1.516879462755085
354,height tester,1.5577585224365631
355,body weight tester,1.5848568510909218
356,Spirometry,1.5383810860083509
357,Sebum forceps,1.5881700883378591
358,tape measure,1.613325666179062
359,level gauge,1.5462041413848964
360,total station,1.4003220904016311
361,multimeter,1.4349938687742241
362,oscilloscope,1.2512435061085192
363,Signal generator,1.2193200637362134
364,Transistor Characteristic Tracer,1.2193355578478937
365,megger,1.4295013116931941
366,Infrared Thermometer,1.4264056426330227
367,Spectrum Analyzer,1.3421653856373505
368,lcr parameter tester,1.3789845065806283
369,IC Tester,1.4064034981006688
370,Tablet,1.4788457613669359
371,Speedometer,1.4586335385185147
372,armchair,1.7991960597404497
373,chair,1.8676802233777292
374,conference table,1.7100146318453822
375,desk,1.6645975936502451
376,dinner table,1.5843670467360624
377,dressing table,1.5375197148122699
378,drop-leaf table,1.5914800244186438
379,folding chair,1.8298892556505157
380,gateleg table,1.7561254086776503
381,highchair,1.4883445321689446
382,lectern,1.6301246051731986
383,pedestal table,1.667625027930876
384,rocking chair,1.6166012843949908
385,couch,1.7713620444599214
386,wheelchair,1.7534484736509173
387,chess table,1.6933795100360216
388,deckchair,1.7565248206465687
389,joëlette,1.4764337137095485
390,bean bag chair,1.6718515381299031
391,massage chair,1.6436424605392714
392,Computer Desk,1.5755116135002529
393,school desks,1.7545856279887704
394,one-legged table,1.715188285633618
395,tripod table,1.6233075324043349
396,four legged table,1.7739886363125352
397,round table,1.7276568938804695
398,square table,1.6980390290221918
399,bathroom sink,1.7515166673419802
400,toilet roll holder,1.5523616431181217
401,irrigation sprinkler,1.4779518558068063
402,bathtub,1.4630582564825709
403,bedpan,1.666031654113461
404,broom,1.6855177948461764
405,dumpster,1.6487559257544098
406,dustpan,1.665044185890699
407,faucet,1.7251120935743054
408,flush toilet,1.6581821687533069
409,garbage,1.7607720268570968
410,kitchen sink,1.7179172178649098
411,nozzle,1.4454010434849009
412,potty seat,1.6128431980566758
413,showerhead,1.7106543943116883
414,sink,1.6796878764982413
415,moppingfloor,1.6863141034976694
416,tub,1.4902317185910352
417,urinal,1.5766532154684616
418,water faucet,1.7575150879367689
419,squat toilet,1.5232707770767335
420,pressure washer,1.547248963034245
421,shower,1.6759010534633274
422,duster,1.5142106453580804
423,stainless steel trash can,1.6516042222747618
424,Ordinary floor drain,1.4936830455156267
425,Floor drain for washing machine,1.6322123160183111
426,shower head,1.6014759272851862
427,soap dish holder,1.4794722430993856
428,soap dish,1.582588797972996
429,single cup holder,1.6054005302762917
430,double cup holder,1.3318026533784195
431,toilet brush holder,1.6071298979158342
432,toilet brush,1.5462795465150603
433,board eraser,1.6847631878715719
434,abacus,1.7026208475397464
435,chalk,1.7259919109170259
436,fountain pen,1.7127119327564821
437,marker,1.6794725399439678
438,pencil,1.7257947271691161
439,pencil sharpener,1.5990864409381791
440,quill,1.5122910681328192
441,rubber eraser,1.7148376379487127
442,tap,1.6974096716089546
443,rollerball pen,1.7302037275726283
444,inkstone,1.5491418147825824
445,Portfolio,1.47454740163464
446,file set,1.4927639906256696
447,business card case,1.6630113305489438
448,zipper bag,1.343364803821419
449,file basket,1.5334246795098208
450,book stand,1.5726442333148487
451,stapler,1.5981455668792832
452,Staple,1.4600501602415381
453,Pencil sharpener,1.6425789902518559
454,glue stick,1.6919465360657058
455,glue,1.6316364543613349
456,tape holder,1.5607661388954264
457,pen holder,1.662377931585314
458,pencil case,1.56241812414597
459,calendar holder,1.3759368213655421
460,ballpoint pen,1.6881224065596159
461,desk pen,1.5212246430779848
462,watercolor pen,1.6980927025406554
463,correction fluid,1.6990759845914121
464,correction tape,1.6351565179633873
465,writing brush,1.7234872275481246
466,raw tape,1.6313290154212918
467,Scotch tape,1.6889840239156366
468,Insulation Tape,1.6017984451146479
469,folder,1.676862428067091
470,folding napkins,1.7599938293631108
471,bath mat,1.5867636983962126
472,bath towel,1.7198830128033458
473,beach towel,1.7282741109581072
474,beer mat,1.7197719436377916
475,cleaning pad,1.2937865371546464
476,cobweb,1.2607871306859217
477,diaper,1.6669986405900334
478,dishcloth,1.724104297420616
479,doily,1.5563334661899297
480,drop cloth,1.6413927052185491
481,dustcloth,1.6625340307271412
482,dust cover,1.5953158618830421
483,embroidery,1.3566774378737905
484,floor cover,1.7184067653366577
485,groundsheet,1.7516597518606782
486,handkerchief,1.549702995870363
487,mosquito net,1.5516294470979961
488,mousepad,1.5347035013804593
489,paper towel,1.7112350265398129
490,place mat,1.4676920475499564
491,potholder,1.5417538209204844
492,rag,1.5202311154967907
493,scouring pad,1.5187376543429427
494,skein,1.744247510482984
495,soap pad,1
496,tapestry,1.658303058065921
497,tarpaulin,1.8324586568732997
498,towel,1.7709070352193166
499,webbing,1.7573564414094462
500,blanket,1.5320920205214814
501,mylar,1.6407313426735486
502,leather,1.8719486638558249
503,silk,1.5864407200887856
504,wool,1.5318512810265315
505,window covering,1.8529659732607184
506,window valance,1.7693229250877078
507,water well,1.4725150949624639
508,artesian well,1.4628303306253652
509,curtain,1.8137416484364581
510,entrance,1.8767847800742472
511,doorframe,1.8946770039177765
512,doorknob,1.7591102704272068
513,dormer,1.7906591774852998
514,french door,1.8197173649081684
515,gusher,1.6026974677145032
516,knocker,1.4991014554946156
517,louver,1.8656586373762396
518,lychgate,1.3420320404815242
519,mail slot,1.4140284277815895
520,manhole cover,1.6407469055317707
521,oeil de boeuf,1.7746681841890353
522,portcullis,1.6174145662064339
523,porthole,1.6446670726332573
524,pump well,1.1356610965386131
525,rear-view mirror,1.7235309055239072
526,revolving door,1.4548013548921293
527,sliding door,1.7127191172425689
528,starting gate,1.5912061483558424
529,triumphal arch,1.6921261935603944
530,well,1.544945648909563
531,window frame,1.9037124742569764
532,window,1.9966768433389728
533,stained glass,1.6954871967142204
534,Exterior door lock,1.6069195272219918
535,handle lock,1.5301398101338173
536,Ball lock,1.5116428994274953
537,electronic door lock,1.4496009500746361
538,san pedro cactus,1.7451750629121352
539,large-flowered cactus,1.1826970415225058
540,ferocactus cylindraceus,1.6731662553148698
541,cylindropuntia bigelovii,1.439482702569451
542,mammillaria dioica,1.5841523400636843
543,opuntia ficus-indica,1.5487113443792311
544,hamatocactus hamatacanthus,1.5554375867493755
545,echinocereus pectinatus,1.65101793544755
546,opuntia cochenillifera,1.4543414944408193
547,mammillaria grahamii,1.6806211981397663
548,opuntia decumbens,1.5358638629316226
549,echinocactus horizonthalonius,1.6505010901526052
550,mammillaria heyderi,1.5975610739286394
551,echinocereus santaritensis,1.6339138099687998
552,juniperus occidentalis,1.3695399813686433
553,echinocereus chloranthus,1.5732289972747386
554,larix occidentalis,1.6602169390924988
555,cedar of lebanon,1.5813072256293657
556,carnegiea gigantea,1.7160664397423588
557,echinocactus,1.7805810277613996
558,golden barrel cactus,1.752364619904407
559,rainbow cactus,1.3356107617426349
560,barrel cactus,1.7118316937341223
561,chichipe,1.4009511328219246
562,mammillaria,1.6697524608750054
563,nopal,1.5868244768307695
564,bamboo,1.3286113907814716
565,adansonia digitata,1.2767794778307366
566,ceiba pentandra,1.4422085615060936
567,queensland bottletree,1.4382014562339052
568,japanese beech,1.1137802306484366
569,oak,1.4306603713349424
570,quercus garryana,1.5304660806409438
571,mallee,1.4306603713349424
572,forest red gum,1.3648054654993222
573,divi-divi,1.5672992616325447
574,caranday,1.6238506737268583
575,tree,1.4055038318433002
576,leafless tree,1.6964018684865494
577,basketball moves,1.6809728020265982
578,bowling pin,1.6093435956215485
579,cricketshot,1.5905416469104774
580,croquet ball,1.6556616615657518
581,field hockey ball,1.4648551781738306
582,golf ball,1.4393616994523704
583,handball,1.6463318695270333
584,lacrosse ball,1.7253538320550135
585,ping-pong ball,1.6764567856313586
586,rugby ball,1.5976786339013223
587,shot,1.6998982442475827
588,shuttlecock,1.2917575864562787
589,soccer,1.745769252216324
590,tennis ball,1.7300198703230323
591,volleyball,1.7368497782430721
592,floorball,1.679347562482786
593,pesäpallo,1.7347221028166286
594,baseball,1.7047338452482683
595,pingpong,1.6579724000905542
596,badminton,1.6288426110889094
597,tennis,1.7273110559966987
598,bowling,1.6731121484052689
599,puck,1.3792333045800245
600,bandy ball,1
601,billiards,1.7247476807280984
602,softball,1.6302431302882916
603,hockey,1.3731717396210652
604,lacrosse,1.7340970445258246
605,cricket,1.3517524432889207
606,rugby,1.6100864298770197
607,water polo,1.6729775608389539
608,wooden ball,1.5233698000975324
609,basketball,1.6939162802735295
610,American football,1.6423673491700606
611,golf,1.605813658534307
612,pickle ball,1.6637269987872627
613,match ball,1.5556481216539844
614,lawn bowls,1.6126499833013126
615,racquetball,1
616,sepak takraw,1.7045521151178997
617,croquet,1.657349090858292
618,dodge ball,1.7140624690117487
619,facial cleanser,1.6335870548020086
620,baby powder,1.4959651785354615
621,bar soap,1.6818117314416525
622,bottlebrush,1
623,comb,1.5677251076798178
624,condom,1.7493492623794351
625,cream,1.5642775701643656
626,curler,1.6047494519617072
627,curling iron,1.6217987820474189
628,electric toothbrush,1.6338896548143502
629,eyebrow pencil,1.4393392918424945
630,face powder,1.7342223357961526
631,hairbrush,1.3894153259232938
632,hand cream,1.4492115952526385
633,laundry detergent,1.7339280721000905
634,lip balm,1.6484318101738031
635,lotion,1.7379670552026263
636,nail polish,1.7462078474477372
637,Eyebrow pencils,1.5648090799767878
638,perfume,1.7173102232196258
639,razor,1.6375526550151385
640,sanitary napkin,1.7188789343841844
641,shaver,1.2288582087788276
642,shaving brush,1.7342666676869067
643,soap,1.7331782481626568
644,toothbrush,1.6695717680456905
645,toothpaste,1.686177314986447
646,toothpick,1.4881252406946148
647,nail clipper,1.4227411175885432
648,interdental brush,1.6171150812734165
649,cosmetic container,1.6982606917500442
650,electric clippers,1.684848981197947
651,electric curling iron,1.6606019682012749
652,Electric shaver,1.4291150720127421
653,manual shaver,1.6059852647064559
654,facial cleansing brushe,1.4385952029547424
655,facial steamer,1.5082382613697871
656,Flosser,1.5877540857724397
657,ear cleaner,1.4896796448706311
658,baked oil cap,1.6324126621186967
659,Facial mask,1.3652732492961526
660,spray,1.4542714012648861
661,Oil-absorbing paper,1.596646297172083
662,makeup remover,1.3869457712075333
663,lipstick,1.6861963254796093
664,Beauty egg,1.7315576731376634
665,Epilator,1.6597435293272531
666,Foot Patch,1.5604808023392167
667,water castle,1.5787418460884264
668,portable toilet,1.680459216092661
669,lighthouse,1.6331224049083954
670,bell tent,1.6830312303199479
671,cabana,1.7835778302817147
672,campanile,1.4723652224332207
673,cenotaph,1.4969895016121719
674,cottage tent,1.7493539043865609
675,covered bridge,1.4568100586809258
676,field tent,1.7877424532993724
677,hayloft,1.4294889604395835
678,house,1.7541638697969235
679,igloo,1.6780941270204717
680,lake dwelling,1.7808414386879985
681,mountain tent,1.7059038725374833
682,newsstand,1.4231007795011759
683,nissen hut,1.3147295071264953
684,obelisk,1.3068655713645929
685,outhouse,1.6322972518428482
686,pillbox,1.5035033109396454
687,pyramidal tent,1.5754239911806454
688,ranch house,1.8372430113327995
689,sentry box,1.6633138601947977
690,sod house,1.6304094063553536
691,spire,1.6838722564258692
692,phone booth,1.4213845552700928
693,tepee,1.4690565158476123
694,tollbooth,1.5401600337884609
695,umbrella tent,1.8735029577447704
696,wall tent,1.7759621957384779
697,yurt,1.4404618551046307
698,palace,1.5955987387708159
699,church,1.4135167886804347
700,stone cabin,1.7045947544326849
701,naveta,1.3787638634398744
702,qubba,1.5567299318936738
703,round barn,1.4808094181354661
704,tobacco barn,1.4680733681592963
705,liberty monument,1.4300000520890417
706,partytent,1.7933763254155073
707,barracas de piedra,1.467746480303735
708,tukul,1.6269535236957631
709,gebakkraam,1.3066199000696224
710,würstelstand,1.2662950112420384
711,memorial gates and arches,1.3645565767276344
712,shieling hut,1.2288582087788276
713,icelandic turf house,1.54213154653145
714,wine glass,1.750638758969667
715,stemware,1.7885978384036312
716,outdoor grill,1.5754290477226573
717,contact grill,1.5257166215322036
718,food steamer,1.6512212611137582
719,baby bottle,1.6719830676716214
720,bowl,1.6500517501067633
721,cutting board,1.5957809014992854
722,chopsticks,1.8078942360510455
723,dishware,1.7030026993398859
724,cup,1.7919010099068362
725,dish,1.5793995758108952
726,epergne,1.6084765675685331
727,fork,1.7967012699778833
728,glass,1.7909150136261789
729,gravy boat,1.7198272251732374
730,griddle,1.5837904079879856
731,kettle,1.7411344598262857
732,combine with bowl,1.5145509224100979
733,mug,1.7757493715167478
734,pan,1.6555250050639734
735,paper plate,1.7465350780404307
736,home plate,1.6163265673672118
737,poacher,1.4836138514604527
738,porringer,1.6732920283150716
739,pressure cooker,1.6860019986091141
740,punch bowl,1.6919147645864201
741,runcible spoon,1
742,saucepan,1.658565963937054
743,soup bowl,1.5680670246351169
744,spoon,1.7757012275481341
745,spork,1.6175198718032591
746,straw,1.743118441662042
747,tableware,1.6960956649476882
748,tea ball,1.4649603549871126
749,tea maker,1.6993387553626054
750,tea pot,1.750604793070262
751,wok,1.387919094950324
752,wooden spoon,1.7339330279679013
753,jug,1.7271606023947692
754,gaiwan,1.7468583014478711
755,bogrács,1.6897154992682633
756,honey dipper,1.6461027486300739
757,dolsot,1.2159759159043917
758,bamboo steamer,1.6598834713326682
759,glass goblet,1.7818162395504022
760,sheet pan,1.6553464296557756
761,sippy cup,1.7334357804632536
762,springform pan,1.3324726954700283
763,decoction device,1.3705677913624961
764,ax,1.6092252056616105
765,ax handle,1.6780941270204717
766,bucksaw,1.3052315707588724
767,cheese cutter,1.4420305409185663
768,crosscut saw,1.5229614921270143
769,hedge trimmer,1.5831444832705306
770,knife,1.7514826345592349
771,paper cutter,1.3931897898467502
772,peeler,1.6784464454684347
773,proverb,1.6351577192264803
774,scissors,1.7377163075070237
775,scythe,1.5374201453801501
776,secateurs,1.5700824101070996
777,sheath,1.5623205876704889
778,sickle,1.4722386760681196
779,snips,1.5054918229218919
780,sword,1.7624253115460362
781,table knife,1.7848262397652532
782,thinning shears,1.3572121785448825
783,throwing knife,1.6990914799950785
784,splitting maul,1.3738767101141227
785,pizza cutter,1.4584084854747674
786,karambit,1.5481801893025349
787,abrasive saw,1.5746515045692737
788,shinai,1.6509191653084845
789,ring knife,1.3864981051997729
790,dagger,1.6265605021831604
791,Butterfly Sword,1.361179073534901
792,Jiuhuan Dao,1.4520652025487029
793,Machete,1.5606134165965841
794,saber,1.2205773172783068
795,Pak Knife,1.2870935834049562
796,Tai Chi Knife,1.4213750992968619
797,child and mother knife,1.4286714413248738
798,Yuntou knife,1.4009621544932969
799,Seedling knife,1.3469403153718884
800,kitchen knife,1.7287823397358881
801,Spike knife,1.3534758402670286
802,Handguard Wolf's Fang Knife,1
803,Hook Knife,1.6301255619734665
804,Seven-Star Sword,1.3951974812975032
805,Meridian Zodiac Mandarin Duck Battle Axes,1.5259994048326928
806,Wooden Sword,1.4705088871653613
807,Hooked weapons,1.5255520346510516
808,Arts and Crafts Knife,1.5191775951429662
809,Paper cutter,1.1600876547975012
810,Sword,1.5816847138491732
811,Dagger,1.6815080915120284
812,Swiss army knife,1.2060792965754932
813,Nepalese curved knife,1.2902745279799803
814,American M9 Bayonet,1.2835138828255759
815,Butterfly Knife,1.6780941270204717
816,payment card,1.677209831499801
817,academic certificate,1.6705060399935596
818,blackboard/whiteboard,1.7637883939438703
819,bookmark,1.7130634637913227
820,clipboard,1.6849069517154811
821,doorplate,1.748124405454877
822,drumhead,1.7216323899945261
823,envelope,1.6007299814519564
824,vehicle registration plate,1.8385504832958699
825,newspaper,1.6238355451276658
826,palette,1.4867019061540407
827,playing card,1.675093241851912
828,swatter,1.5589897343740335
829,washboard,1.8261284072862596
830,notepaper,1.7608608612078493
831,diploma,1.3701594319147981
832,menu,1.7432665340733489
833,passport,1.4476199915154964
834,magazine,1.7483265196706621
835,greeting card,1.5093071314915569
836,postcard,1.6444943577704196
837,postage stamp,1.6575726652321641
838,book,1.7596391036483996
839,debit card,1.3607936668911498
840,carton,1.7331310290359698
841,cardboard,1.7535253956075318
842,corkboard,1.6065699373917681
843,gift wrap,1.7363478995968733
844,notepad,1.7499085513983443
845,tissue,1.7681407169519416
846,toilet paper,1.7743770716387752
847,post-it note,1.7266247944254129
848,visa credit card,1.3400007508161782
849,Wireless Bound Notebook,1.7330622448099255
850,Spiral Notebook,1.6799440495555222
851,Leather-covered notebook,1.71762789733046
852,Stapled Notebook,1.7021375674213803
853,Post-it note,1.7514099689827036
854,ledger,1.4361692352057809
855,carbon paper,1.7155393975409072
856,paper airplane,1.5785347095684501
857,paper takeout box,1.7343702510355896
858,paper bowl,1.7465781985822026
859,paper cup,1.7689286950486633
860,paper bag,1.7448718350826855
861,paper box,1.75911708798132
862,business card,1.7462360662054386
863,invitation,1.4216856070660457
864,red envelope,1.6945503464194778
865,couplet,1.6793357290198545
866,red paper lantern,1.7746509743403305
867,white paper lantern,1.7276624917194492
868,hang tag,1.7821440527295866
869,hang flag,1.8293290376955591
870,poster,1.8031625192031755
871,butter paper,1.5378150755449265
872,barbette carriage,1
873,battering ram,1.2146734354918725
874,bomb,1.6398262480715724
875,brass knucks,1.480291716538733
876,bullet,1.7285764008322304
877,cannon,1.3555040725601393
878,crossbow,1.6500354141542091
879,gun,1.7470265031809098
880,halberd,1.678798386456835
881,holster,1.6352892067976961
882,longbow,1.6535527024919126
883,missile,1.6585968497316976
884,rocket,1.5686615401008652
885,stun gun,1.5014449154189324
886,trident,1.5233300249627231
887,whip,1.4617684085744669
888,ammunition,1.6808730666991227
889,nunchaku,1.6959103303348062
890,tonfa,1.616964756222053
891,fn p90,1.1622359770207304
892,spear,1.6555651325006033
893,long spear,1.620273278782667
894,double crescent halberd,1.4744128592278054
895,Forked weapon,1.4705003593004999
896,Classical Gun,1.6176978263218103
897,Finger tiger,1.636712528427926
898,Meteor Hammer,1.3561938913253133
899,Rocket Launcher,1.3736956258265287
900,Revolver,1.505229691763633
901,Sniper rifle,1.5574035830698763
902,Light machine gun,1.321280217363662
903,Heavy machine gun (with tripod),1.3276533447311403
904,AK-47 rifle,1.6170429738468832
905,M16A4,1.6808748252546635
906,MP5 submachine gun,1.4416315725227549
907,MP7 submachine gun,1.3793973203136922
908,UZI submachine gun,1.5336034360458499
909,PP2000 submachine gun,1.3193744427941165
910,UMP submachine gun,1.6833665840444092
911,Thompson submachine gun,1.5952709120690589
912,mortar (weapon),1.326954882533339
913,Mauser Kar98K carbine,1.6145532428495253
914,95 Type Assault Rifle,1.4622597010385765
915,M4A1 Carbine,1.6211850682136464
916,FN SCAR,1.4558077118079773
917,G36 Assault Rifle,1.4226798326438466
918,FAMAS,1.3808160767054134
919,AUG Assault Rifle,1.4153693677831189
920,FN FNC,1.5865904063561329
921,FN FAL Automatic Rifle,1.5292915528180715
922,SG 550 Assault Rifle,1.5433631918219817
923,Smoke Grenade,1.7066148248358093
924,Explosive charge,1.6780941270204717
925,Winchester Defender Shotgun,1.6006775240123723
926,Remington Model 870 Shotgun,1.5222088960454205
927,AA-12 Automatic Shotgun,1.3201994835802715
928,KS-23 Shotgun,1
929,Pepper Spray,1.4739047066895803
930,Shield,1.7139536742850419
931,Laser Cannon,1.3111157762486634
932,keychain,1.7617268829045423
933,plumbing fitting,1.7560841997316388
934,threading needle,1.8087791251022223
935,anchor,1.5069010648407728
936,anvil,1.4489843245740524
937,awl,1.5786296345874504
938,bodkin,1.5464647530929905
939,candlesnuffer,1.4494277203396382
940,carabiner,1.7066317267980211
941,grapnel,1.7014935017697894
942,hex nut,1.7766983664433678
943,hook,1.8104929763428448
944,key,1.750387763648845
945,lock,1.7489897073312406
946,nail,1.7538283643735497
947,needle,1.6607160543299135
948,pin,1.5672590856876714
949,pincushion,1.6043784017576068
950,pipefitting,1.7365073133801152
951,screw,1.7972435957982222
952,sewing machine needle,1.599381528275023
953,snatch block,1.5100312771618147
954,stickpin,1.6707131885778881
955,thimble,1.7401444724056128
956,tie tack,1.6881061921968146
957,wing nut,1.7299329841459039
958,Drawer lock,1.5124108430273835
959,Glass cabinet lock,1.5827294093691184
960,Chain lock,1.765019508755989
961,Hang lock,1.6988983241390503
962,Number lock,1.4191734986001148
963,Glass hinge,1.70450404967382
964,Corner hinge,1.7289794972321044
965,bearing hinge,1.7574366727758117
966,pivot hinge,1.6808106162023582
967,hinge,1.6240417178063677
968,drawer rail,1.5757797382916263
969,sliding door track,1.6844704498348206
970,latch,1.6017643209836769
971,door suction,1.6547380890120924
972,floor suction,1
973,floor spring,1.6238875280625473
974,door closer,1.4183232215059398
975,plate pin,1.7127778649293153
976,anti-theft buckle hoist,1.5038066643749508
977,strip clamp,1.6155842178039861
978,bouncing ball,1.6474233147512407
979,omnidirectional wheel,1.8230896997925656
980,door jamb,1.6496757930006969
981,Tee connection,1.7207657715363696
982,female threaded elbow,1.7134446204298039
983,ball valve,1.5494895857502762
984,rivet nut,1.6448500589981818
985,concrete nail,1.6397111249505132
986,advertising nail,1.7392061627163451
987,mirror nail,1.7267280101229492
988,expansion bolt,1.716275217822997
989,self-tapping screw,1.6973792172249302
990,safety lock buckle,1.6802257381666181
991,safe,1.2653250862737111
992,bicycle lock,1.4047145940235717
993,U-lock,1.6472954163680191
994,wheel lock,1.4864902270847289
995,toy vehicle,1.7264680965705774
996,rubik's cube,1.6691984685476808
997,amphora,1.7082029604665285
998,armillary sphere,1.1443678792148226
999,cockhorse,1.5542155916083782
1000,die,1.7412592871521539
1001,dice cup,1.6590886026052298
1002,doll,1.6977355079867102
1003,domino,1.4750270680109723
1004,figurine,1.7832095373568695
1005,kite,1.7265891694887823
1006,lego,1.5134926954300127
1007,mannequin,1.6957283706395816
1008,pinwheel,1.6918573864983726
1009,puppet,1.7428082130380296
1010,rag doll,1.7609965790676623
1011,scarecrow,1.6652686333278532
1012,scrimshaw,1.7185917697590554
1013,sculpture,1.7222420133923324
1014,seesaw,1.3301146540754494
1015,slide,1.5620228030995724
1016,snowman,1.3663114413527633
1017,swing (seat),1.5647014574697828
1018,teddy,1.7540375431792377
1019,water gun,1.7330632165725572
1020,statuary,1.7456053028309237
1021,plasticine,1.7293154022222494
1022,trompo,1.7653124682771884
1023,horse head mask,1.3729337280341845
1024,matryoshka doll,1.7294655161891554
1025,nerf,1.6913529972725643
1026,newton's cradle,1.1691649960367687
1027,terrestrial globe,1.7334025768506593
1028,wooden toy train,1.6417882991078447
1029,pal mickey,1.5035118621551584
1030,greek vase,1.7313085539458068
1031,doll clothes,1.7072156917364767
1032,roly-poly toy,1.6100826588172525
1033,wallace fountain,1.392692476005603
1034,rubber duck,1.7091787505320122
1035,dreidel,1.5729764997429978
1036,wood carving,1.710623345233182
1037,gypsum carving,1.736282315897042
1038,root carving,1.4256108013093423
1039,jade carving,1.2904858743122545
1040,bamboo carving,1.3135277200055135
1041,nuclear carving,1.6836871191503002
1042,stone carving,1.7249459331486363
1043,ivory carving,1.2609811697082418
1044,relief carving,1.5598648078077815
1045,snow carving,1.6149061320475604
1046,ice carving,1.5691417488578847
1047,sand carving,1.2815595259835579
1048,charcoal carving,1.3179318716227693
1049,Bentley Blue,1.3236859460743735
1050,Tang Dynasty Tri-Color,1.383859343470782
1051,Shiwan Figurine,1.3678553504164792
1052,Walnut Antique,1.6541876162410758
1053,Embroidery,1.3767766191086555
1054,Liu Li Crafts,1.3912270228588985
1055,Lacquerware,1.709095675827502
1056,Bronze Ware,1.4624692389611089
1057,Blue Printed Fabric,1.5036309919101147
1058,Willow Plait Weaving,1.6543349162886618
1059,Corn Husk Braiding,1.7201236416055945
1060,Straw Braiding,1.6426143389127041
1061,Bamboo Braiding,1.6041754880504504
1062,Bamboo Curtain Painting,1.4498104413052928
1063,Wheat Straw Painting,1.5371824827788423
1064,Iron Painting,1.5921358218875841
1065,Gauze Sand Gold,1.7089731020962011
1066,Iron Artwork,1.684885692633121
1067,Rocket Model,1.5362805452388018
1068,Gundam Model,1.2706521638106092
1069,House Model,1.5597645682376009
1070,Gun Model,1.5366789948455861
1071,Aircraft Model,1.5991771281220584
1072,Car model,1.7247243538307158
1073,Motorcycle model,1.2488246628229676
1074,Bicycle model,1.3835998445175173
1075,Window grille,1.7211346129006162
1076,Paper cutting,1.5434854136584035
1077,Taihu stone,1.3922352995774006
1078,Shoushan stone,1.2595631307707769
1079,Qingtian stone,1.6444715903003504
1080,Changsha stone,1.5021468112061256
1081,Balinese stone,1.4826629241336178
1082,Changbai jade,1.4751738242242649
1083,Lotus stone,1.6190475628351764
1084,Chrysanthemum Stone,1.635056086562013
1085,Kunshan Stone,1.6847631878715719
1086,Xuan Stone,1.3127876613275373
1087,hand fan,1.7074164285274454
1088,alligator wrench,1.5018794556906454
1089,bit,1.6649908781946201
1090,bolt cutter,1.4790055463370668
1091,bottle opener,1.7350779505999958
1092,brush,1.7131497903994417
1093,cap opener,1.4799149857745248
1094,corkscrew,1.6120384506080994
1095,crowbar,1.396459811831108
1096,drill,1.6291976663357806
1097,file,1.5902387281603863
1098,fire tongs,1.4630900487303686
1099,forceps,1.6940747885271199
1100,fore plane,1.3251929566420357
1101,funnel,1.4030615244631748
1102,grater,1.6489242520381517
1103,hammer,1.6660542550964339
1104,hammerhead,1
1105,hand mower,1.5154691222692835
1106,hoe,1.5638177857729101
1107,lawn mower,1.6839687347997514
1108,lighter,1.5930599568887491
1109,matchstick,1.5648816344057139
1110,mincer,1.5084177335085756
1111,mortar,1.4849571277721196
1112,pestle,1.7132962848943714
1113,pick,1.6300251391251148
1114,pincer,1.3606895030114017
1115,pitchfork,1.5436897110849359
1116,plane,1.5884900326993066
1117,pliers,1.6967522541759921
1118,power drill,1.5514849601620431
1119,punch pliers,1
1120,quern,1.5001758375855054
1121,rake,1.611760639122938
1122,rolling pin,1.7100455533506906
1123,screwdriver,1.7193231495428125
1124,screw key,1
1125,soldering iron,1.6439070146920129
1126,spade,1.6813353418340169
1127,staple gun,1.5366592776435084
1128,stirrer,1.6571771321823525
1129,tire iron,1.2617795074027081
1130,trowel,1.7109967493129234
1131,wrench,1.7249077625112301
1132,egg separator,1.5581502702072112
1133,power wrench,1.2575469676125444
1134,Bottle Opener,1.6244356274734897
1135,Weed Trimmer,1.2356784442212709
1136,Snow Blower,1.4521656427023202
1137,Hole Punch,1.4227349390515813
1138,Curtain Rod,1.5380368221260621
1139,Caulking Gun,1.3828317183113472
1140,Straight Shank Twist Drill Bit,1.5853655182969892
1141,Diamond drill bit,1.6809021023842821
1142,Hole opener,1.6931355592224775
1143,Gas stove,1.5448844709707661
1144,Cylinder,1.5156854695122042
1145,Air pump,1.3953727829166884
1146,Wire Cutter,1.5401969215291806
1147,Pointed Nose Pliers,1.5846039792884077
1148,Diagonal Pliers,1.6153959977497649
1149,Bent Nose Pliers,1.5453675856845628
1150,Pump Pliers,1.5186983948463684
1151,Combination Pliers,1.2990362842948635
1152,Locking Pliers,1.6140808635323936
1153,Flat Nose Pliers,1.5973892463351711
1154,Round Nose Pliers,1.6106726332233938
1155,Wire Stripper Pliers,1.4476556063665105
1156,Needle Nose Pliers,1.6001762682012624
1157,top cut pliers,1.6545838785179798
1158,carp pliers,1.5276082618079077
1159,pipe pliers,1.4857803330494641
1160,adjustable pliers,1.5397124549188299
1161,cable pliers,1.5505743412015132
1162,crimping pliers,1.6161561621339193
1163,hedge shears,1.5701480059748603
1164,flat-nose pliers,1.3146170217898947
1165,fishing pliers,1.6035756863767736
1166,wire cutters,1.6406497935334663
1167,cable cutters,1.4996609617377368
1168,locking pliers,1.503065845354365
1169,hinged pliers,1.5939511008160774
1170,wide-handled pliers,1.6665641010647272
1171,bent-handled pliers,1.6097291652842083
1172,dual-ended pliers,1.6099919778885907
1173,vice grip pliers,1.5604810229832093
1174,monkey wrench,1.599041567611093
1175,combination wrench,1.5869202802281119
1176,adjustable wrench,1.5578098166706797
1177,L-shaped wrench,1.5216409756924278
1178,socket wrench,1.7442309474045921
1179,Inner hex wrench,1.5602678254300835
1180,torque wrench,1.512583844330611
1181,fireman's spanner,1.3809539891189762
1182,ratchet wrench,1.54435035506297
1183,drum stick,1.7247368088316701
1184,tabla,1.6866321050442568
1185,banjo,1.551585488263294
1186,cymbal,1.6928097397651625
1187,drum,1.7848688476989061
1188,guitar,1.7003242899471278
1189,harp,1.5357820648104892
1190,lute,1.6056326937731802
1191,piano,1.6616569098653007
1192,musical keyboard,1.639976336974327
1193,tuning fork,1.676097274223999
1194,shekere,1.5608687400831798
1195,pandeiro,1.6505953112368923
1196,mbira,1.6828221482942958
1197,guzheng,1.7172403194306993
1198,basset clarinet,1.5743469242322319
1199,flute,1.5258599934259236
1200,xiao,1.3119453818027096
1201,Panpipe,1.318936045910736
1202,Xun,1.696135127552814
1203,Sheng,1.3639022709572055
1204,Lusheng,1.6206698900984933
1205,Bawu,1.4411040085675748
1206,Guanzi,1.4984387289953782
1207,Suona,1.6382499639009311
1208,Shakuhachi,1.3676508587821106
1209,Liuqin,1.4822991205827059
1210,Pipa,1.3965678224595139
1211,Ruan,1.6159356710277906
1212,Yueqin,1.3032990641794577
1213,guqin,1.5806902681022019
1214,Guzheng,1.500433701649236
1215,Konghou,1.3696117510241925
1216,Sanxian,1.4278889819300886
1217,Dongbula,1.5344509246407816
1218,Rawap,1.6607947534297827
1219,Yangqin,1.4345647579910752
1220,Tanggu,1.6864772098436693
1221,Bell-clapping,1.5040456710964401
1222,kang-ku,1.6255420018942068
1223,bronze drum,1.527206155652483
1224,Da Xiao Gong,1.6407372763219317
1225,Xiaogu,1.5030493962330191
1226,Paigu,1.700971959007187
1227,Da cha,1.6354896123392098
1228,Erhu,1.3562631060332762
1229,Banhu,1.5278182876045778
1230,Gehu,1.382336482073973
1231,Morin Khur,1.4886851342357688
1232,Jinghu,1.3392270407392357
1233,Zhonghu,1.4004421379620475
1234,Gaohu,1.4156225220613579
1235,Violin,1.7199341808213799
1236,Viola,1.5210603817232842
1237,Cello,1.6678485881048895
1238,Double Bass,1.6277304886955333
1239,Electric Bass,1.3445591701642259
1240,Harp,1.3960555343964587
1241,Guitar,1.5188171288452714
1242,Electric Guitar,1.3132971834307607
1243,Flute,1.6242186246259036
1244,Piccolo,1.3929297784273951
1245,Clarinet,1.5704973398287021
1246,Oboe,1.6240321801694089
1247,EnglishHorn,1.5762485773831201
1248,Bassoon,1.5074638404937599
1249,Saxophone,1.6058477000322555
1250,Trumpet,1.6769896427258073
1251,Cornet,1.3944112518234986
1252,Trombone,1.7116474917406708
1253,Tuba,1.601793341849588
1254,Piano,1.5142917490835701
1255,Organ,1.2724686948755852
1256,Piano Accordion,1.492053806409521
1257,Electronic Keyboard,1.5249301853231243
1258,Timpani,1.6633503644727443
1259,Xylophone,1.3447408156302927
1260,Snare Drum,1.6138082410814816
1261,Triangle,1.4244202534535109
1262,Tambourine,1.4079113697582684
1263,Castanets,1.6687095749896597
1264,Maracas,1
1265,Cymbals,1.6717681529639143
1266,Gong,1.5505969501699024
1267,tabor,1.6535990081372836
1268,Bangzi,1
1269,Nao,1.4019529161751003
1270,Wooden fish,1.5291548567171538
1271,Bangu,1.5891851683730405
1272,Fangxiang,1.3941987779951497
1273,Bianzhong,1.6204748191864378
1274,Bianqing,1.4160085026208145
1275,Gourd mouth organ,1.5289453111122322
1276,Hulusi,1.5532224770084471
1277,Kino bamboo drum,1.7160801278547688
1278,bamboo mouth organ,1.6544481269285418
1279,Aluminum Plate Piano,1.5551982619337323
1280,Bamboo Frame,1
1281,Musical pestle,1.2454275445577954
1282,lianxiang stick,1.5584479357598178
1283,sapayi,1.678136973866762
1284,Jingang Bell,1.4390655823895322
1285,Vajra,1.3665995451640871
1286,Saam Bell,1.6881878388983735
1287,String bells,1.6340406188796841
1288,Tubular Bell,1.0999816512168019
1289,musical saw,1.397425375661562
1290,ukulele,1.5344261860591828
1291,wiener melange,1.5815838131166911
1292,caffè mocha,1.549895108732644
1293,frappé coffee,1.4967102125682472
1294,lemon liqueur,1.6510153455272718
1295,pimm's,1.6794345874717769
1296,cream liqueur,1.5827411928891333
1297,barley water,1.3179326685078432
1298,ice cream,1.7467082136355763
1299,ice-cream cone,1.663997158803773
1300,sherbet,1.6252581867802971
1301,popsicle,1.6265520291060369
1302,frozen yogurt,1.6837095954021501
1303,vegetable oil,1.7422162977736375
1304,coconut oil,1.7136087973414473
1305,soy sauce,1.7427939162350168
1306,vinegar,1.7162536363229919
1307,butter,1.7919596724011959
1308,yogurt,1.7496891859999999
1309,blueberry yogurt,1.44516779930651
1310,cheese,1.7041221538145821
1311,blue cheese,1.6495336235441553
1312,swiss cheese,1.7309683467437194
1313,beverage,1.7859531856991155
1314,home brew,1.7225365191342097
1315,ginger beer,1.6720578736275427
1316,sake,1.6592218467845172
1317,wine,1.737151327455831
1318,white wine,1.7247854180955116
1319,blush wine,1.6644416568340077
1320,champagne,1.712362187328123
1321,jug wine,1.4637305546020176
1322,liquor,1.7785186102455464
1323,bitters,1.6701403585320751
1324,brandy,1.5186466373071335
1325,jamaica rum,1.6751863712650685
1326,tequila,1.6780174931480019
1327,vodka,1.7101585830835409
1328,whisky,1.7292923827397533
1329,cordial,1.7100462065155577
1330,absinth,1.7348953428030449
1331,coffee liqueur,1.6341268068419639
1332,creme de cacao,1.5307078190860248
1333,creme de menthe,1.6075010294237422
1334,galliano,1.6018019110926862
1335,kummel,1.4377000023067521
1336,maraschino,1.6129143558854475
1337,ratafia,1.6340541244256379
1338,smoothie,1.6262512048853275
1339,irish coffee,1.6647233476991592
1340,cafe noir,1.6271580901025979
1341,espresso,1.6968023466202189
1342,latte,1.4268789139119575
1343,iced coffee,1.4942084705028478
1344,turkish coffee,1.5693493163241317
1345,chocolate milk,1.5549233073949416
1346,milkshake,1.6767746326177453
1347,juice,1.7649759564558338
1348,apple juice,1.7370771541739609
1349,cranberry juice,1.6696225788988401
1350,grape juice,1.7052070093381131
1351,grapefruit juice,1.6509439408968576
1352,orange juice,1.7479679732595215
1353,pineapple juice,1.6796258769860266
1354,lemonade,1.709825846546595
1355,limeade,1.6837073313881368
1356,mulled wine,1.5700152892399271
1357,soft drink,1.7391263429511337
1358,coca-cola,1.7435729373087836
1359,pepsi,1.6992297186368808
1360,coffee,1.7282607123973497
1361,bottled water,1.7602988158653299
1362,drinking water,1.764142175348558
1363,soda water,1.6925515869765975
1364,mineral water,1.7561495490980759
1365,seltzer,1.5903180556015917
1366,godiva liqueur,1.5869389047839397
1367,strawberry juice,1.6300267863911664
1368,melon soda,1.4390646127278215
1369,ramune,1.712566871864396
1370,ganache,1.7334205709839483
1371,snake wine,1.7305094702014885
1372,dondurma,1.5696599678719745
1373,choc ice,1.5695288682369199
1374,diet mountain dew,1.6743750800826438
1375,lemonsoda,1.5377471171935237
1376,vimto,1.6508708166633697
1377,arabic tea,1.5908069989816882
1378,four loko,1.7032626790031378
1379,shave ice,1.5775353848856042
1380,teh tarik,1.5901385762771874
1381,grattachecca,1.5436492131224586
1382,hong kong-style milk tea,1.692812651783917
1383,fruit yogurts,1.7118134505652933
1384,cuba libre,1.6557112400617204
1385,bingsu,1.4767504003836431
1386,canned coffee,1.7020792571355825
1387,red bull,1.5909363360079936
1388,dublin dr pepper,1.5402805328216256
1389,goji tea,1.4659371612036276
1390,mirinda,1.6951551722708711
1391,canada dry,1.6375208117853617
1392,ube ice cream,1.6519587244064371
1393,orange bitters,1.6485854974467231
1394,cream yogurt,1.732444848025708
1395,bubble tea,1.6202839343552657
1396,skyr,1.7015606789181001
1397,vitasoy,1.7228832188801786
1398,lemon tea,1.718282023023217
1399,masala chai,1.6716450412856911
1400,crème de cassis,1.7136169759321063
1401,fanta,1.6819176872386943
1402,skateboard truck,1.6193766847300748
1403,freeboard (skateboard),1.5646310635555494
1404,bench (weight training),1.6389599303468652
1405,pommelhorse,1.4339643992040481
1406,backboard,1.7813666319623711
1407,balance beam,1.6531529069736837
1408,barbell,1.6495771771489731
1409,baseball bat,1.7015829985212054
1410,boomerang,1.6121551285723605
1411,croquet mallet,1.6700853781296854
1412,crutch,1.6435281655875422
1413,cue stick,1.6748903919349436
1414,dart,1.517735113400926
1415,discus,1.5105670881240525
1416,dumbbell,1.7653378624638498
1417,exercise bike,1.5316315258280979
1418,fishing rod,1.7996674285499084
1419,flat bench,1.6460137985543302
1420,frisbee games,1.5771719441151633
1421,goalmouth,1.3824381420337946
1422,golf club,1.6524918818729875
1423,hockey stick,1.7367914139008396
1424,horizontal bar,1.557506588875325
1425,hula hoop,1.6855447989490311
1426,hurdle,1.7681892767060594
1427,javelin,1.4887698261014064
1428,parallelbars,1.2764445984307087
1429,polo mallet,1.6688692314888152
1430,billiard table,1.6758821612617547
1431,punching bag,1.6060507106116098
1432,quiver,1.6825586855156738
1433,racket,1.6947240846350757
1434,saddle,1.6660422589132704
1435,skateboard,1.7022804650548811
1436,ski,1.7621526592675552
1437,skibob,1.5300847034941838
1438,ski pole,1.7178940732728458
1439,sled,1.6926908760039083
1440,snorkel,1.6829047206379457
1441,snowboard,1.7324556754726277
1442,Stilts,1.5956582897804052
1443,stirrup,1.7324680902303935
1444,surfboard,1.7137615943293651
1445,table-tennis table,1.7060952768040898
1446,target,1.6334026002677748
1447,tee,1.6227871152379845
1448,treadmill,1.6295581362388021
1449,stationary bicycle,1.5138541519108233
1450,trekking pole,1.6167719792208779
1451,umpire chair,1.4331920997938297
1452,yoga mat,1.7119362465260166
1453,sit-ski,1.4129335118797128
1454,table tennis racket,1.6373159791098293
1455,kettlebell,1.6347236855971095
1456,bandy stick,1.723118370084801
1457,breakaway rim,1.7514763068376031
1458,flexible flyer sled,1.5464725325324475
1459,softball bat,1.6514130029347034
1460,Zorbing,1.4261797486971728
1461,ping-pong table,1.4212566803735283
1462,Billiard table,1.5830835446871463
1463,Strandpulling,1.6110669569434295
1464,Single track rowing machine,1.4240360054339174
1465,Double track rowing machine,1.4396884750267378
1466,Elliptical trainer,1.3042658394113646
1467,ab roller,1.5598412832475137
1468,grip strength meter,1.4105349846306574
1469,Starting pistol,1.6799185261763707
1470,Starting blocks,1.6734716011031683
1471,relay baton,1.5614545694863984
1472,high jump bar,1.3924921786560656
1473,sponge-rubber pad,1.7670402250348829
1474,timing podium,1.2967592534371526
1475,volleyball net,1.4932526997275501
1476,tennis rack,1.486475208535655
1477,tennis net,1.57281349400307
1478,tennis racket,1.6915301499099491
1479,football goal,1.5800932470966256
1480,football mini-goal,1.4468000565813754
1481,ping pong net,1.5065732136010088
1482,ball cart,1.4548481216162537
1483,gymnasium bench,1.3349395864019049
1484,barbell rack,1.3607171005468897
1485,Bench press,1.3797982453761084
1486,Jump rope,1.6231174440885143
1487,Tug of war rope,1.5771753538513948
1488,ribbed frame,1.3248984198933562
1489,Flat ladder,1.427608692479684
1490,rope ladder,1.4723245640576264
1491,quincuncial piles,1.5158149865588024
1492,pull-up parallel bar,1.4354943936982647
1493,Sports ribbon,1.4331280289316117
1494,standing long jump tester,1.5488727140281564
1495,Sitting flexion tester,1.5497786616867042
1496,sit-up tester,1.5474773390125258
1497,tension band,1.5526604567368549
1498,hula-hoop,1.5919839924150403
1499,abdominal machine,1.3196139819349131
1500,mountaineering machine,1.3843765062278519
1501,climbing machine,1.4288299560907156
1502,yoga ball,1.6978301154235478
1503,Agile Reaction ball,1.7297163584406099
1504,kettle-bell,1.6383009267919917
1505,suspension training belt,1.6240109640605169
1506,ViPR Barrel,1.6561626853552323
1507,M-Pad Balance Trainer,1.4969140416493827
1508,Battle ropes,1.6050274166764145
1509,squat rack,1.221560541107731
1510,weight plate,1.7363839907589871
1511,pull-up,1.5586888906016663
1512,rugby goal,1.3744843645881926
1513,barbell piece base,1.68322684201066
1514,jumping box,1.6834777597372983
1515,boxer target,1.6074506492578109
1516,Boxing foot target,1.6853987573938276
1517,bounce bench,1.6254689422835065
1518,hexagonal trampoline,1.4619061790691346
1519,weight lifting neck pad,1.5672992616325447
1520,push-up stand,1.6444526932815391
1521,split parallel bars,1.2296560609483527
1522,Resistance training sticks,1.6587816838867622
1523,fitness stick,1.6113814823535955
1524,vibration trainer,1.3843484092498057
1525,kickball machine,1.3955662838410046
1526,baseball machine,1.5190345891509223
1527,Table tennis service machine,1.3575173053744634
1528,Tennis service machine,1.5527563254459642
1529,Badminton service machine,1.4586929221731175
1530,Volleyball service machine,1.4285835232888062
1531,Football shooting machine,1
1532,Universal abdominal disc,1.6223203942014219
1533,Fitness handball,1.637454902378416
1534,Gliding Discs,1.6867540538727992
1535,marker plate,1.6648601115927093
1536,Agility Ladder,1.5284416915526067
1537,yoga block,1.7066277942929711
1538,yoga wheel,1.6221843519051664
1539,silicone double ball,1.6771377910155734
1540,foam shaft,1.6512662637791768
1541,Pellet Yoga balls,1.7033103713833282
1542,fascial knife,1.5775651797652621
1543,fascia gun,1.535298717758613
1544,ice pack,1.55649244637371
1545,posture correction cushion,1.5463518022050748
1546,massage stick,1.6300726037276769
1547,box training bar,1.4033948410987478
1548,bend bar,1.5386895357408403
1549,Three fold cushion,1.4656032877667851
1550,dumbbell stand,1.4476627301103682
1551,Wave velocity ball rack,1.6334726719701356
1552,rehabilitation treadmill,1.3603926940868534
1553,Butterfly machine,1.4601631613085972
1554,Throwing ball,1.6160157046780006
1555,Fitness Ring,1.5761970013260125
1556,Ped-o-Pull,1.3828085288296399
1557,ladder bucket,1.4251453573413415
1558,referee's stand,1.3080428628056995
1559,training dummies,1.623671839549349
1560,Vault,1.4981161519539181
1561,Gymnastic rings,1.5713173145466883
1562,springboard aid,1.4453046948127759
1563,walking machine,1.2788732767276607
1564,treadle machine,1.1691649960367687
1565,path roller,1.1443678792148226
1566,porsche,1.5090049593485477
1567,chevrolet,1.5544718706381899
1568,honda,1.5167733047426526
1569,classic car,1.7181983384533126
1570,bicycle handlebar,1.7331984996078771
1571,off-road vehicle,1.6732817847039541
1572,open-wheel car,1.4452260384950226
1573,bentley,1.5357575155239787
1574,bmw,1.3568285195364951
1575,hyundai,1.5451007604343856
1576,subaru,1.4013237293382803
1577,travel trailer,1.6544391005225092
1578,mitsubishi,1.623433077430454
1579,bugatti,1.5910306732572006
1580,alfa romeo,1.4505362525717826
1581,audi,1.4934661214886233
1582,mercedes-benz,1.4793889068093304
1583,cadillac,1.5015063495191545
1584,sport utility vehicle,1.7700372356664509
1585,enduro motorcycle,1.6677053543167184
1586,maserati,1.4978351649393067
1587,food truck,1.6679662506297914
1588,microvan,1.7257022878156101
1589,general motors,1.8237576359735488
1590,lexus,1.5041968430996158
1591,mazda,1.4350841880569476
1592,lotus elise,1.5206222746341527
1593,kia motors,1.5829225503177602
1594,rolls-royce,1.4904715596109113
1595,sidecar (vehicle),1.6806203754945472
1596,acura,1.5772043138791672
1597,recumbent bicycle,1.6374942647501558
1598,chrysler,1.4916727093458577
1599,flatland bmx,1.4179957454958947
1600,suzuki,1.5577607387395926
1601,mclaren automotive,1.368219464190005
1602,steam car,1.5255442754704149
1603,buick,1.4453627533986464
1604,single scull,1.5554160364993486
1605,solar vehicle,1.5487661307859177
1606,escort carrier,1.4727484396025345
1607,hoverboarding,1.8089540326162017
1608,pushing cart,1.6515698556828995
1609,ambulance,1.5265970113660949
1610,amphibious vehicle,1.3992085475784206
1611,armored car,1.295979677136835
1612,armored personnel carrier,1.5734346603602567
1613,armored vehicle,1.5284789980772628
1614,balsa raft,1.7327534077046791
1615,bassinet,1.3230979801603999
1616,beach wagon,1.6214378223996677
1617,bicycle,1.8087370522251436
1618,bicycle-built-for-two,1.4398955155963917
1619,bicycle seatpost,1.55357484312752
1620,bloodmobile,1.149642639170934
1621,bulldozer,1.43320494692929
1622,bumper car,1.6700286217833378
1623,bus,1.7650882250688851
1624,taxi,1.7225478245480113
1625,cable car,1.3965875720695773
1626,camper,1.726486449022238
1627,camper trailer,1.5816102951398361
1628,car carrier,1.3785575378666521
1629,carriage,1.4018748245704133
1630,chairlift,1.6892774835821296
1631,chariot,1.4984453815591268
1632,choo-choo,1.44578162212709
1633,chuck wagon,1.5242915531083217
1634,compact car,1.8668428346607513
1635,coupe,1.6116054684955836
1636,covered wagon,1.3776220243510946
1637,cultivator,1.6156907873388602
1638,deck-house,1.4892979228297003
1639,delivery truck,1.7532520483904273
1640,diesel locomotive,1.5777134707987328
1641,dray,1.3525357715864135
1642,dump truck,1.6510150772005552
1643,dune buggy,1.477490912644476
1644,fire truck,1.5087119882799802
1645,flatbed,1.4148894426522571
1646,forklift truck,1.6440956344236481
1647,freight train,1.3925540231904807
1648,garbage truck,1.4211551985585296
1649,go-kart,1.6226943974568329
1650,golf cart,1.677131556152033
1651,half track,1.3146226952360351
1652,hand truck,1.6417706779937973
1653,harvester,1.3315520338187694
1654,horsecar,1.460619134729364
1655,horseless carriage,1.2753633578434103
1656,jaunting car,1.4651666617298926
1657,jeep,1.665212576933857
1658,jinrikisha,1.6946812074721684
1659,ladder truck,1.3490536821217416
1660,limber,1.2792878530699134
1661,limousine,1.3760995359254435
1662,lorry,1.1923997356135909
1663,mail car,1.3568029573493858
1664,milk float,1.2782637969008257
1665,minicar,1.7077658273463721
1666,minivan,1.7973897753546439
1667,moped,1.7136428840816036
1668,motorcycle,1.7683817471125187
1669,motor scooter,1.7515994992666521
1670,mountain bike,1.7002508581893179
1671,oxcart,1.590489686605169
1672,palanquin,1.2349215845760808
1673,panda car,1.3473456867792928
1674,passenger train,1.483533712188656
1675,pavior,1.8089540326162017
1676,pedicab,1.639801922991635
1677,personnel carrier,1.5399186633403197
1678,pickup truck,1.440280130663715
1679,police van,1.6145423510347232
1680,pony cart,1.3052788661668409
1681,raft,1.7369658047347079
1682,riding mower,1.6547204159372038
1683,roadster,1.5739730378543162
1684,school bus,1.6211423409408865
1685,scull,1.5747504101385177
1686,sedan,1.8311472221156144
1687,semitrailer,1.5679673474881954
1688,serving cart,1.3828945822114673
1689,shipping,1.7044087414097695
1690,shopping cart,1.7473130981043354
1691,shunter,1.5216778174182168
1692,snowmobile,1.6547206545508939
1693,sports sedan,1.6981104155972799
1694,steam locomotive,1.5793204899797337
1695,road roller,1.5297188762976104
1696,streetcar,1.4751010186559612
1697,subway train,1.0752873595791699
1698,sulky,1.5061855753730908
1699,switch engine,1.4934596165082419
1700,tandem trailer,1.4708606844389511
1701,tank,1.5333395509446337
1702,tank destroyer,1.452782489530468
1703,telpher,1.6661525293745538
1704,tow truck,1.449416890693517
1705,tractor,1.6428095429950926
1706,trail bike,1.6561474418430544
1707,trolleybus,1.5487601915873324
1708,unicycle,1.7202993540194043
1709,van,1.7439462620898474
1710,baby walker,1.4613937190711539
1711,walker,1.6806625283712449
1712,watering cart,1.5080496823794647
1713,weapons carrier,1.3277029754225129
1714,cableway vehicle,1.4572355955860272
1715,chuckwagon,1.3502535772525648
1716,self-propelled modular transporter,1.3316841972007936
1717,dolls' pram,1.7712059705349441
1718,tornado intercept vehicle,1.2739122943245342
1719,ice resurfacer,1.2835201023561214
1720,pedelec,1.6400355396460289
1721,ambulance helicopter,1.1547479174042938
1722,shunting tractors,1.5814946374369634
1723,cidomo,1.4928661972269115
1724,electric kick scooter,1.609859511808438
1725,kite buggying,1.6548489273136231
1726,popup camper,1.4373839633289944
1727,paratransit,1.5844187974232642
1728,bmx bike,1.6028602740536848
1729,open top bus,1.4576815097588649
1730,ice cream van,1.5108667124934596
1731,ice cream cart,1.4431001242792849
1732,tall bike,1.4860356980247447
1733,panel van,1.497879012019157
1734,steam wagon,1.602573243754408
1735,rat bike,1.5882579570616302
1736,presidential car,1.4776178884263205
1737,steam bus,1.4941412794430482
1738,steam tractor,1.4822442512324459
1739,quad bike,1.6820153589222469
1740,tandem trike,1.5307554932310681
1741,silo truck,1.5038660735724341
1742,roadrailer,1.3983563325760986
1743,cargo trailer,1.6462351195387162
1744,amphibious excavator,1.5852806268979558
1745,armed response vehicle,1.2759893611790234
1746,kayak paddle,1.6968869698130518
1747,boxcab,1.4351945151529435
1748,d class lifeboat,1.5738952458226756
1749,drift trike,1.6853224175936241
1750,electric trike,1.5722250078382558
1751,fatbike,1.6751759737443535
1752,hook and ladder truck,1.4443773606303461
1753,hpi savage,1.5207793702934693
1754,road bicycle,1.7484377087091412
1755,flatbed truck,1.5249352700999332
1756,twike,1.3605227836773821
1757,self-balancing unicycle,1.236504966056482
1758,box truck,1.7752636837446283
1759,construction trailer,1.1612882291355364
1760,monster truck,1.5070472208028729
1761,boat trailer,1.6221374503201771
1762,ghost bike,1.3636521409944304
1763,routemaster,1.6111392641226761
1764,mikoshi,1.3856398932215708
1765,rickshaw,1.5601342238470726
1766,Electrically tricycle,1.6125997891296397
1767,Children's tricycles,1.4315351571032648
1768,Sanitation tricycle,1.368319399563678
1769,tricycle for the elderly,1.2590901248797979
1770,Police motorcycles,1.6641457675272471
1771,Pedal motorcycle,1.7116147197982472
1772,curved beam motorcycle,1.5729536745718766
1773,electric scooter,1.7043072118476297
1774,All Terrain Vehicle,1.2779208651210714
1775,amphibian plane,1.3843325362232262
1776,Unmanned aerial vehicle,1.3725548595447368
1777,hot air balloon,1.6717955726565985
1778,ceiling fan,1.7232770271534501
1779,tablet computer,1.7122269361964004
1780,display device,1.7888992170943017
1781,mobile device,1.7538721854979178
1782,ipad,1.5864108825619962
1783,game controller,1.6641968815771384
1784,air conditioner,1.7782231781511615
1785,android,1.4589775333439361
1786,appliance,1.7695655858705241
1787,beeper,1.5404114935495388
1788,calculator,1.5646365819072314
1789,camcorder,1.7557117005905822
1790,camera,1.7692716606041312
1791,candle,1.7531789704114815
1792,cell phone,1.7520804664065919
1793,chandelier,1.7735163299233494
1794,charger,1.5634654172021845
1795,coffee maker,1.5996776237589432
1796,computer,1.7668706379786758
1797,convector,1.3325142933188003
1798,desk phone,1.7267958121969316
1799,diaphragm,1.6908818929684246
1800,dishwasher,1.4285959606465939
1801,headphone ear pad,1.6793273293016415
1802,electric fan,1.7101527821193752
1803,electric heater,1.3697746219704221
1804,electric range,1.6406432807895879
1805,exhaust fan,1.6682491577840732
1806,floor lamp,1.7630515341153234
1807,fluorescent,1.8862328802565971
1808,gas oven,1.5771123392839685
1809,hair drier,1.5276001140471349
1810,home appliance,1.716870118196391
1811,iron,1.4327414489171895
1812,joystick,1.5474420443544781
1813,keyboard,1.7141667763177071
1814,lamp,1.9000027274065889
1815,lens cap,1.5409532366284679
1816,loudspeaker,1.6938900394401362
1817,magnetic disk,1
1818,magnetic tape,1.708992124565395
1819,megaphone,1.6781541767641275
1820,microwave,1.6857658071621193
1821,sociable,1.4584920444209266
1822,optical disk,1.6522039358970551
1823,oven,1.6346311791669321
1824,pay-phone,1.393193399062727
1825,photocopier,1.6018700459577064
1826,printer,1.6835997009374188
1827,radome,1.6003744797321466
1828,record player,1.5775006100365021
1829,remote,1.7391519854262083
1830,reproducer,1.2185550268042942
1831,rotisserie,1.5278315609873148
1832,projection screen,1.8163343392146047
1833,sewing machine,1.4977977328926477
1834,switch,1.7583565799017378
1835,table lamp,1.8071163817987226
1836,toaster,1.7252648929251824
1837,trouser press,1.22543659213623
1838,vacuum cleaner,1.6547704480781842
1839,washer,1.649139279237116
1840,lcd projector,1.6166488741848086
1841,disco ball,1.6701972775067528
1842,electric kettle,1.7216832698909423
1843,butter lamp,1.6945014214876768
1844,touchpad,1.4254391896565526
1845,wheel chandelier,1.4271232197464472
1846,ati rage,1.364331519848986
1847,sixaxis,1.6300473134550399
1848,crystal salt lamp,1.5388993506554185
1849,Maglev Crafts,1.3129405231783151
1850,rice cooker,1.6697275725004306
1851,electric frying pan,1.4189232745404077
1852,electric steamer,1.3544909352986956
1853,Micro-wave oven,1.6217857216933784
1854,induction cooker,1.2458936101040463
1855,electric thermos,1.4132271886129057
1856,water heater,1.564443452195416
1857,electric furnace,1.3002233804119694
1858,electric coffee maker,1.3172451659032851
1859,vegetable cutter,1.3267064833088023
1860,meat grinder,1.3377850748792295
1861,Juicer,1.4528968323488791
1862,electric mixer,1.4831931748306801
1863,Noodle press machine,1.3740772013032356
1864,dumpling machine,1.5023524180769194
1865,household rice mill,1.3448706005959417
1866,tofu tofu juice machine,1.4653507644371846
1867,electric peeler,1.3515129485159734
1868,Yogurt machine,1.4192221569363239
1869,Ice shaver,1.4089362160205843
1870,ice cream machine,1.5572425720071328
1871,Water Purifier,1.5667171396993709
1872,refrigerator,1.5092065062704636
1873,range hood,1.6203660339473309
1874,ventilator,1.3775275971400054
1875,hand dryer,1.6325172608188858
1876,massager,1.3787321296458956
1877,hair dryer,1.4895201589120253
1878,humidifier,1.3841100267405599
1879,air purifier,1.2902826450048706
1880,dehumidifier,1.4727649587185538
1881,desktop fan,1.6149901347492466
1882,floor fan,1.6565683117267649
1883,carpet cleaning machine,1.4550146757531373
1884,Vacuum cleaner,1.4801738186960434
1885,Sweeping robot,1.4881277088714513
1886,electric iron,1.4482368167467832
1887,household water pump,1.402902313067194
1888,Smoke detector,1.4970033520168373
1889,home blood pressure monitor,1.299639117693735
1890,home blood glucose meter,1.4949141088642528
1891,electric blanket,1.2454758805966881
1892,electronic mosquito killer,1.5079990887650441
1893,TV set,1.7912643097592418
1894,radio,1.4785891715828248
1895,recorder,1.4580518469083639
1896,copier,1.4941508815539355
1897,fax machine,1.465659630469706
1898,Landline,1.5656077879131378
1899,washing machine,1.4388170249033891
1900,Dryer,1.3553333057721799
1901,floor waxing machine,1.3150821753569781
1902,bread machine,1.3052696613891506
1903,Electric cake stand,1.3391885253633309
1904,Soymilk machine,1.409802497154262
1905,Disinfection cabinet,1.5268087039659206
1906,stereo,1.7398560971068264
1907,mp3,1.5563917160288372
1908,digital set top box,1.6040820896943397
1909,Wireless Walkie-Talkie,1.6464785531172916
1910,bb machine,1.5949310244070563
1911,freezer,1.5680532079776448
1912,water dispenser,1.614399173919959
1913,wall mounted air conditioner,1.5937429488827988
1914,cabinet air conditioner,1.5428643912334994
1915,ceiling air conditioner,1.6311059217729929
1916,window air conditioner,1.5683654840932086
1917,game console,1.3743084242066361
1918,microphone,1.790579342706335
1919,antenna,1.7572319923597948
1920,hearing aid,1.6099228257958229
1921,Battery,1.7037171749535469
1922,earphone,1.6032810214209052
1923,Ice maker,1.2395686419404333
1924,majiang machine,1.2115018782162035
1925,bath heater,1.1878998996570678
1926,Electric pressure cooker,1.3722612335403725
1927,noodle machine,1.3963263460891882
1928,Fruit and vegetable sterilizer,1.5611226727618299
1929,egg cooker,1.3304122553204623
1930,Egg beater,1.4497979932650877
1931,Bean sprouts machine,1.3305520880152601
1932,kitchen treasure,1.528887258889019
1933,household waste disposer,1.5841640288319896
1934,Water purifier,1.4120098054283932
1935,Pipeline machine,1.4384788380005737
1936,Mite removal vacuum cleaner,1.3069374481403031
1937,steam mop,1.3181304599942503
1938,Garment steamer,1.4479256933295848
1939,shoe shine machine,1.4047733833865046
1940,shoe dryer,1.3370459830289798
1941,Electric mosquito swatter,1.5585641350559438
1942,electronic breast pump,1.5524676150645447
1943,foot tub,1.3691366767495448
1944,Thermometer,1.521446279104566
1945,Body Fat Meter,1.3836752379318393
1946,electric sewing machine,1.2340721147402711
1947,shoe cover machine,1.1195080050511508
1948,Lint Remover,1.3312013223854011
1949,sandwich maker,1.4325796134578641
1950,popcorn machine,1.4659293687929569
1951,oxygen machine,1.3110151027092942
1952,soap dispenser,1.3343674986901977
1953,D shape handle,1.4930369055480268
1954,Wired Mouse,1.6830143807784661
1955,wireless mouse,1.6796350266263167
1956,data line,1.6516807384446532
1957,usb interface,1.5699073091095137
1958,converter,1.3970366909659693
1959,Bluetooth earphone,1.4487990852231252
1960,over-ear headphones,1.6643388134029955
1961,Bone Conduction Headphones,1.4988149859704945
1962,earphones,1.6636859616698187
1963,Headphone charging box,1.409681725443366
1964,Flash Card,1.6310682794381597
1965,USB drive,1.6338259875962322
1966,SSD,1.4306534784497169
1967,disk,1.1151250228143665
1968,mechanical hard drive,1.6179386792085002
1969,electronic bracelet,1.6611506088158556
1970,home projector,1.6193754476257429
1971,Mixing console,1.3955805261190624
1972,Recording pen,1.3592766148247732
1973,Lavalier Mike,1.6641137163847821
1974,External screen,1.7938853395765686
1975,router,1.4496623900517553
1976,light cat,1.3941856643818444
1977,Network Interface,1.5065966632147663
1978,type-c interface,1.6330132624469444
1979,Cooling bracket,1.4437129339808537
1980,HDMI interface,1.522816214115815
1981,PD interface,1.4794951575801651
1982,VGA interface,1.4785132199135456
1983,Chassis,1.5490884531742801
1984,graphics card,1.2576244745161067
1985,computer battery,1.445169613955118
1986,Power Adapter,1.602423498393998
1987,CPU,1.2423332966247853
1988,RAM,1.522126637356771
1989,motherboard,1.1775956364550606
1990,heat sink,1.3457568985497719
1991,optical drive,1.4484326910249141
1992,numeric keypad,1.2981245987171706
1993,touch pen,1.3776517189545596
1994,Light bulb,1.7878873698177311
1995,wash lamp,1.8213189644572449
1996,energy saving lamp,1.7375125532497293
1997,flashlight,1.5890071802249006
1998,street light,1.8808090183221218
1999,post lamp,1.5020733325834872
2000,Polaroid,1.6110474199753382
2001,mirrorless camera,1.7459380338884949
2002,panoramic camera,1.537682545223432
2003,monitor,1.7444483115540217
2004,medicinal mushroom,1.6091493392453202
2005,lingzhi mushroom,1.7150553627882363
2006,pleurotus eryngii,1.7015508961772761
2007,russula fragilis,1.5580554366453137
2008,cortinarius anserinus,1.3913047012415103
2009,hygrocybe cantharellus,1.6027212056454911
2010,mycena arcangeliana,1.6845030558280749
2011,hygrophorus olivaceoalbus,1.5191510381203619
2012,crinipellis scabella,1.4883376672632416
2013,atheniella adonis,1.7371916657438919
2014,pholiota jahnii,1.6713015585399562
2015,lactarius deterrimus,1.6116900282632258
2016,hygrocybe punicea,1.6348178811800818
2017,hygrocybe chlorophana,1.611290033124738
2018,trametes ochracea,1.7036402328941467
2019,leucoagaricus nympharum,1
2020,protostropharia semiglobata,1.4849736058725254
2021,tricholoma sulphureum,1.5337296083869667
2022,pluteus romellii,1.4292087352706495
2023,resupinatus trichotis,1.7417235370275512
2024,arrhenia retiruga,1.7124757028893343
2025,hericium cirrhatum,1.4267926046646366
2026,bisporella citrina,1.6606783233452502
2027,hygrocybe insipida,1.4953049259412914
2028,resupinatus applicatus,1.7430343914100357
2029,ganoderma lucidum,1.6738060197432767
2030,leucocoprinus brebissonii,1.3753932023845277
2031,lanzia echinophila,1.5641176833876909
2032,chroogomphus rutilus,1.5876536990951893
2033,clavulinopsis helvola,1.6216998204050359
2034,hebeloma radicosum,1.5583072062195389
2035,geoglossum fallax,1.3835676843788385
2036,hygrocybe reidii,1.5584932622326213
2037,cerioporus varius,1.3232074484540335
2038,leccinum versipelle,1.5932631337023824
2039,tubifera ferruginosa,1.693303208666495
2040,tarzetta cupularis,1.5894088399940296
2041,psathyrella bipellis,1.6537682473377153
2042,helvella elastica,1.3983334919778936
2043,mycena stipata,1.7298070879706979
2044,agaricus dulcidulus,1.4922343739498318
2045,aureoboletus projectellus,1
2046,russula emetica,1.4785247865589186
2047,gamundia striatula,1.5631225959077417
2048,rutstroemia firma,1.706598582320888
2049,lachnella alboviolascens,1.7092377922052875
2050,ganoderma pfeifferi,1.4029747934190673
2051,geastrum fimbriatum,1.5092458885357356
2052,inocybe petiginosa,1.649433098448239
2053,lachnum virgineum,1.7273069905720959
2054,mycena aetites,1.6553137671772991
2055,mycena meliigena,1.6511894139030803
2056,leucopaxillus giganteus,1.6712964423065788
2057,armillaria ostoyae,1.6853819907611671
2058,picipes tubaeformis,1.4831336200930716
2059,pholiota conissans,1
2060,xerocomellus porosporus,1.4491630846415298
2061,russula rosea,1.5665731247637247
2062,galerina clavata,1.5008113360219828
2063,lycoperdon echinatum,1.4318590551599342
2064,conocybe arrhenii,1.5020874767493715
2065,lepiota magnispora,1.5299821230211692
2066,lepista personata,1.4756629797414218
2067,pluteus semibulbosus,1
2068,gelatoporia dichroa,1.3799283285072157
2069,agaricus cupreobrunneus,1
2070,helvella macropus,1.506709857928441
2071,cortinarius decipiens,1.6041579691037886
2072,cortinarius sanguineus,1.671439964783243
2073,clitopilus geminus,1
2074,psathyrella corrugis,1.653333354918856
2075,marasmiellus ramealis,1.7034152734488501
2076,cortinarius citrinus,1.5691266812631377
2077,hygrocybe russocoriacea,1.4680012164518459
2078,inocutis rheades,1.6894330225920084
2079,glutinoglossum glutinosum,1
2080,metatrichia vesparia,1
2081,neoboletus luridiformis,1.5522967769234508
2082,humaria hemisphaerica,1.6611834899961928
2083,suillellus queletii,1
2084,pleurocybella porrigens,1.6786165992003705
2085,mycena capillaris,1.692243078471158
2086,stropharia aeruginosa,1.6647523614671216
2087,lactarius torminosus,1.5208771357144584
2088,cuphophyllus fornicatus,1.6847631878715719
2089,cortinarius bolaris,1.6079115643098787
2090,typhula fistulosa,1.436856224521766
2091,coprinopsis macrocephala,1
2092,marasmius epiphylloides,1.579390548027273
2093,phaeomarasmius erinaceus,1.4933993448310536
2094,geoglossum cookeanum,1.5185608848144287
2095,rhizomarasmius setosus,1
2096,dumontinia tuberosa,1.6758839221824764
2097,parasola lactea,1
2098,roridomyces roridus,1.5337003418516721
2099,russula sardonia,1.5972126508444822
2100,mycena tenerrima,1.6276678260084245
2101,clitopilus hobsonii,1.7287770703002803
2102,mitrophora semilibera,1.4308462733552259
2103,rubroboletus legaliae,1.1640581108470125
2104,agrocybe elatella,1
2105,ganoderma resinaceum,1.483679590268649
2106,gomphus clavatus,1.6392881690244749
2107,cortinarius aprinus,1
2108,asterophora parasitica,1.6817411619266167
2109,tricholoma aestuans,1.7575838069169913
2110,marasmius bulliardii,1.6130563312295811
2111,mycena belliae,1.5058441679677086
2112,thelephora palmata,1.3406600647696432
2113,mycenella salicina,1
2114,hygrocybe coccineocrenata,1.5679599567004077
2115,volvariella murinella,1.5672992616325447
2116,hygrophorus penarius,1
2117,entoloma araneosum,1.6020762327603473
2118,marasmiellus vaillantii,1.5210625846415136
2119,melastiza cornubiensis,1.7483128823433534
2120,lycoperdon mammiforme,1.479077680869392
2121,pseudoplectania nigrella,1.7179044326351354
2122,cortinarius purpureus,1
2123,spinellus fusiger,1.5671494046486516
2124,macrolepiota mastoidea,1.5278251654383941
2125,gyroporus castaneus,1.5576053904680573
2126,coprinellus domesticus,1.629882769761253
2127,hygrocybe conicoides,1.3467467141994161
2128,capitotricha bicolor,1.6347898712101459
2129,hygrocybe ovina,1.501208061820662
2130,cyathus olla,1.7146254158251617
2131,marasmius cohaerens,1.6225434309183129
2132,dacrymyces capitatus,1.6811697896625715
2133,lactarius obscuratus,1.5640367612779067
2134,mycena stylobates,1.5285929488055354
2135,parasola misera,1.4706705978992785
2136,crepidotus calolepis,1.6372799027115748
2137,mycena juniperina,1.7648707383002247
2138,physarum album,1.7340421864805184
2139,flagelloscypha minutissima,1
2140,pholiota scamba,1
2141,marasmius limosus,1.3395356530728109
2142,trichopeziza subsulphurea,1.5591863672070891
2143,hygrocybe singeri,1.4888911279323729
2144,craterellus tubaeformis,1.7044903674023613
2145,microporus xanthopus,1.6717663321831888
2146,lysurus mokusin,1.302622053735693
2147,auriscalpium vulgare,1.5358746846002487
2148,exsudoporus frostii,1.4066190210752736
2149,coprinopsis picacea,1.4576080058731211
2150,panaeolus papilionaceus,1.6350043970322536
2151,ganoderma applanatum,1.5978353441822155
2152,amanita vaginata,1.4015591715449891
2153,astraeus hygrometricus,1.6605710660858419
2154,annulohypoxylon thouarsianum,1.5579599834701625
2155,lycoperdon perlatum,1.7000118444709917
2156,sarcoscypha austriaca,1.7093473011254501
2157,hygrocybe flavescens,1.5773750890606146
2158,chlorophyllum rhacodes,1.5439991469515828
2159,mutinus elegans,1.6687216412209478
2160,parasola plicatilis,1.7126345241811445
2161,geastrum triplex,1.6562271302919109
2162,panellus stipticus,1.7496630198870142
2163,lichenomphalia chromacea,1.5755217241985759
2164,helvella vespertina,1.308210195530068
2165,amanita flavoconia,1.3139130359202305
2166,cortinarius iodes,1.5766249836164128
2167,trametes hirsuta,1.7026589809742496
2168,schizophyllum commune,1.6201226309400016
2169,clathrus archeri,1.5910585632486334
2170,sarcoscypha occidentalis,1.4369053543878598
2171,aseroe rubra,1.3633281380829561
2172,leccinum scabrum,1.6300776828007493
2173,hydnellum peckii,1.4813842426906993
2174,hexagonia hydnoides,1.6489343817569027
2175,clathrus columnatus,1.4175014441340543
2176,panaeolus foenisecii,1.5426888842967137
2177,phallus indusiatus,1.3385181375484383
2178,leucocoprinus fragilissimus,1.2470042008651097
2179,entoloma hochstetteri,1.4012879162422855
2180,leratiomyces erythrocephalus,1.3462463745008704
2181,favolaschia calocera,1.7248447460498084
2182,cruentomycena viscidocruenta,1.6260959496785103
2183,ileodictyon cibarium,1.4956890542864656
2184,mycena interrupta,1.6960023185682451
2185,roridomyces austrororidus,1.6273212301886439
2186,pleurotus dryinus,1.5126380050526729
2187,pseudevernia furfuracea,1.6235541845789556
2188,laetiporus cincinnatus,1.4002962213002736
2189,brown cup,1.6946907072433035
2190,earthball,1.4774137373332277
2191,stalked puffball,1.4861564321689922
2192,false truffle,1
2193,truncocolumella citrina,1
2194,sarcosomataceae,1.6795696662662798
2195,truffle,1.688992837057395
2196,coral fungus,1.1212701841022332
2197,mushroom,1.7723212332717708
2198,agaricus arvensis,1.7170447420581365
2199,false deathcap,1.3620971968088327
2200,amanita muscaria,1.7220988235941386
2201,amanita phalloides,1.5777592610388282
2202,amanita rubescens,1.5131877671911598
2203,destroying angel,1.3889461852851028
2204,chanterelle,1.596931991130516
2205,cinnabar chanterelle,1.7309530766715009
2206,omphalotus illudens,1.6679748044666161
2207,inky cap,1.6846656251977379
2208,coprinus comatus,1.7394024775109695
2209,milkcap,1.6993224275269241
2210,marasmius oreades,1.646741491461952
2211,pleurotus ostreatus,1.5918196551541759
2212,pholiota astragalina,1.6026465305852429
2213,pholiota aurea,1
2214,pholiota destruens,1.5565636441109998
2215,pholiota flammans,1.5678884681738372
2216,nameko,1.7097192114241198
2217,pholiota squarrosa,1.7167361658088685
2218,pholiota squarrosoides,1.6684766332135172
2219,stropharia ambigua,1.7031609157167424
2220,stropharia hornemannii,1.6140706796182926
2221,stropharia rugoso-annulata,1
2222,entoloma lividum,1.5754959498628831
2223,entoloma aprile,1.8449003834795774
2224,chlorophyllum molybdites,1.6874355667825451
2225,parasol mushroom,1.640304931419764
2226,lepiota naucina,1.0849318649558009
2227,lepiota rhacodes,1.5515795501443861
2228,american parasol,1
2229,lepiota rubrotincta,1.8089540326162017
2230,lepiota clypeolaria,1.3957000544214393
2231,blewits,1.6584636852585148
2232,sandy mushroom,1.6739906993885767
2233,tricholoma pessundatum,1.6071274567183291
2234,tricholoma pardinum,1.5664976543416556
2235,tricholoma vaccinum,1.6941576321332787
2236,tricholoma aurantium,1.6397585593287651
2237,pluteus aurantiorugosus,1.408403331821271
2238,deer mushroom,1.6497800553248156
2239,volvariella bombycina,1.6217855768762925
2240,clitocybe clavipes,1.5468224237616826
2241,clitocybe dealbata,1.6501781683876238
2242,clitocybe inornata,1
2243,clitocybe robusta,1.6344742010572049
2244,lepista irina,1.6835867023689666
2245,flammulina velutipes,1.6909725415140451
2246,leotia lubrica,1.7091310815215115
2247,sarcoscypha coccinea,1.6424109467666517
2248,caloscypha fulgens,1.6392534538298866
2249,urnula craterium,1.6595837748029516
2250,galiella rufa,1.653726490570512
2251,jafnea semitosta,1.7565028304163182
2252,common morel,1.7066606601805079
2253,disciotis venosa,1.6091552126252613
2254,verpa bohemica,1.5433407898987888
2255,black morel,1.6557494487845346
2256,morchella semilibera,1.3502786509089897
2257,lorchel,1.4210096740201896
2258,helvella crispa,1.4375296262879254
2259,gyromitra,1.5151182666838479
2260,phallus ravenelii,1.4027537034389472
2261,calostoma lutescens,1.3393372141334998
2262,calostoma cinnabarina,1.4651062839856486
2263,calostoma ravenelii,1.6418849647773013
2264,puffball,1.7903021046499956
2265,earthstar,1.6631917012852364
2266,bird's-nest fungus,1.7380492729940817
2267,gastrocybe lateritia,1.6132689112006486
2268,bracket fungus,1.5306129958031236
2269,albatrellus ovinus,1.6426119823774625
2270,neolentinus ponderosus,1.6252712506043159
2271,polyporus tenuiculus,1.6372608181111776
2272,polyporus squamosus,1.6599457905232025
2273,beefsteak fungus,1.5654206063573883
2274,agaric,1.7117123593255945
2275,bolete,1.6686082080361941
2276,witches' butter,1.657939174334023
2277,tremella reticulata,1.3303425793057377
2278,jew's-ear,1.7055697984047782
2279,hygrocybe acutoconica,1.6147621801626806
2280,hygrophorus inocybiformis,1
2281,hygrophorus marzuolus,1.6434625590571605
2282,hygrophorus purpurascens,1.6286374083077328
2283,hygrophorus russula,1.6523933497814092
2284,hygrophorus sordidus,1
2285,hygrophorus tennesseensis,1
2286,cortinarius armillatus,1.5277352971696696
2287,cortinarius atkinsonianus,1
2288,cortinarius corrugatus,1.4378749200443921
2289,cortinarius gentilis,1.6045223409822889
2290,cortinarius semisanguineus,1.6073120131592042
2291,cortinarius subfoetidus,1
2292,cortinarius violaceus,1.625195960099004
2293,gymnopilus spectabilis,1.6527989582849254
2294,gymnopilus ventricosus,1.5224510146240147
2295,armillaria caligata,1
2296,armillaria ponderosa,1.6538441037749303
2297,armillaria zelleri,1
2298,honey mushroom,1.6827386854865327
2299,wood ear,1.5925945813805364
2300,birch bolete,1.6423149517713795
2301,baseball uniform,1.7525142587775209
2302,knit cap,1.6893596989542967
2303,black belt (martial arts),1.8066940091749917
2304,chef's uniform,1.7351157709403553
2305,cheerleading uniform,1.7808425856233754
2306,dog fashion,1.7696023682856632
2307,gas mask,1.6175026311997882
2308,diving mask,1.771582804066558
2309,t-shirt,1.8696993219527416
2310,motorcycle personal protective equipment,1.701194141481156
2311,hair accessory,1.7842607157103403
2312,side cap,1.3100522996551851
2313,galia,1.6520785504747049
2314,water shoe,1.8136242068880852
2315,abaya,1.7394624893610016
2316,anklet,1.6574997640458777
2317,apron,1.793695681075528
2318,armband,1.5669424868965962
2319,arm guard,1.7463715678850473
2320,armor,1.7175223724561164
2321,baby & toddler shoe,1.7470119892810609
2322,back brace,1.3821052042876891
2323,balaclava,1.5758773467618576
2324,ballet tutu,1.6197954455432444
2325,bandage,1.5960685605802614
2326,baseball cap,1.9451281011547636
2327,bathing cap,1.7460483196457899
2328,batting glove,1.7559443199180622
2329,beanie,1.6242181043417458
2330,bearskin,1.7340919368556964
2331,beret,1.6896305045942399
2332,bib,1.6085681853318925
2333,biohazard suit,1.5292311524279207
2334,biretta,1.4434435771134446
2335,blindfold,1.5999343288261589
2336,boater,1.7919041181368549
2337,body armor,1.5804619037922945
2338,bolero,1.4228260104344856
2339,bonnet,1.7391111271682196
2340,boot,1.9126811202995833
2341,boxing glove,1.7041553034873884
2342,suspenders,1.6586303045310349
2343,bangle,1.7881861902737217
2344,bandeau,1.6916117764352283
2345,burqa,1.6907314325765361
2346,bustier,1.6158958764821354
2347,calpac,1
2348,camail,1.4786730683737481
2349,cap,1.8137457837733453
2350,cast,1.4556432768217262
2351,catcher's mask,1.6625585242568564
2352,chanfron,1.5610160234915504
2353,chest protector,1.6462302000268054
2354,flat cap,1.802860801075751
2355,coat,1.9030623142709926
2356,cocked hat,1.5471402449025069
2357,collar,1.5898853995697295
2358,comforter,1.6360056842964932
2359,coonskin cap,1.4730711005042643
2360,coverall,1.7822344543780329
2361,cowboy hat,1.836557304314018
2362,cravat,1.7000501134792936
2363,crown,1.652784100672712
2364,dashiki,1.7177799607269724
2365,diving suit,1.7827324668143616
2366,dog collar,1.8079564430427693
2367,double-breasted jacket,1.6412531801387322
2368,dress,1.8579552992828141
2369,dunce cap,1.6185347260492862
2370,earring,1.7372576229732251
2371,elbow pad,1.773436274789493
2372,eyepatch,1.4801506728875173
2373,face veil,1.6872919739437835
2374,feather boa,1.687241231033334
2375,fedora,1.7819530663676866
2376,fencing mask,1.6705383757323347
2377,fez,1.6036588798307811
2378,flipper,1.7427260519100611
2379,football helmet,1.8442207397975712
2380,footwear,2
2381,french heel,1.6516242889791291
2382,fur,1.6183084709371771
2383,fur hat,1.7278362958470477
2384,garrison cap,1.6840068992785664
2385,gasmask,1.6772248205137217
2386,gauntlet,1.5864030188937939
2387,glengarry,1.5946149741021862
2388,glove,1.8780478305083037
2389,grass skirt,1.7246262927095815
2390,overcoat,1.7569623314961724
2391,handcuff,1.5233483543721404
2392,handwear,1.796623815071102
2393,hat,1.9054895152863733
2394,headdress,1.8824116344386532
2395,helmet,1.8625588169539036
2396,hijab,1.8055438735222462
2397,horseshoe,1.5654319942174446
2398,insole,1.5933190741130776
2399,irons,1.3141279607099019
2400,jacket,1.7275662800441327
2401,kaffiyeh,1.6659850793795759
2402,kepi,1.8681198409007687
2403,kilt,1.7196410283905985
2404,kimono,1.765414003773258
2405,knee pad,1.8820519654093122
2406,knit,1.6080998641998292
2407,knitwear,1.6709626929193759
2408,mask,1.7592935019184113
2409,military uniform,1.8480096492262228
2410,moccasin,1.8016758933809767
2411,mortarboard,1.7668130687458281
2412,muff,1.440781063304899
2413,neck brace,1.6210516512420545
2414,necklace,1.6959745147305529
2415,neckpiece,1.8550955067078148
2416,tie,1.7843845081052385
2417,nightwear,1.6091672192093682
2418,nose ring,1.3613765598559313
2419,outerwear,1.909597172930765
2420,outsole,1.6817241873119166
2421,oxygen mask,1.6225511550038538
2422,pendant earring,1.5987398875732102
2423,plus fours,1.6483291890671874
2424,porkpie,1.8305138210088681
2425,rainwear,1.6336416868874561
2426,roller bandage,1
2427,rollerblade,1.8146147945906075
2428,roller skates,1.7792961434539238
2429,sailor cap,1.7020015205800152
2430,sailor suit,1.4072942828179464
2431,sandals,1.9235638863924369
2432,scarf,1.8330865837251249
2433,sealskin,1.6067749790926733
2434,sharkskin,1.3718336708564181
2435,shin guard,1.7075125301376177
2436,shirt,1.8937382387250676
2437,trunks,1.9316931209806474
2438,shower cap,1.626889657734941
2439,ski boot,1.7266548144823552
2440,ski cap,1.7370424844618833
2441,skirt,1.8271390074532905
2442,skullcap,1.5984045486347691
2443,Babygrow,1.6087278906249849
2444,sling,1.3932544669425304
2445,slipper,1.8402652499409204
2446,sock,1.902740910580321
2447,solleret,1.6196210266592819
2448,sombrero,1.7025908522524786
2449,sou'wester,1.6125703237243094
2450,space helmet,1.6419690533016547
2451,spacesuit,1.6334235554936858
2452,spike heel,1.7993383536235354
2453,stacked heel,1.6914825608365753
2454,stockings,1.9170685802884067
2455,sunglasses,1.9169660422332888
2456,surplice,1.6228305314278355
2457,sweatband,1.7034909284602278
2458,tiara,1.4715771469783523
2459,tights,1.8288875743533608
2460,topknot,1.5574640072824124
2461,toque,1.7681003550784293
2462,turban,1.7517448106541527
2463,undergarment,1.7831868112973503
2464,uniform,1.8350342853099433
2465,Waistcoat,1.8543544375376944
2466,bracelet,1.8152187736455172
2467,watch cap,1.7459358999364847
2468,wedge heel,1.4848185496977202
2469,wimple,1.6622094392974245
2470,workwear,1.8235286606599168
2471,lei,1.6593851594937945
2472,wristband,1.7565010428558492
2473,bracelet wood,1.4819420039818199
2474,glove leather,1.6052303255767566
2475,ribbon hair accessory,1.5700291999527121
2476,surgical mask,1.7980068600440586
2477,rubber glove,1.7518838666441892
2478,bridal glove,1.5914768789153446
2479,fingerless glove,1.75187508825623
2480,helmet liner,1.3553674134382985
2481,riding helmet,1.8774269570569846
2482,santa hat,1.6793108792508447
2483,diving helmet,1.66066160564482
2484,guy fawkes mask,1.6641355289292781
2485,fustanella,1.6274479592549755
2486,crop top,1.7214366890479267
2487,leopard skin,1.6682053558979217
2488,sangmo,1.6440708307385044
2489,alice band,1.7796752694411291
2490,ripped jeans,1.7599425896674661
2491,n95 respirator,1.6201242292143225
2492,medical glove,1.748202125992095
2493,hoop earring,1.6465296169745753
2494,pelerine,1.6731598490343305
2495,witch hat,1.6020338658723539
2496,toe ring,1.6399738769984329
2497,fur collar,1.4424726927423026
2498,dragoon helmet,1.6476769916026166
2499,clothing in tibet,1.7404597238375294
2500,full-face helmet,1.8209898770495905
2501,turtleneck sweater,1.6895649445733074
2502,solitaire ring,1.6937323552727337
2503,capirote,1.6148895226873119
2504,tracksuit bottoms,1.8861198524121312
2505,half zip sweater,1.4909145825030445
2506,áo dài,1.4037423657962609
2507,tin foil hat,1.6360721150460584
2508,shirt collar,1.6809647618145021
2509,maxiskirt,1.8023511772521545
2510,white sapphire engagement rings,1.3395356530728109
2511,domino mask,1.3881111905373742
2512,gymnastics leotard,1.7224905561164259
2513,wide leg jeans,1.8245559286564834
2514,chullo,1.8113464563849555
2515,sleeveless shirt,1.8186529854552664
2516,roller shoe,1.751009242879811
2517,winklepicker,1.6868350256626008
2518,leather clothing,1.7208433371511291
2519,pillbox hat,1.6841683537486718
2520,scrunchie,1.6653947473517938
2521,down vest,1.7920564655717681
2522,open-face helmet,1.8369293328285581
2523,poodle skirt,1.7102076156671011
2524,corinthian helmet,1.6607609375378944
2525,funerary mask,1.445260445453622
2526,sheepskin boots,1.7359728047360443
2527,bakya,1.6586539539104859
2528,ushanka,1.6546595075726214
2529,shtreimel,1.7015626027449624
2530,ghillie suit,1.7421009718357556
2531,cross necklace,1.5229739974116709
2532,peep-toe shoe,1.7091688957004654
2533,jean shorts,1.8103758817676123
2534,phulkari,1.7135038098910469
2535,slave bracelet,1.2305924128101022
2536,stahlhelm,1.5878427488319198
2537,captive bead ring,1.4678236194231862
2538,yoga pants,1.7749092497510797
2539,trumpet skirt,1.4515204715366297
2540,tiered skirt,1.5602214920504347
2541,bucket hat,1.8053440380718275
2542,nurse uniform,1.7286645057941645
2543,coconut bra,1.4891911142409029
2544,maid's uniform,1.5485284345536932
2545,hoodie,1.8007335848301333
2546,plaster mask,1.5541700746851035
2547,collar button,1.7164917126090513
2548,barong tagalog,1.6368096559853922
2549,baby bonnet,1.515170390107583
2550,sunhat,1.4250630509876538
2551,Glasses,1.888972406526866
2552,hair clip,1.7475747665008068
2553,headdress flower,1.6685839115053889
2554,hair comb,1.3757870277408693
2555,hair crown,1.4067776255455047
2556,Hairpin,1.3682769361355342
2557,Hair band,1.7707641680159703
2558,Eardrop,1.5346502088651341
2559,Ear Studs,1.6430581846216366
2560,Ear line,1.5730072102706898
2561,nose needle,1
2562,silk scarf,1.349011977423737
2563,long sweater chain,1.6172479252397545
2564,brooch,1.4334427030491215
2565,corsage,1.6247841986212515
2566,badge,1.698470108215834
2567,waist chain,1.3677069770157073
2568,belt,1.5059070552056719
2569,shawl,1.657724483114458
2570,short sleeve T-shirt,1.9466498489230393
2571,long sleeve T-shirt,1.8613272803219965
2572,dress shirts,1.9096053628646104
2573,Chiffon shirt,1.735627677385216
2574,knit shirt,1.7657368316778639
2575,Cardigan Welsh Corgi,1.7686015728457973
2576,polo shirt,1.8680036217051306
2577,thin cardigan,1.7283187372232995
2578,cashmere sweater,1.6190982058494354
2579,sweater,1.8030851270203203
2580,Hoodie,1.8510626030748067
2581,vest,1.8436864786844223
2582,camisole,1.755839859950725
2583,undershirt,1.8325372464959311
2584,short jacket,1.6950971161507047
2585,denim jacket,1.4556638646679696
2586,windbreaker,1.5348398639562459
2587,Suit,1.8451592110494885
2588,leather jacket,1.462045869839443
2589,cotton coat,1.5907961723238
2590,down jacket,1.5977347913330162
2591,woolen coat,1.6738570278630083
2592,Chiffon dress,1.4529554019579085
2593,lace dress,1.3782524088430255
2594,half-circle skirt,1.769141367400566
2595,midi skirt,1.6219306619870311
2596,Tutu,1.4052615271584248
2597,casual pants,1.9406538222396854
2598,Jeans,1.9016090826934513
2599,base layer pants,1.816012509764501
2600,Harem pants,1.6511819945764796
2601,wide-leg pants,1.8193390080357725
2602,Capri pants,1.7767436949151105
2603,Shorts,1.805531979778092
2604,short skirt,1.7030220452745752
2605,disposable diapers,1.4549975569336222
2606,Boxing Mouthguard,1.6638230789305739
2607,Weightlifting Belt,1.4972720339826009
2608,Compression Bandage,1.618506137137167
2609,Buoyancy Vest,1.5771346483404769
2610,Support Belt,1.4060333945046732
2611,Posture Corrector,1.3669380261589135
2612,Wrist sweatband,1.7168676673277234
2613,"Neck brace, Cervical collar",1.2077548022736642
2614,Shoulder support,1.4438132406307924
2615,Elbow pad,1.6602224605479494
2616,Ankle support,1.6984854684544417
2617,Silver bracelet,1.5221050601273185
2618,Jade pendant,1.152607111109283
2619,Agate bracelet,1.5038876079216259
2620,Buddhist prayer bead,1.2491645787918599
2621,Gold bracelet,1.4903059894887289
2622,Calibrated watch,1.800113916641447
2623,Electronic watch,1.5426917877655488
2624,Square ring,1.298151731100095
2625,Wire ring,1.5978811404914137
2626,Name ring,1.6728297595268229
2627,Diamond ring,1.4541139109161831
2628,Jade stone ring,1.6833665840444092
2629,Ring with inlaid gems,1.3239243083982362
2630,Gold ring,1.4679674354420444
2631,Platinum ring,1.4081621035535392
2632,Pearl ring,1.2245148895398543
2633,Bracelet,1.780260838697973
2634,Bulletproof Clothing,1.6408516860744857
2635,Bulletproof Helmet,1.7196644823034242
2636,egg as food,1.7661722199458483
2637,bun (food),1.7374314913506266
2638,chicken as food,1.7000190073904993
2639,fried noodles,1.3746863313481996
2640,turkey meat,1.4532162166857736
2641,hot dog bun,1.4051997532604412
2642,california roll,1.7180868616928353
2643,sliced bread,1.7189937297298845
2644,chocolate brownie,1.7202040801881548
2645,sandwich cookies,1.6503102666908813
2646,udon,1.255962183414749
2647,soba,1.3452792553812041
2648,instant noodles,1.6750558590969928
2649,tinapa,1.6557033333311204
2650,fried fish,1.4896826473856946
2651,duck meat,1.7007124351341709
2652,tomato soup,1.6135333905180209
2653,pierogi,1.6914300033920513
2654,salted duck egg,1.6819753253581284
2655,chicken nugget,1.6631063344648322
2656,lumpia,1.6737992047982284
2657,chinese sausage,1.6945966419374383
2658,prawn ball,1.6044385188864116
2659,kabayaki,1.6543255359033628
2660,quails as food,1.5154691222692835
2661,hyderabadi biriyani,1.6833665840444092
2662,shumai,1.7127251866712325
2663,gyūtan,1.5555806606001836
2664,soy egg,1.6780941270204717
2665,cellophane noodles,1.4405831418066697
2666,twice cooked pork,1.2560109524922183
2667,saag,1.5183679146981905
2668,pickled cucumber,1.5939271701610218
2669,kung pao chicken,1.389101370214
2670,fried aubergine,1.3533881665221967
2671,lemon chicken,1.4003063014172912
2672,scrambling eggs,1.469996853047874
2673,separating eggs,1.5848855133552977
2674,onion rings,1.5648972707279156
2675,beet salad,1.3631062732599608
2676,lobster bisque,1.7622615891052653
2677,takoyaki,1.6261166920788539
2678,cockle food,1.3921137039224427
2679,peking duck,1.6122058393624203
2680,bibimbap,1.2807861384201522
2681,egg,1.7395953783500873
2682,yolk,1.7876777289657166
2683,dehydrated food,1.5382436229383547
2684,fruit cocktail,1.5882063318399811
2685,crab cocktail,1.6985138113760996
2686,shrimp cocktail,1.6542835950941566
2687,borsch,1.6229108616874381
2688,turtle soup,1.353180121281361
2689,eggdrop soup,1.3687454500632517
2690,stew meat,1.1963176588902027
2691,tiramisu,1.5594808713741579
2692,pudding,1.6193025704791144
2693,creme caramel,1.725938933493264
2694,apple tart,1.461739784850967
2695,pie,1.6560714724108583
2696,pecan pie,1.3439906145435183
2697,chocolate eclair,1.7346872705430374
2698,chocolate cake,1.5901482142403722
2699,cupcake,1.7192873218604885
2700,sponge cake,1.5977130039316312
2701,jellyroll,1.5060497759189551
2702,upside-down cake,1.5752277704449666
2703,cookie,1.7521344780789523
2704,dog biscuit,1.7413786594853666
2705,macaroon,1.6673862351656288
2706,coconut macaroon,1.7106431008739729
2707,oreo,1.626859964342795
2708,raisin cookie,1.750331867898921
2709,fortune cookie,1.5896313106323379
2710,gingerbread man,1.6404299855646787
2711,donuts,1.6585620630714206
2712,french fritter,1.4308135004782963
2713,fritter,1.5485496132547745
2714,buckwheat cake,1.3682880332647216
2715,buttermilk pancake,1.6959840576979848
2716,blintz,1.5732373096463166
2717,potato pancake,1.6767588216796034
2718,waffle,1.6606702840719496
2719,squab,1.4275595091040596
2720,drumstick,1.5669663394468469
2721,chicken wings,1.5257865296250741
2722,barbecued wing,1
2723,raw meat,1.7178422357062177
2724,chicken liver,1.139122286233657
2725,goose liver,1.2170049163388763
2726,beef tongue,1.4732391740140964
2727,sparerib,1.6311500844280642
2728,fish steak,1.2446445787025147
2729,beefsteak,1.5791407570790443
2730,beef loin,1.4993437976140243
2731,t-bone steak,1.3760667265671762
2732,buffalo,1.6989943842022339
2733,jerky,1.7232166481309541
2734,rabbit,1.4690827506188717
2735,lamb roast,1.5684503650532351
2736,leg of lamb,1.5199702997292515
2737,cochon de lait,1.3934601711777108
2738,pork belly,1.4189118633734488
2739,bacon,1.6020036051774604
2740,sausage,1.6504693484156581
2741,black pudding,1.5745369015089357
2742,pepperoni,1.4477728046629632
2743,bread/bun,1.7592697015615903
2744,breadstick,1.5360293515875905
2745,cracker,1.6252712506043159
2746,english muffin,1.6185406992966618
2747,chapati,1.6418679999607408
2748,pita,1.6702929624354772
2749,raisin bread,1.5919297065956148
2750,rye bread,1.6922873760404173
2751,corn cake,1.6292575471168402
2752,cinnamon toast,1.7020991376869086
2753,bran muffin,1.7407895826146591
2754,cross bun,1.7038416940498387
2755,sweet rolls,1.7485093804965994
2756,bear claw,1.5544030509640741
2757,cinnamon roll,1.7029166621514129
2758,biscuit (united states),1.6491425820446834
2759,saltine,1.5920079244159626
2760,water biscuit,1.6995573286196364
2761,pretzel,1.6349054577677085
2762,sandwich,1.6520730208575536
2763,ham sandwich,1.5715903455563554
2764,open-face sandwich,1.7014082315488714
2765,hamburger,1.6869487044853655
2766,hot dog,1.6134511734212111
2767,farfalle,1.8261284072862596
2768,noodles,1.6372954608087591
2769,orzo,1.3044213671924847
2770,spaghetti,1.3954583564819427
2771,vermicelli,1.2522956125003621
2772,macaroni,1.3058067006613008
2773,lasagna,1.1226732981687446
2774,wonton,1.4983224643915021
2775,dumplings,1.7107950930652416
2776,gruel,1.6604437116344992
2777,cold cereal,1.2566218979225809
2778,granola bar,1.6598522847987898
2779,bean curd,1.3891972079003847
2780,baked potato,1.4274029884785837
2781,chips,1.6950884583371177
2782,mashed potato,1.6549242842938652
2783,chip,1.2235657326025622
2784,corn chip,1.5947333332660381
2785,popcorn,1.5107352604902102
2786,stuffed mushroom,1.7315785883512875
2787,bass,1.378762403408359
2788,stockfish,1.4736554365790884
2789,pickled herring,1.505775535762951
2790,rollmops,1.4358432109637382
2791,oysters rockefeller,1.7516978021264504
2792,crab legs,1.5831863097486432
2793,alaska king crab,1.5733903675255894
2794,lobster tail,1.475216178451932
2795,salmon,1.5509620418312247
2796,smoked salmon,1.6983846824469597
2797,scallop,1.6459502125350545
2798,sea scallop,1.5657323711561455
2799,caviar,1.6903643069344245
2800,smoked mackerel,1.4952963103779393
2801,rice,1.7432114692342644
2802,salad,1.514564395727344
2803,fruit salad,1.7202417366559621
2804,egg yolk,1.621710534407623
2805,boiled egg,1.6579654885761239
2806,easter egg,1.6493397466581112
2807,poached egg,1.6071180872027311
2808,omelette,1.406597643374353
2809,fried egg,1.5112325465527801
2810,dough,1.7169664133369555
2811,beef wellington,1.3022135462249338
2812,croquette,1.6006996591968348
2813,dolmas,1.6076619664959777
2814,spring rolls,1.5413976648036947
2815,fried rice,1.2047465077434669
2816,frog legs,1.4286697859065904
2817,meatball,1.7321444040410872
2818,meat loaf,1.6847631878715719
2819,meat pie,1.7500847122026926
2820,mostaccioli,1.7565028304163182
2821,pizza,1.492582336618741
2822,steak tartare,1.4500619299192929
2823,steak au poivre,1.2270137281764597
2824,stuffed tomato,1.7185565626556794
2825,sashimi,1.6872022853953852
2826,tempura,1.4434734761206962
2827,burrito,1.3009217856714432
2828,spaghetti squash,1.5695034045625611
2829,soup,1.2522401950903896
2830,grasshopper pie,1.5028300952011613
2831,chicken leg drumstick,1.6504694981805352
2832,chicken leg thigh,1.4413093487547322
2833,steamed rice,1.7366685066549756
2834,wheat noodle,1.3366059179411205
2835,dorayaki,1.728357345048489
2836,tom yum,1.4136931721734411
2837,baba ghanoush,1.5246610583280857
2838,banh khot,1.6710721075996422
2839,negitoro,1.633771433571495
2840,cold rice noodles,1.5347298998247565
2841,melon and jamón,1.397202284660999
2842,ichigo daifuku,1.6890083771900568
2843,yudofu,1.622370424117521
2844,kishimen,1.2191253483823994
2845,curry ramen,1.3241510092316668
2846,mille crêpe,1.6611887639931668
2847,strozzapreti,1.3164789792662681
2848,semla,1.7505840714421814
2849,red bean paste,1.5680924080164482
2850,pineapple bun,1.5623913499679474
2851,miso nikomi udon,1.3766937970005404
2852,taralli,1.6713402884992552
2853,peach bun,1.6553890890491032
2854,glutinous rice,1.3229941504268594
2855,ice cream cone,1.6559614996360654
2856,masala dosa,1.5189310018036188
2857,yaki udon,1.1485479819304349
2858,cake pop,1.6966405286847068
2859,pain au chocolat,1.6823722171228201
2860,kulich,1.6431186617878695
2861,cha siu bao,1.6541975093654306
2862,palatschinke,1.4879067551773164
2863,digestive biscuit,1.6720157087566374
2864,princess cake,1.4355011027160947
2865,panforte,1.5947201202407078
2866,red velvet cake,1.5396231123162467
2867,bakmi,1.2827187077780065
2868,macaroni soup,1.6143564400371917
2869,mapo doufu,1.2479027259025053
2870,oyakodon,1.2846228686201071
2871,chankonabe,1.1963176588902027
2872,unadon,1.358214408629683
2873,chicken mcnuggets,1.6166821104256099
2874,unagi,1.5013955206560943
2875,zapiekanka,1.5621345008985454
2876,shashlik,1.6407174765187671
2877,lamian,1.4775959837601971
2878,kue lapis,1.6480291439243682
2879,rocky mountain oysters,1.5972386870874351
2880,salmorejo,1.6327113200066337
2881,jagdwurst,1.5286810106795372
2882,battenberg cake,1.6291142263206684
2883,monjayaki,1.5431049953407876
2884,kutsinta,1.7484562336800211
2885,texas toast,1.5705920353009182
2886,fudge cookie,1.6723351793885137
2887,smoked scallop,1.5591537904720341
2888,tompouce,1.5614282521862295
2889,syrniki,1.6131532136490119
2890,pico de gallo,1.4119084945272431
2891,cauliflower soup,1.1820476757599689
2892,chakli,1.6434933827895659
2893,windbeutel,1.6793705708178257
2894,parotta,1.5316546106010462
2895,melonpan,1.6787352319992905
2896,walnut pastry,1.7662028508223966
2897,kourabiedes,1.6009472528266435
2898,cavatelli,1.6212203817414148
2899,orecchiette,1.4414349042332995
2900,paccheri,1.324675577374179
2901,tagliolini,1.3574928724856685
2902,agnolotti,1.4221293544521441
2903,gyūdon,1.4177753353282865
2904,beer cake,1.5458134003087007
2905,carrot soup,1.2826150538916457
2906,meal soup,1.7357630598403611
2907,zopf,1.6215636832490117
2908,egg tart,1.7254443470848049
2909,pork cutlet,1.5977786140014856
2910,spinach soup,1.6833665840444092
2911,picarones,1.6088092273475991
2912,spekkoek,1.5993008243349678
2913,poğaça,1.725223012720321
2914,chāhan,1.4074607140495223
2915,sfiha,1.669025857014361
2916,cavatappi,1.264756663024895
2917,tandoor bread,1.6323294636116379
2918,stroopwafel,1.7272271355112112
2919,rum ball,1.6924119908482811
2920,murukku,1.4453528478307494
2921,éclair,1.6797936379126255
2922,canelé,1.6142145948488804
2923,puree soup,1.5577500549862249
2924,poffertjes,1.6099919778885907
2925,blackout cake,1.4403037533157437
2926,lotus seed bun,1.6660208904450426
2927,koeksister,1.6851720190688315
2928,chicken skin,1.5320934276043046
2929,barbari bread,1.6343275645998319
2930,kransekake,1.482490744341618
2931,confit byaldi,1.0953609291783917
2932,crêpe bretonne,1.4027303504806172
2933,avocado toast,1.6138754707311647
2934,fraisier,1.477231878669732
2935,mysore pak,1.6899204261666769
2936,sweet potato pie,1.7099224617122146
2937,wonton noodles,1.550719248180876
2938,tangbao,1.6270792647069858
2939,malasada,1.5833761793995715
2940,malloreddus,1.3555133693914292
2941,tarta de santiago,1.6730938108653826
2942,italian beef,1.5848840451390336
2943,misua,1.4613937190711539
2944,champorado,1.4085899962357948
2945,pizzelle,1.6193377315584756
2946,vanillekipferl,1.6372903813813522
2947,buko pie,1.4347206783504003
2948,fruit tart,1.6797359853350482
2949,apam balik,1.5893181110081955
2950,karedok,1.0993747945989922
2951,omurice,1.5217003393077748
2952,chongqing noodles,1.3596951950141589
2953,gingerbread house,1.4983729507554191
2954,zhajiangmian,1.4054024055495102
2955,streuselkuchen,1.6479916682736988
2956,knife-cut noodle,1.7973987913719844
2957,bazlama,1.6300022144597435
2958,bacon and egg pie,1.6261799726868298
2959,blooming onion,1.3551136336848715
2960,bolo de rolo,1.5642145295345187
2961,boston cream doughnut,1.6332864277755554
2962,bánh tét,1.6539020502705433
2963,cemita,1.6246959196307844
2964,bánh xèo,1.6524585204171274
2965,char kway teow,1.3352475796247496
2966,cherry pie,1.6772400743245375
2967,chocolate sandwich,1.5485820225162987
2968,coconut doughnut,1.6779095529254966
2969,crispy pata,1.4457435023814176
2970,rotini,1.0337910338917733
2971,fagottini,1.7496528045496651
2972,smiley cookies,1.6477133679973097
2973,garden salad,1.6881057136185533
2974,dacquoise,1.7328423004463533
2975,fruit pies,1.688991997177695
2976,guagua de pan,1.6809301634446139
2977,gulai ayam,1.1048218408398331
2978,taro dumpling,1.635979812270322
2979,duck liver,1.6448951735484625
2980,pudding corn,1.5447419232367359
2981,jalebi,1.6823569692758946
2982,lanzhou beef noodles,1.4134011642375075
2983,caramel shortbread,1.65066952515679
2984,kek lapis sarawak,1.7078022657587417
2985,khaman,1.5127312893979168
2986,kassler,1.5609248671678886
2987,roasted cauliflower,1.3204513765663248
2988,grilled zucchini,1.331471121250793
2989,smoked turkey,1.4996042747680596
2990,sfogliatelle,1.6449669899822501
2991,smoked bacon,1.6049209791097345
2992,trout fillet,1.6367979617083661
2993,beef liver,1.5222862345973516
2994,braised beef,1.4701138386546413
2995,roulades meat,1.5411006337662871
2996,smoked spare ribs,1.5507293878432615
2997,mitarashi dango,1.6771867504055029
2998,krumkake,1.6677946347283357
2999,tea egg,1.549736166917774
3000,okonomiyaki,1.5992173366413485
3001,weisswurst,1.577227642279559
3002,pandebono,1.7498445556178739
3003,japchae,1.3434445225374185
3004,douhua,1.5833292288622194
3005,hiyashi chūka,1.5497063163760605
3006,chicken leg quarters,1.6414028277181374
3007,pizza al taglio,1.6334346245246123
3008,potsticker,1.6480825306293911
3009,rice and gravy,1.6754033456521258
3010,lekor,1.594555928774585
3011,sate padang,1.6477008492076974
3012,snow skin mooncake,1.7083076427211019
3013,sopaipilla,1.5702015045461852
3014,teddy grahams,1.7620843956438326
3015,tomato omelette,1.2149104318006128
3016,mixian,1.449558447466772
3017,vietnamese noodles,1.3069919136990344
3018,oyaki,1.6737744287687164
3019,hot dry noodles,1.1476389419873987
3020,beef chow fun,1.3875699888895416
3021,pork chop bun,1.4370697568999757
3022,bourbon biscuit,1.660406219879242
3023,garganelli,1.2145372489680042
3024,raspberry tart,1.5272149122514076
3025,alphabet pasta,1.1312027177777422
3026,papadum,1.6730358759291064
3027,shrimp étouffée,1.5555368700911902
3028,kangkung belacan,1.3622755106378235
3029,Rice Sponge Cake,1.6983852757938371
3030,Peanut Butter,1.3696692815379459
3031,Spicy Sliced Aotus Root,1.2826150538916457
3032,Duck King,1.6433039223192012
3033,Potato Chips,1.702799844934638
3034,Shallot pancake,1.5750813457920474
3035,Chinese Savory Pancake,1.5440065452677341
3036,Egg Pancake,1.3605034519368822
3037,Salt Crispy Chicken,1.667266414209166
3038,Crispy Rice Cakes,1.5135864088130231
3039,Donkey Roll,1.7104469986067397
3040,Soda Crackers,1.5686820884304251
3041,Boneless Chicken Strips,1.4553667848678455
3042,Crispy Sausage Roll,1.6759881132516425
3043,Clay Oven Rolls,1.7247485263599707
3044,German Pudding Tart,1.6869983918180149
3045,Spicy and Numbing Mix,1.2934613283712069
3046,sushi,1.6410165767311722
3047,Brown Sugar Milk Taro Dessert,1.3008055447949842
3048,Purple sweet potato sticky rice cake,1.7044120480925695
3049,Pan-Fried Pork Buns,1.7029967266208641
3050,Water Chestnut Cake,1.5961393594669964
3051,Steamed Shrimp and Zucchini Dumplings,1.6997993182244908
3052,Soy Sauce Pancakes,1.4160919692654468
3053,Deep-Fried Milk,1.6747020321838073
3054,Deep-Fried Cabbage,1.2959468310329485
3055,Soy Sauce Eggs,1.1854214893861434
3056,Sour and Spicy Noodles,1.287360777389289
3057,Copper Gong Bao,1.6548128273094722
3058,Grilled Milk Cubes,1.6783364701090597
3059,Wonton,1.5007847696454093
3060,Hand-grabbed pancake,1.2220160016860617
3061,Milk Crispy Roll,1.6952771323144602
3062,Yang Chun Noodles,1.1639643628485701
3063,Jianbing Guozi,1.5340566621434804
3064,Louisiana-style Chicken Wings,1.6424863307791528
3065,Chicken Wing Rice Bowl,1.6239588407172514
3066,Fruit Tea,1.5526283178042883
3067,Fried Vegetable Dumplings,1.6004106623587528
3068,Pan-fried Cumin Tofu,1.3309090073306264
3069,Xue Mei Niang,1.6903472589411437
3070,Stir-fried Rice Cake,1.2826150538916457
3071,Sour and Spicy Radish Slices,1.315877497039017
3072,Sweet Potato Balls,1.7219919942988309
3073,Sweet Pancakes,1.5897159242755079
3074,Hot dry noodles,1.3823691706022716
3075,Spiced Tea Eggs,1.702755078772735
3076,Sesame Sauce Noodle,1.2519081859868324
3077,Qie Gao,1.589746705954368
3078,Malatang,1.302457302666006
3079,Shrimp Scramble Egg,1.6861686242976313
3080,Wolf's tooth potato,1.2747441926999554
3081,Red bean glutinous rice cake,1.6990532624989938
3082,Chinese cruller,1.5815018491097279
3083,Frog on a stone board,1.7219840341985342
3084,Sweet dumplings,1.5414872248426548
3085,Dumpling soup,1.2059422155831556
3086,Hand-shredded abalone mushroom,1.2653250862737111
3087,Spicy and sour shredded potatoes,1.2318759498548519
3088,Yuxiang shredded pork,1.2324480367311135
3089,Dry-fried green beans and potatoes,1.2698299075861361
3090,Steamed egg with minced meat,1.260561152509839
3091,Roasted fermented tofu,1.2897020086672675
3092,Chicken leg in teriyaki sauce,1.2698506941862944
3093,Minced meat with eggplant,1.2993503298466624
3094,Pickled mustard greens with vermicelli noodles,1.2655741428404088
3095,Hand-shredded pickled mustard greens,1.1966730760112922
3096,Clams with baby bok choy in oyster sauce,1.2209479606818074
3097,Stir-fried bean sprouts with noodles,1.264063812769205
3098,Stir-fried large shrimps with oil,1.3484070827327499
3099,Sweet and sour spare ribs,1.3342128640567694
3100,Tofu soup,1.3399581722203997
3101,Yellow braised chicken,1.3472483084978162
3102,Stir-fried zucchini,1.2948546977926902
3103,Coca-Cola chicken wings,1.6386262993281966
3104,Red-braised lion's head,1.5418851613149163
3105,Garlic sprout king trumpet mushroom,1.2763206403772198
3106,Hand-shredded chicken,1.2790531117128923
3107,Dry-pot cauliflower,1.2463851291659143
3108,Dipping sauce stuffed huajia,1.4082735270700282
3109,Sweet and sour pork loin,1.312306447496459
3110,Sauce abalone mushrooms,1.2579720597671176
3111,Boiled meat slices,1.2779279134519523
3112,Stir-Fried Pork with Green Bell Peppers,1.2905097263915601
3113,Garlic Flavored Pork Ribs,1.2769984928123388
3114,Oyster Sauce Lettuce,1.2115163979124519
3115,Sour Soup with Beef,1.2395408551826417
3116,Stir-fried meat and vermicelli,1.0953609291783917
3117,Minced Meat Japanese Tofu,1.2838890953708777
3118,Mushroom soup with Agaricus bisporus,1.263921620626159
3119,Winter melon meatball soup,1.2801069017512368
3120,Salt and Pepper Shrimp,1.2762839046430003
3121,Tomato scrambled eggs,1.2486280580866094
3122,Lotus pond stir fry,1.0492121160937167
3123,Sour and spicy bok choy,1.4023659612618578
3124,Spicy diced chicken,1.263017946722256
3125,Green pepper and preserved egg,1.0391076232258407
3126,Stir-fried string beans,1.2644767617150925
3127,Bok choy and tofu stew,1.2334488710105367
3128,Red braised pork,1.3032100638838124
3129,Roast pork,1.2782228973868637
3130,Tiger skin green pepper,1.0784692502432285
3131,Spicy and numbing hot pot,1.2460492340297342
3132,Tomato sparerib soup,1.2561931189665649
3133,Enoki mushroom and bacon roll,1.6053387534806065
3134,Pan-fried shrimp cake,1.5840511072655605
3135,Braised Beef in Soy Sauce,1.5069391927068534
3136,Twice-Cooked Pork,1.2290401830918793
3137,"Stir-Fried Green Pepper, Ham, and Eggs",1.0918848172933129
3138,Stir-Fried Green Soybeans and Chinese Sausage,1.2644042455899505
3139,Stir-Fried Shiitake Mushrooms and Mustard Greens,1.2637983818101053
3140,Dry-Fried Potatoes,1.2509779977814413
3141,Steamed Pork Spareribs with Rice Flour,1.2514224244439298
3142,Stir-Fried Pumpkin,1.2672593610836627
3143,Cold Dish of Chicken Gizzard,1.2064360422017026
3144,Pan-Fried Sole Fish,1.486512482183391
3145,Green Bell Pepper Pork,1.4868706223987991
3146,Stir-Fried Green Beans,1.1659393291993287
3147,Minced Meat and Bean Sprouts,1.2356581013672654
3148,Stir-Fried Napa Cabbage with Vinegar,1.2902002101103771
3149,Stir-Fried Broccoli and Mushrooms,1.250413078488263
3150,Blanched Shrimp,1.6508823502455403
3151,Crab Meat and Egg Yolk Tofu,1.3842706068151345
3152,Stir-Fried Pork with Chili Peppers,1.0541139981497294
3153,Stir-Fried Chinese Leek and Dried Tofu,1.2513211431574023
3154,Braised Pork Spareribs with Potatoes,1.2448178371394514
3155,Stir-Fried Lotus Root Slices,1.2250567234603287
3156,Braised Eggplant,1.3529548329231069
3157,Hangzhou Beef with Green Pepper,1.2846491070441406
3158,Stir-fried Garlic Chives and Squid Tentacles,1.0844521889866259
3159,Stir-fried Asparagus and Eggs,1.2602322742198506
3160,Stir-fried Pig Ear with Chili Peppers,1.2548022358637936
3161,Stir-fried Water Bamboo Shoots,1.2264970778778839
3162,Stir-fried Beef with Arugula,1.2595713601192076
3163,Oil Noodle Roll with Pork Filling,1.513784360918748
3164,Fried Egg,1.5468325594343739
3165,Thai-style Sour and Spicy Shrimp,1.2322415756475211
3166,Stir-fried Corn with Minced Pork,1.2333935218122631
3167,Pickled Pepper Duck Blood,1.2790531117128923
3168,Stir-fried Mushroom and Eggs,1.0201181469620573
3169,Stir-fried Enoki Mushrooms and Tofu,1.2195846562229804
3170,Stir-fried Loofah,1.2672247156031178
3171,Cold-mixed String Beans,1.179695644835175
3172,Stir-fried Pork Liver,1.2261025866267194
3173,Stir-fried Pork with Garlic Chives,1.2548760894906508
3174,Stir-fried Clams in Hot and Spicy Sauce,1.2084515877432755
3175,Sour Pickled Cabbage Fish,1.2749211169614314
3176,Wood Ear Mushroom Pork Slices,1.2754925556528751
3177,Spicy Mapo Tofu,1.3672446446990314
3178,Stir-fried Garlic Chives and Eggs,1.2115163979124519
3179,Corn Braised Pork Ribs,1.2685801039665228
3180,Braised Green Beans and Eggplant,1.2540937943488277
3181,Yam Braised Duck,1.6799185261763707
3182,Pineapple Duck,1.2302281211207291
3183,Shrimp and Egg Stir-Fry,1.2416184752612047
3184,Saliva Chicken,1.3535692641857919
3185,Creamed Broccoli in Broth,1.2922845488837384
3186,Cumin-spiced Potato Slices,1.2280475234028621
3187,Satisfaction Cabbage Rolls,1.4742453730888858
3188,Golden Cake,1.5002840623081899
3189,Braised Tofu with Fresh Shrimp,1.2641994023949998
3190,Garlic French Bread,1.652772185131099
3191,Braised Pork Ribs in Soy Sauce,1.4064635911149259
3192,Bao Dan Jian Jiao,1.3071916917515483
3193,Green Melon and Shrimp,1.1023192905068422
3194,Stir-fried Komatsuna,1.3615447031003889
3195,Curry Potato,1.3875163008989173
3196,Cold Salad Lettuce,1.2538778811317208
3197,Steamed Sea Bass,1.250068122702529
3198,Cold mixed Spinach,1.1666249058486882
3199,Stir-fried Pork Strips with Mustard Greens and Snap Peas,1.2164429947866271
3200,Lachang Fried Holland Beans,1.23695787818912
3201,Spicy Braised Pork Trotters,1.2728677616563964
3202,Braised Pork Trotters in Red Sauce,1.270302583661304
3203,Steamed king crab,1.6716393219178778
3204,Spicy hairy crab,1.2955846639282409
3205,Braised shrimp,1.3594262129948316
3206,Garlic-based shrimp,1.2570057058588882
3207,Braised fish,1.2447406204732718
3208,Tomato fish,1.2803541522654378
3209,Grilled fish,1.0930968632381397
3210,Boiled fish,1.2514228013213755
3211,Steamed fish,1.3037624249965158
3212,Fish head tofu soup,1.2029399403059831
3213,Chrysanthemum fish,1.5996227975194839
3214,Fish stew with tofu,1.2523482164776483
3215,Smoked fish,1.2883533035242092
3216,Fish Head with Chopped Pepper,1.2641415895452157
3217,Braised Jinchang Fish,1.2623554437049755
3218,Stir-Fried Squid,1.278944694082941
3219,Pan-fried small yellow croaker,1.480039978798988
3220,Three cups of chicken,1.2209479606818074
3221,Stir-fry thousands of sheets,1.2439566321776814
3222,hot and sour soup,1.372685207645763
3223,Chili Chicken,1.2099918383986537
3224,Meat Dumplings in Spicy Sauce,1.256425483104777
3225,Sichuan Sausage,1.3921445905479279
3226,pea noodles,1.3614078753832004
3227,Dengying shredded chicken,1.4421620101200239
3228,yeerba,1.7183732128812141
3229,Small crispy meat,1.3387121398374977
3230,saba banana,1.7096322438747169
3231,calamansi,1.7033839946624629
3232,matoke,1.6957974814796257
3233,eastern prickly pear,1.4426911147917516
3234,red bell pepper,1.661238999726832
3235,european pear,1.6705941690921244
3236,barbary fig,1
3237,yellow pepper,1.6623789022076965
3238,iceburg lettuce,1.591546937019942
3239,tayberry,1.7472713458789912
3240,fruit cup,1.5673367427029679
3241,elephant garlic,1.611583913319161
3242,artocarpus integer,1.6057644968647307
3243,hardy kiwi,1.7418757777574179
3244,hamimelon,1.6799185261763707
3245,solanum lycopersicum,1.7226142028921037
3246,exocarpos cupressiformis,1.6634894780680485
3247,gomphocarpus physocarpus,1.7618369464027368
3248,hexastylis arifolia,1.5350986183469781
3249,pyracantha coccinea,1.4662870058984001
3250,rubus leucodermis,1.6185423583731973
3251,citrus trifoliata,1.7145367152521289
3252,quercus rotundifolia,1.6532907712940261
3253,rubus ulmifolius,1.7447972050968401
3254,edible fruit,1.7476953537041975
3255,potherb,1.3517596040681712
3256,greens,1.6862972862622325
3257,potato,1.731852656934711
3258,mustard greens,1.4554322746505353
3259,bok choy,1.6797683357411994
3260,head cabbage,1.6557513188686896
3261,red cabbage,1.3135313326964004
3262,cauliflower,1.6844999680259503
3263,Cucurbita,1.690675894969536
3264,butternut squash,1.6358710837117936
3265,turban squash,1.7595830879637167
3266,jerusalem artichoke,1.6585368322654506
3267,sprout,1.3764969225644235
3268,beet,1.3266343355718049
3269,beet green,1.3988302086911291
3270,chard,1.0137693910025063
3271,bell pepper,1.7136895457529264
3272,green pepper,1.532685696411912
3273,hot pepper,1.4895323053760101
3274,chipotle,1.7000070042564599
3275,cayenne,1.7511431148391141
3276,onion,1.7303737740499394
3277,green onion,1.4772084051544936
3278,leek,1.4780292511564554
3279,crisphead lettuce,1.7572145786900564
3280,cos,1
3281,celtuce,1.3717168558690411
3282,pea,1.6219405144232248
3283,carrot,1.7052251180626929
3284,carrot stick,1.6560342681236202
3285,celery,1.6331182547989309
3286,celeriac,1.7137711667470474
3287,chicory escarole,1.3977964394507674
3288,winter cress,1.5314011143521109
3289,gumbo,1.6870571917233834
3290,wild spinach,1.4384529920917624
3291,salsify,1.4829704151764371
3292,parsnip,1.6011662996072777
3293,radish,1.5483194991377749
3294,turnip,1.6897917067015584
3295,white turnip,1.5820378072936463
3296,spinach,1.4425185008955288
3297,taro,1.6971017020229673
3298,bunya bunya,1.4634511235648116
3299,peanut,1.7257968424931835
3300,banana peel,1.3940361527664091
3301,lemon peel,1.5696750089523932
3302,orange peel,1.7308657626939776
3303,apple,1.7536627018665247
3304,golden delicious,1.7317129662159629
3305,red delicious,1.6054737197556732
3306,jonathan,1.3799283285072157
3307,pippin,1.8261284072862596
3308,bramley's seedling,1
3309,berry,1.7331622766973149
3310,bilberry,1.6785324688553167
3311,wintergreen,1.7039810960814656
3312,lingonberry,1.6855803204301321
3313,currant,1.6077283422532251
3314,gooseberry,1.7661446179873788
3315,black currant,1.6018913726825756
3316,dewberry,1.7162392426724644
3317,saskatoon,1.6556567382607406
3318,persimmon,1.7287613528265007
3319,acerola,1.7199929421372375
3320,ceriman,1.6065172984459344
3321,orange,1.7594012001050645
3322,tangelo,1.6607821404306762
3323,bitter orange,1.6742637239650113
3324,jaffa orange,1.6161242299692795
3325,lemon,1.771899724989217
3326,lime (fruit),1.7458736808294102
3327,grapefruit,1.7378100083722008
3328,citron,1.7288358643315127
3329,almond,1.7604248759608465
3330,jordan almond,1.5692822367525887
3331,acanthocereus tetragonus,1.7550483993384955
3332,plum,1.7419735304434625
3333,dried fruit,1.4016039366037356
3334,dried apricot,1.5354719835872812
3335,prune,1.6670837859934817
3336,raisin,1.5208412051087672
3337,fig,1.7413656874631491
3338,pineapple,1.7465838202456216
3339,passion fruit,1.6946895081033229
3340,granadilla,1.6598800190547809
3341,breadfruit,1.632394100184694
3342,jackfruit,1.7235797536685094
3343,cocoa bean,1.4868931686856097
3344,cantaloup,1.7499071224257459
3345,winter melon,1.5887683780836188
3346,honeydew,1.6980651767352311
3347,persian melon,1
3348,casaba,1.7580023780340599
3349,watermelon,1.7652483561851913
3350,cherry,1.6224774254119758
3351,capulin,1.3739275798744339
3352,morello,1.7106840735068256
3353,grape,1.7120865367007714
3354,fox grape,1.716357349593592
3355,emperor,1
3356,soursop,1.7406651709366705
3357,sweetsop,1.7789493006087986
3358,pond apple,1.7223032678532544
3359,papaw,1.7388818253249594
3360,papaya,1.7357102148150836
3361,kai apple,1
3362,ackee,1.6234108459766472
3363,durian,1.6970908862639067
3364,feijoa,1.6488278227531881
3365,genip,1.6843942080195866
3366,kiwi fruit,1.7382980759212616
3367,sapodilla,1.7495233967032391
3368,sapote,1.6947898705091955
3369,tamarind,1.5716689156391319
3370,avocado,1.7252499314168315
3371,date,1.6966877428002343
3372,elderberry,1.624088219040007
3373,guava,1.7482006325062198
3374,mombin,1.6849412572215745
3375,hog plum,1.7415026422745434
3376,jaboticaba,1.5444457356764272
3377,jujube,1.6823749684969422
3378,mamey,1.7339422694018136
3379,marang,1.6495810273726645
3380,medlar,1.7071930611079371
3381,mulberry,1.7236321540836086
3382,black olive,1.7222481895832273
3383,green olive,1.6164572166276199
3384,bosc,1.7383065406144711
3385,seckel,1.7458509051706002
3386,prickly pear,1.5544279419628722
3387,quandong,1.6493671109101293
3388,quince,1.7566728846057293
3389,pulasan,1.7491138393181735
3390,sorb,1.4384596350665435
3391,pumpkin seed,1.5676871498955152
3392,betel nut,1.6797426940006264
3393,beechnut,1.5881767158648894
3394,english walnut,1.5743494380747234
3395,brazil nut,1.582289684634532
3396,butternut,1.6453091462551395
3397,souari nut,1.6593192617238182
3398,chestnut,1.7062458009899788
3399,coconut,1.7316993997068177
3400,groundnut,1.5847962707081933
3401,hickory nut,1.717872208242573
3402,pine nut,1.771578240138538
3403,sunflower seed,1.5563026253296028
3404,cumin,1.5635514291047943
3405,fennel,1.6351528497366652
3406,applesauce,1.6043610047569123
3407,criollo,1.7443326617625241
3408,coffee bean,1.5330063309557793
3409,corncob,1.6299694704636112
3410,juniper berry,1.5537293185020828
3411,pip,1
3412,job's tears,1.7352981076349798
3413,castor bean,1.4882876934799412
3414,cottonseed,1.3588868097605604
3415,peach pit,1.4296270187659936
3416,cherimoya,1.7297410568616569
3417,ilama,1.4635349307030527
3418,bullock's heart,1.445483808244072
3419,star anise,1.450454370590287
3420,baneberry,1.6215010285421463
3421,actaea rubra,1.6610175858987746
3422,bayberry,1.5971263180201658
3423,tonka bean,1.7164804818288868
3424,algarroba,1.595570788915007
3425,screw bean,1.5115849681675626
3426,nephthytis afzelii,1.6129131219517854
3427,ginseng,1.4811650610272566
3428,amaranths,1.5401874016017527
3429,beetroot,1.6000550503695656
3430,savoy cabbage,1.6118396421632415
3431,brussels sprout,1.1883077856014919
3432,kohlrabi,1.6405178276345729
3433,brassica rapa,1.7199120859273114
3434,rutabaga,1.6397344081906207
3435,samara,1.4106131292809365
3436,yam,1.6751445206411597
3437,sugarcane,1.3230979801603999
3438,sweet corn,1.54596904749953
3439,dent corn,1.534822546142588
3440,flint corn,1.6790166274626399
3441,rye,1.6465228664963178
3442,gourd,1.6422935704285688
3443,pumpkin,1.8005709706410182
3444,squash,1.7292826018677825
3445,summer squash,1.7067864316881256
3446,yellow squash,1.5154099167278008
3447,marrow,1.6210171576102814
3448,zucchini,1.5893074915330405
3449,cocozelle,1
3450,cymling,1.6006247571883365
3451,winter squash,1.5913671692922358
3452,acorn squash,1.6727212819686326
3453,hubbard squash,1.6547752803431297
3454,buttercup squash,1.7356027849507725
3455,cushaw,1.7477392768070987
3456,prairie gourd,1.5142974224656249
3457,melon,1.7633937696715489
3458,muskmelon,1.7433874598612911
3459,cucumber,1.7283513504646038
3460,bottle gourd,1.7011217641620222
3461,loofah,1.7280563441091794
3462,angled loofah,1.5672992616325447
3463,balsam apple,1.2391994107932753
3464,balsam pear,1.5671713745886946
3465,kola nut,1.720000277506625
3466,macadamia nut,1.6573806728161591
3467,cranberry,1.4467352517752341
3468,vaccinium macrocarpon,1.3996335749196898
3469,european cranberry,1.5371059612687663
3470,blueberry,1.7595867526220466
3471,european chestnut,1.5537583997322288
3472,chinese chestnut,1.398028006733725
3473,japanese chestnut,1.697839602045921
3474,acorn,1.7026407356387523
3475,mast,1
3476,hazelnut,1.6946052686756303
3477,corylus avellana,1.5311923327650814
3478,beaked hazelnut,1.6000590828376808
3479,olive,1.5284698345272454
3480,walnut,1.6992953098056831
3481,juglans nigra,1.733628261851847
3482,pecan,1.4959674581456306
3483,surinam cherry,1.6052546183955918
3484,rose apple,1.7551818210644199
3485,cattley guava,1.734195066649153
3486,brazilian guava,1.5056718556000226
3487,punica granatum,1.7364893617287462
3488,banana,1.7648313845994947
3489,wild fig,1.718933519035811
3490,mangosteen,1.7509987778700946
3491,kei apple,1.7393471683777888
3492,black mulberry,1.7316688194472865
3493,morus rubra,1.7303195015618267
3494,osage orange,1.5264458599138973
3495,shallot,1.5335238221239818
3496,carob,1.5033760064507686
3497,tamarindus indica,1.3294442898243459
3498,chickpea,1.301556792862429
3499,soybean,1.6665560927137242
3500,lentil,1.4056422846286041
3501,yam bean,1.7208135327492027
3502,field pea,1.5790170578530769
3503,broad bean,1.6208751274505651
3504,cowpea,1.5277929079662098
3505,palm nut,1.5862690582484391
3506,coco plum,1.6101452827060931
3507,hawthorn,1.5688102402028252
3508,loquat,1.6559853501120505
3509,strawberry,1.756675678157257
3510,garden strawberry,1.6565695036412185
3511,wild strawberry,1.5301347555003697
3512,wild apple,1.4629742976753937
3513,crab apple,1.547502015600172
3514,damson plum,1.6967798086900454
3515,plumcot,1.7589213779964279
3516,apricot,1.634108854603523
3517,sweet cherry,1.6537377243376588
3518,hagberry,1
3519,prunus persica,1.664353813381996
3520,nectarine,1.6410214039796061
3521,chokecherry,1.47115816905028
3522,pear,1.7375147462411502
3523,boysenberry,1.7567574984146632
3524,loganberry,1.7501491345076494
3525,wine raspberry,1.698831356595105
3526,red raspberry,1.7109289975174051
3527,wild raspberry,1.5622378817753555
3528,american raspberry,1.0849318649558009
3529,black raspberry,1.5978595880743576
3530,rubus parviflorus,1.6889793457692719
3531,rubus phoenicolasius,1.5181589860009672
3532,barbados cherry,1.6850303107532372
3533,carambola,1.7325456822468139
3534,citrus,1.7473902244199599
3535,bergamot,1.5679031140157043
3536,pomelo,1.7226553353471239
3537,Citrus medica,1.6770166438220868
3538,mandarin orange,1.6847355397318515
3539,tangerine,1.7663267582019764
3540,clementine,1.7185193701207087
3541,satsuma,1.5852195196497518
3542,sweet orange,1.7150451795336239
3543,ugli fruit,1.6592800968469927
3544,rangpur,1.6010240348939333
3545,citrange,1.6053709817494615
3546,kumquat,1.6540380608477019
3547,nagami,1.7044134276789547
3548,trifoliate orange,1.6588717202866727
3549,wild mango,1.5394840487188541
3550,akee,1.6804819224726726
3551,heartseed,1.6809099195016286
3552,longan,1.4560170626888744
3553,litchi,1.6780907558030624
3554,spanish lime,1.6834815726484837
3555,rambutan,1.715405825593352
3556,cashew,1.6967297407250475
3557,mangifera indica,1.7720251104601614
3558,pistachio,1.6579522618708511
3559,japanese persimmon,1.5407436581628344
3560,diospyros virginiana,1.7278633900253113
3561,date plum,1.6888728065737264
3562,star apple,1.6453217942620602
3563,canistel,1.6568594022118592
3564,ribes rubrum,1.6521400728194955
3565,ribes nigrum,1.6689053097844377
3566,white currant,1.5883190668369116
3567,calabash,1.6921819672755898
3568,ipomoea batatas,1.534561129916755
3569,capsicum,1.7001112733059238
3570,lycium barbarum,1.6236231498244726
3571,cherry tomato,1.6968106935895122
3572,plum tomato,1.689585927494119
3573,ground cherry,1.6777832809427387
3574,chinese lantern plant,1.4611616579591931
3575,cape gooseberry,1.5723900127161909
3576,tomatillo,1.6526608368850013
3577,cassava,1.4546176809472744
3578,jumping bean,1.7071025123896744
3579,anise,1.7018007042382475
3580,seed,1.6471333439314804
3581,bean,1.5604732222789073
3582,nut,1.6388146063750606
3583,pod,1.6832946539178073
3584,pea pod,1.6745620242986585
3585,buckthorn berry,1.5936914674250082
3586,cubeb,1.7482109224427997
3587,linseed,1.4651039922587337
3588,cripps pink,1.499588318907513
3589,stuffed artichoke,1.6025867289072113
3590,napa cabbage,1.7086924790590878
3591,chenopodium quinoa,1.5530689956204595
3592,tigerella,1.7028506998495359
3593,hanover tomato,1.6955039918879971
3594,totapuri,1.7196417996702058
3595,zwetschge,1.7154745757470091
3596,mirabelle plum,1.3971342715087616
3597,bramble fruit,1.7704870331175324
3598,goji,1.6757654325598399
3599,honeycrisp,1.5321634730745211
3600,blood orange,1.7475858819181096
3601,russet burbank potato,1.6252712506043159
3602,heirloom tomato,1.768378890177996
3603,yukon gold potato,1.6169595187915633
3604,coeur de boeuf,1.7187605004268987
3605,dorsett golden,1.668818504642025
3606,red granny smith,1.7215547347932165
3607,ataulfo,1.7133083541277632
3608,jonagold,1.7341663069976838
3609,dekopon,1.7262885212367198
3610,canary melon,1.7354139646062476
3611,dried cranberry,1.233998560358514
3612,calabaza,1.7075181645905879
3613,chokeberry,1.5877368800948606
3614,arracacia xanthorrhiza,1
3615,kettle corn,1.5294161559364179
3616,red kuri squash,1.4924614896497068
3617,green bell pepper,1.7307531655548158
3618,conference pear,1.7330799966111476
3619,rojas (manzana),1.6556258311584715
3620,Parsley,1.396719598792546
3621,Garlic moss,1.3898291966795209
3622,Chinese cabbage,1.7085903706550236
3623,Green vegetables,1.5616340295313607
3624,lettuce,1.6652953179255032
3625,Chinese chives,1.2994232115423983
3626,Leek,1.6715630572586977
3627,garlic sprouts,1.3215856834632154
3628,cress,1.4868512890082428
3629,bitter chrysanthemum,1.2442975398746949
3630,Glebionis coronaria,1.2809016777207152
3631,Amaranth,1.3359294144563922
3632,Toona sinensis,1.2335566267350451
3633,Chongcai,1.2353079251333998
3634,Tribute dish,1.3214534415892527
3635,Kale,1.259547478020913
3636,shepherd's purse,1.2651211281288859
3637,Foeniculum vulgare,1.3544692209214266
3638,Spinach,1.1476389419873987
3639,Brassica juncea,1.4115427758499739
3640,Brasenia schreberi,1.0610647547253023
3641,Nostoc,1.3847381862174539
3642,kelp,1.1077827088939187
3643,seaweed,1.4075371598136279
3644,Coriander,1.4671715374882666
3645,Brassica rapa,1.5257717828812556
3646,horseradish,1.4271883561684069
3647,Raphanus,1.5546185085902138
3648,green onions,1.6263825684308535
3649,shallots,1.409600914909769
3650,ginger,1.670006140259827
3651,Jerusalem artichoke,1.6370811490714607
3652,lotus vegetable,1.4222416383604164
3653,Garlic,1.2708488140097713
3654,celery lettuce,1.3291149922782282
3655,Taro,1.6983803670735882
3656,Konjac,1.6587060174961137
3657,Potato,1.7572625921287242
3658,sweet potato,1.7285917890483122
3659,jicama,1.4971097377008131
3660,bamboo shoots,1.5721577172651386
3661,Burdock,1.5785185038425038
3662,Zizania,1.5402733180719883
3663,Chinese onion,1.4467055335436498
3664,Asparagus,1.5092569916804455
3665,Eleocharis dulcis,1.6921647483622329
3666,water chestnut,1.3454573081309604
3667,fernbrake greens,1.3036743581205794
3668,Lettuce,1.3166983179059939
3669,lily,1.6910052959916226
3670,lotus root,1.5052777863240707
3671,Ginger buds,1.6391125575949235
3672,bean sprouts,1.0290800106870452
3673,Chinese kale,1.2826150538916457
3674,chili,1.7116540709961718
3675,Green pepper,1.727989028397767
3676,pepper,1.3674226887557133
3677,wax gourd,1.6911830224837021
3678,Momordica charantia,1.6474145927875801
3679,milk melon,1.5123887069685906
3680,pickled cucumbers,1.6737381489020287
3681,Gourd,1.6003398595274425
3682,snake melon,1.6999729133450412
3683,eggplant,1.6939776169911209
3684,kidney beans,1.4244191613394446
3685,Cowpea,1.3915361018579215
3686,Phaseolus vulgaris,1.2517210779513566
3687,sword bean,1.6376232646769484
3688,Green beans,1.6168797473898868
3689,Edamame,1.6488907448226708
3690,snake bean,1.5257097805525954
3691,corn,1.7232193346626667
3692,kidney bean,1.64937653505566
3693,eyebrow beans,1.357297714151398
3694,snake gourd,1.5120077375266472
3695,tremella,1.6418762239380098
3696,Nostoc commune,1.3955662838410046
3697,Umbilicaria esculenta Miyoshi,1.4316410845804257
3698,oyster mushroom,1.5896417179056934
3699,straw mushroom,1.7175274611306823
3700,tricholomataceae,1.7232418392148297
3701,shiitake mushroom,1.7125112861570071
3702,Dictyophora,1.4612732904123671
3703,Small oyster mushrooms,1.6170570152712089
3704,Enoki mushroom,1.3495245557243662
3705,Purple cabbage,1.4355086301449451
3706,Green chili peppers,1.6878973382624998
3707,green beans,1.5218786541217537
3708,broccoli,1.6753012148342197
3709,potherb mustard,1.2542563032723275
3710,Big Chinese cabbage,1.6182757467222109
3711,Small Chinese cabbage,1.4164516394678506
3712,Small greens,1.0723931454311602
3713,purple kale,1.2680526721060421
3714,Chives flowers,1.451510176220937
3715,Asparagus schoberioides,1.07265212548762
3716,Evergreen Dogwood,1.2881923773552078
3717,oilseed rape greens,1.3520190809527821
3718,Ginseng dish,1.3458770815696381
3719,okra,1.5379488232095384
3720,Fugui dish,1.5477472361968161
3721,leek sprouts,1.3204872424262404
3722,Sweet potato leaves,1.07265212548762
3723,purple cabbage,1.2851708889506894
3724,water spinach,1.2809016777207152
3725,baby Chinese cabbage,1.486157142872556
3726,moss dried leaves,1.1356610965386131
3727,mountain stinging dish,1.1417608672302821
3728,Portulaca oleracea,1.1749263003252084
3729,burr medic,1.0390873401870691
3730,Alfalfa,1.0750849816146821
3731,Fungus leaves,1.1600876547975012
3732,sea cabbage,1.4432615305340499
3733,ladle dish,1.2317951945869585
3734,Arhat dish,1.3187810588673357
3735,Water carrot,1.6036721720929099
3736,Bellflower Shreds,1.2543473869502999
3737,pagoda dish,1.4162414769291585
3738,Houttuynia cordata,1.0557667059296529
3739,Fresh mustard,1.4481338732351039
3740,Enoki dish,1.2718158213933051
3741,Pea sprouts,1.260561152509839
3742,Toona sinensis bud,1.3615121072056573
3743,Radish sprouts,1.286932424719369
3744,Buckwheat malt,1.3171315580643559
3745,Peanut sprouts,1.2463851291659143
3746,Soybean sprouts,1.4256943642478634
3747,Mung bean sprouts,1.2580973489015468
3748,Calabrese broccoli,1.6780329802025502
3749,Nori vine,1.4276373071741091
3750,artichoke,1.6366638102764632
3751,Chaotian pepper,1.6642413934814053
3752,screw pepper,1.525753034460184
3753,golden pumpkin,1.734097949611872
3754,Courgette,1.6158830674261679
3755,Chayote,1.7160932366237907
3756,Four-sided beans,1.4672048476152295
3757,Corn tip,1.5615873718781605
3758,Hericium erinaceus,1.5980749623648036
3759,shaggy mane,1.7233922349843493
3760,Anchovy mushrooms,1.0668108008859984
3761,Tea tree mushroom,1.2906328377310503
3762,Pleurotus eryngii,1.6017467549556712
3763,Xiu Zhen Mushroom,1.3357909047389793
3764,Pork belly mushroom,1.1772361273353864
3765,Wakame,1.2621193494179792
3766,Brussels sprouts,1.5208951477533093
3767,Sprouts kale,1.5496185742543389
3768,broccoli rabe,1.5628835002637473
3769,kale,1.5522868315031504
3770,Purple-backed geranium,1.1824567400112334
3771,Bulb cabbage,1.5923177448011598
3772,Cantonese vegetable core,1.2463851291659143
3773,Heading Brussels Sprouts,1.6671154689665182
3774,Stuffed Mustard Greens,1.3409217273939438
3775,large leaf coriander,1.6391758893316819
3776,coriander leaf,1.4400114225269398
3777,rutabagas,1.5212659042313379
3778,root beets,1.5454814483036632
3779,lantern chili,1.6344528229279742
3780,Green Bean Rice,1.4919747418666103
3781,white radish,1.6395428807734223
3782,garlic,1.7540886945345573
3783,hybrid tea rose,1.7402211770532334
3784,nymphaea odorata,1.7378009952793558
3785,floribunda,1.7248768318696801
3786,julia child rose,1.7694553920901188
3787,evergreen rose,1.7694955746495964
3788,tagetes,1.7802999126586034
3789,hawaiian hibiscus,1.7114411756344654
3790,orange lily,1.7387197618497554
3791,beach moonflower,1.4635349307030527
3792,algerian iris,1.597548818072861
3793,christmas orchid,1.646115917278955
3794,purple passionflower,1.4511222365679914
3795,rose mary woods,1.7366844637484298
3796,cretan crocus,1
3797,echeveria elegans,1.7198410967425157
3798,tulipa humilis,1.7085709954167199
3799,artichoke thistle,1.7046606463295393
3800,yellow canada lily,1.6377268754199237
3801,carolina rose,1.7385562540648465
3802,false bindweeds,1.734575055710859
3803,moonlight cactus,1.2125724197410328
3804,woodland sunflower,1.7291808815956156
3805,chinese peony,1.7043312855002786
3806,lampranthus,1.7269935484176477
3807,rosa virginiana,1.7287844896071336
3808,myosotis scorpioides,1.7015532980237245
3809,alpine forget-me-not,1.7364611887372556
3810,torch lily,1.7339902368959885
3811,ranunculus asiaticus,1.7340346602832324
3812,rosa nitida,1.7343763027170112
3813,euryops pectinatus,1.7620024545718489
3814,hieracium canadense,1.5430466817314743
3815,flowering dogwood,1.6912802714832529
3816,lilium philadelphicum,1.5211668988416687
3817,spotted knapweed,1.7252584958150561
3818,sulfur cosmos,1.711626530040171
3819,blue wood aster,1.649550662588712
3820,pink evening primrose,1.7769835246740029
3821,crimson cattleya,1.6369421425826358
3822,tulipa linifolia,1.7178809027183015
3823,queen's lady's-slipper,1.8261284072862596
3824,lobster-claws,1.6698362155590543
3825,lilac hibiscus,1.7328591484223332
3826,clivia miniata,1.7306364460813353
3827,aquilegia formosa,1.7375877485439242
3828,sprenger's tulip,1.5672992616325447
3829,pink moccasin flower,1.6675084114369716
3830,pinkladies,1.7264716441290737
3831,geranium maculatum,1.7493252203124254
3832,carthamus lanatus,1
3833,canada columbine,1.6926057313092828
3834,rosa moyesii,1.6648767353679763
3835,rosa pimpinellifolia,1.7205308304673295
3836,colorado blue columbine,1.6820116637656357
3837,camellia sasanqua,1.7409589285710605
3838,cosmos caudatus,1.6689713345807511
3839,hard-leaved pocket orchid,1
3840,calendula officinalis,1.7477181878258992
3841,moon orchid,1.7393230540829401
3842,colt's foot,1.6996024473025722
3843,globe-flower,1.7532521911694077
3844,purple coneflower,1.7036920532088118
3845,fire lily,1.7116394787324911
3846,stemless gentian,1.6222861449070818
3847,mexican aster,1.7265748418054856
3848,alpine sea holly,1.64001688536375
3849,great masterwort,1.6383220335109661
3850,barbeton daisy,1.4148656941401545
3851,pink-yellow dahlia,1.6858500321766863
3852,eriocapitella hupehensis,1.6785902053382795
3853,osteospermum,1.6684764563090102
3854,passion flower,1.4097026980236189
3855,desert-rose,1.7470744622667778
3856,mexican petunia,1.6521904742674514
3857,blackberry lily,1.7342966218630596
3858,delphinium parishii,1.7409291730353389
3859,oxalis purpurea,1.7090012792753699
3860,taraxia ovata,1.7153217759862676
3861,aquilegia chrysantha,1.6954832533188147
3862,tradescantia occidentalis,1.6583775071963212
3863,platanthera transversa,1.6887708060490927
3864,hydrangea macrophylla,1.582883097167296
3865,calochortus gunnisonii,1.3381099357745845
3866,verbena stricta,1.4124365684975246
3867,ruellia humilis,1.7228274381412287
3868,panax trifolius,1.6750702099896597
3869,opuntia chlorotica,1.4668731863380668
3870,euphorbia albomarginata,1.7555174338404242
3871,venegasia carpesioides,1.5152261783133618
3872,solanum douglasii,1.6144542762257634
3873,heterotheca grandiflora,1.6883079454358612
3874,cyperus eragrostis,1.5294820156956199
3875,helminthotheca echioides,1.7264103430032676
3876,dendromecon rigida,1.7342805486028081
3877,sixalix atropurpurea,1.707337602468334
3878,viola sempervirens,1.6297992865763815
3879,dactylorhiza sambucina,1.6477675344478069
3880,arctotheca prostrata,1.715464651748962
3881,muilla maritima,1.7386839958965701
3882,micranthes californica,1.715628109084852
3883,lupinus succulentus,1.5050067290272167
3884,diplacus puniceus,1.6696133823647199
3885,ipomoea indica,1.4921674696895242
3886,jaumea carnosa,1.3437671133798355
3887,carpobrotus chilensis,1.5966181266515338
3888,orchis purpurea,1.682413572906891
3889,solanum umbelliferum,1.6375691207639149
3890,viola adunca,1.6700660878470797
3891,ranunculus auricomus,1.7165935218563249
3892,arundina graminifolia,1.6706883890287445
3893,digitalis grandiflora,1.6413803271880032
3894,malva arborea,1.6612419113212415
3895,galanthus nivalis,1.6894346070412345
3896,ranunculus californicus,1.7485711658355843
3897,hepatica americana,1.6144615904478972
3898,potentilla reptans,1.6962373039639764
3899,dianthus carthusianorum,1.4912524128484019
3900,primula clevelandii,1.64647855971143
3901,ipheion uniflorum,1.7057252172719188
3902,leucojum aestivum,1.7285207309267423
3903,phacelia cicutaria,1.6406023040149629
3904,phlox drummondii,1.5053744290267908
3905,gagea lutea,1.6733204290515769
3906,oenothera cespitosa,1.7045126579969148
3907,erythrostemon gilliesii,1.6364325534809181
3908,nemophila heterophylla,1.7476902358974526
3909,layia glandulosa,1.7392423209354475
3910,echinocereus triglochidiatus,1.6977972735856917
3911,iris douglasiana,1.6246781820422349
3912,viola sororia,1.7019099924144931
3913,calochortus umbellatus,1.6164458674297313
3914,dudleya farinosa,1.7166399098988374
3915,calandrinia menziesii,1.6924110479652308
3916,agave utahensis,1.4703246139413151
3917,anemonoides ranunculoides,1.6364816002553706
3918,viola rotundifolia,1.6584445399350867
3919,ipomoea imperati,1.5897339962884636
3920,limonium sinuatum,1.554503417107874
3921,viola lobata,1.5007781112024077
3922,plumbago zeylanica,1.7191361933690612
3923,zeltnera venusta,1.7266972218107153
3924,chaenactis fremontii,1.6913633887039332
3925,xylorhiza tortifolia,1.7347271858348412
3926,sphaeralcea ambigua,1.4064054213889599
3927,mentzelia involucrata,1.6769161223831719
3928,argemone albiflora,1.6447135272260014
3929,oxalis dillenii,1.7072534067637331
3930,lithophragma heterophyllum,1.6894268295698804
3931,viola glabella,1.7296866626887315
3932,viola primulifolia,1.6646969045308135
3933,erigeron glaucus,1.6679549247226224
3934,swamp rose,1.6658905072186583
3935,geraea canescens,1.6926755398684645
3936,argemone munita,1.7230047978790788
3937,scaevola plumieri,1.5176389629149123
3938,froelichia floridana,1.6614876785942307
3939,zephyranthes atamasco,1.6400840666335679
3940,borrichia frutescens,1.7269708637876109
3941,krameria lanceolata,1.6949846272284668
3942,cnidoscolus stimulosus,1.5703497222201068
3943,rhexia mariana,1.6821330457484467
3944,uvularia perfoliata,1.4786199234512907
3945,delphinium nudicaule,1.6828346879930125
3946,rosa gymnocarpa,1.6883052035283812
3947,trifolium willdenovii,1.6874841772679241
3948,lupinus nanus,1.7253790811033458
3949,pseudognaphalium californicum,1.662402079164581
3950,triteleia laxa,1.6479761778674893
3951,eriogonum latifolium,1.7282965330737585
3952,anchusa arvensis,1.6353951523699153
3953,calochortus pulchellus,1.6249612573853458
3954,gilia tricolor,1.640209247899951
3955,ranunculus hispidus,1.7168210055327873
3956,bidens cernua,1.5063894952986105
3957,paeonia californica,1.3517524432889207
3958,salvia columbariae,1.3702989366279392
3959,thalia geniculata,1.7973987913719844
3960,cerastium fontanum,1.6772035326701795
3961,achyrachaena mollis,1.5680133651093273
3962,asclepias fascicularis,1.6003823942946123
3963,uvularia sessilifolia,1.6974165384867668
3964,leptosiphon parviflorus,1.509559697900515
3965,physocarpus capitatus,1.5936111418550123
3966,potentilla simplex,1.6414739519443318
3967,ceanothus herbaceus,1.6241542465764081
3968,youngia japonica,1.6391101545221196
3969,corydalis flavula,1.7327849654780914
3970,wyethia angustifolia,1.715214014720067
3971,camissoniopsis cheiranthifolia,1.7192851910949885
3972,conicosia pugioniformis,1.5960161812160276
3973,hypericum tetrapetalum,1.5696253476836342
3974,mimosa nuttallii,1.6926305684618304
3975,narcissus poeticus,1.7136399339479904
3976,viola labradorica,1.7512187556643961
3977,solanum xanti,1.6744186061527009
3978,clarkia amoena,1.3196709349006306
3979,rosa californica,1.6973360606957151
3980,sairocarpus coulterianus,1.6756789227153415
3981,cistus salviifolius,1.7389449749238204
3982,crocanthemum scoparium,1.4998265256542318
3983,lactuca biennis,1.5518883681060052
3984,sisyrinchium angustifolium,1.6773782917530529
3985,anacamptis coriophora,1.5956855337967542
3986,aegonychon purpurocaeruleum,1.6577971500310622
3987,streptanthus glandulosus,1.7169113990779206
3988,petrorhagia dubia,1.6953110708804187
3989,triteleia ixioides,1.7178476388799382
3990,persicaria lapathifolia,1.5990208055460235
3991,mimosa quadrivalvis,1.5295959397495742
3992,rubus allegheniensis,1.7353927366974875
3993,crinum americanum,1.6068271742209654
3994,grindelia stricta,1.6451526538918451
3995,sisyrinchium bellum,1.5794103270925155
3996,linum bienne,1.7031445208090399
3997,eriophorum vaginatum,1.3082814803845983
3998,calochortus venustus,1.6381710358423454
3999,solanum emulans,1.4635349307030527
4000,epidendrum radicans,1.6229464257328758
4001,calochortus clavatus,1.5339672245660869
4002,prunus emarginata,1.7187110357933051
4003,securigera varia,1.3942359133470716
4004,sisyrinchium montanum,1.6805835059783831
4005,rhododendron columbianum,1.6866965002169685
4006,rhododendron macrophyllum,1.6032761742628072
4007,prosartes smithii,1.6342848619862775
4008,calochortus tolmiei,1.4885198144424374
4009,justicia americana,1.6214738145827789
4010,nama hispida,1.7424707214564128
4011,funastrum cynanchoides,1.687560397747057
4012,houstonia caerulea,1.5067187907648583
4013,ipomoea pandurata,1.5627083614003283
4014,asclepias quadrifolia,1.7457250033530913
4015,clarkia concinna,1.6037552651435665
4016,silphium terebinthinaceum,1.5733526228340398
4017,houstonia longifolia,1.6471863488974652
4018,moraea sisyrinchium,1.5839883230111766
4019,malacothrix saxatilis,1.4019635596245112
4020,desmodium canadense,1.5742754866912119
4021,dactylorhiza maculata,1.4491635529440057
4022,dactylorhiza incarnata,1.5373566510846892
4023,berlandiera lyrata,1.7357978263989795
4024,calochortus weedii,1.5107551086740898
4025,sagittaria latifolia,1.6369420787970852
4026,rosa arkansana,1.619576987240783
4027,hemerocallis fulva,1.5453521101882735
4028,coreopsis palmata,1.7318729391527354
4029,trifolium aureum,1.6333197874624266
4030,calochortus plummerae,1.6326344471754572
4031,fritillaria atropurpurea,1.4917772498632016
4032,heliopsis helianthoides,1.3660246597223065
4033,maurandya antirrhiniflora,1.5992827681118271
4034,psychotria poeppigiana,1.6673659000699361
4035,cochlospermum vitifolium,1.4576850950937554
4036,diodia virginiana,1.606476502177685
4037,pancratium maritimum,1.5936058236563664
4038,spathoglottis plicata,1.6923539763187203
4039,ludwigia peploides,1.696228158663099
4040,phyla lanceolata,1.7346931905493206
4041,impatiens parviflora,1.7373048517597556
4042,cnidoscolus texanus,1.639265143736814
4043,oenothera elata,1.700614122352037
4044,knautia arvensis,1.6004063580013708
4045,mesembryanthemum cordifolium,1.7415658548404021
4046,hippobroma longiflora,1.7109026832373924
4047,platanthera dilatata,1.5014678866257838
4048,lysimachia europaea,1.6368247886304546
4049,platanthera elegans,1
4050,nothoscordum bivalve,1.6308102922662449
4051,ruellia strepens,1.5792827144679162
4052,helianthus maximiliani,1.4039184516007868
4053,heterotheca subaxillaris,1.7318774906903993
4054,rapistrum rugosum,1.7245475482606984
4055,ipomoea lacunosa,1.5924435009743612
4056,wyethia mollis,1.673983445096435
4057,spiraea splendens,1.6150992448699992
4058,rosa woodsii,1.6635083904373666
4059,monardella odoratissima,1.7081490422538264
4060,lilium parvum,1.6920267413446091
4061,aconitum columbianum,1.6427939930937279
4062,potentilla gracilis,1.6458654768499241
4063,paeonia brownii,1.6535394008561157
4064,erythranthe primuloides,1.7460597459607339
4065,erythranthe moschata,1.5924597084002803
4066,polemonium californicum,1.632612882063718
4067,sidalcea oregana,1.6223138277606182
4068,ipomopsis rubra,1.6864862863083816
4069,anemone berlandieri,1.6002837111851176
4070,asystasia gangetica,1.7200616425747939
4071,ruellia simplex,1.6909091772775446
4072,penstemon cobaea,1.5822710140399736
4073,veronica persica,1.7252680690564919
4074,viola bicolor,1.6793330052299691
4075,helenium bigelovii,1.6501582929550587
4076,campanula prenanthoides,1.6674016870359689
4077,penstemon rostriflorus,1.7058336166003178
4078,caladenia carnea,1.6453023036426679
4079,glossodia major,1.6140138888423445
4080,equisetum laevigatum,1.6551659834377659
4081,hydrophyllum capitatum,1.5668175159236279
4082,erythranthe alsinoides,1.7596066764352305
4083,decodon verticillatus,1.5138381925401998
4084,rosa acicularis,1.6961838076255114
4085,cirsium andersonii,1.6728462200207459
4086,geranium caespitosum,1.5174606750415607
4087,amelanchier utahensis,1.7283206998861369
4088,verbena macdougalii,1.7249604514157144
4089,orobanche minor,1.7161079061083746
4090,sabatia stellaris,1.7418168227327555
4091,kosteletzkya pentacarpos,1.7338419683373891
4092,elephantopus tomentosus,1.6816241080346632
4093,ipomoea sagittata,1.4794824802006634
4094,strophostyles umbellata,1.6004282744785696
4095,erigeron compositus,1.7451634292421261
4096,clematis occidentalis,1.6915721088815427
4097,claytonia lanceolata,1.7261024117079828
4098,cirsium muticum,1.7441077136816343
4099,dasiphora fruticosa,1.7469404087378462
4100,lactuca canadensis,1.6530249392259986
4101,viola nuttallii,1.6911991237781572
4102,centaurea stoebe,1.7271716912608972
4103,centaurea jacea,1.7020573969917339
4104,hemizonia congesta,1.7274279327825575
4105,bidens aristosa,1.7182019190081674
4106,croton glandulosus,1.5092478992298382
4107,agalinis tenuifolia,1.7519496253012989
4108,linum lewisii,1.7364136877895326
4109,clematis pitcheri,1.6939161019556381
4110,symphyotrichum chilense,1.7586367840036452
4111,convolvulus equitans,1.5618764310882778
4112,vernonia noveboracensis,1.666561623452087
4113,gaillardia aristata,1.7331943473793086
4114,ribes nevadense,1.7276995298642643
4115,olsynium douglasii,1.6994692142283521
4116,symphyotrichum pilosum,1.7506754326101586
4117,symphyotrichum laeve,1.7130326010144721
4118,rudbeckia triloba,1.6961035540494751
4119,nuphar polysepala,1.650512370650326
4120,symphyotrichum lanceolatum,1.6853601021684266
4121,leptospermum laevigatum,1.7280485801451175
4122,utricularia subulata,1.6300704254671161
4123,saxifraga bronchialis,1.7211515754015161
4124,echeveria gibbiflora,1
4125,hyptis alata,1.7262870952587157
4126,calochortus leichtlinii,1.6126869413561473
4127,spiranthes magnicamporum,1.6104261487004943
4128,mentzelia hispida,1.2935468317097181
4129,tigridia pavonia,1.6908804713696823
4130,epilobium canum,1.7388471524240656
4131,doellingeria umbellata,1.7103130007759235
4132,emilia sonchifolia,1.7284900583461993
4133,malacothrix glabrata,1.6994826791119164
4134,acaena novae-zelandiae,1.723683182729753
4135,fremontodendron californicum,1
4136,pontederia crassipes,1.6931637138908064
4137,bauera rubioides,1.6944204798669988
4138,cylindropuntia echinocarpa,1.4941375258061884
4139,vigna luteola,1.7444512116257651
4140,lilium washingtonianum,1.6572987072847973
4141,ipomoea hederacea,1.6737039512767704
4142,opuntia humifusa,1
4143,hibiscus laevis,1.6976329723981207
4144,lagurus ovatus,1.645353182587626
4145,polygala nana,1.7224913411814109
4146,symphyotrichum divaricatum,1.6876964338388452
4147,datura wrightii,1.7189841276895454
4148,corethrogyne filaginifolia,1.3592859915472109
4149,ageratina havanensis,1.5609407175236965
4150,rhododendron maximum,1.5824455716673422
4151,iris domestica,1.7417154373193524
4152,silphium perfoliatum,1.7045802821951039
4153,lysimachia thyrsiflora,1.4952329995643971
4154,cirsium horridulum,1.6115721733980011
4155,calotropis gigantea,1.6917211617269703
4156,echinocereus reichenbachii,1.7027554641788245
4157,astragalus canadensis,1.7180052838038891
4158,nuphar variegata,1.4852336132445902
4159,murraya paniculata,1.7066326187092977
4160,duranta erecta,1.6670932497785604
4161,nymphoides indica,1.6933031521101487
4162,cosmos bipinnatus,1.7409325265295865
4163,tagetes lunulata,1.715399604000313
4164,emilia fosbergii,1.6353562146315015
4165,ludwigia peruviana,1.673064334946095
4166,sphagneticola trilobata,1.7539084571208869
4167,gentiana linearis,1.6310880668910528
4168,trillium cernuum,1.6317358513944957
4169,maianthemum trifolium,1.7220462423479845
4170,pedicularis densiflora,1.6399561085708989
4171,helianthus divaricatus,1.7273849670125965
4172,hepatica acutiloba,1.6980550638618297
4173,houstonia procumbens,1.7342642424526546
4174,silene flos-cuculi,1.3954490139482727
4175,ruellia caroliniensis,1.7276994454808881
4176,hypericum mutilum,1.7220726664238937
4177,polypremum procumbens,1.681582429470708
4178,galeopsis bifida,1.6497505753434869
4179,encelia californica,1.4344812318350155
4180,calochortus monophyllus,1.5580009939485775
4181,calendula arvensis,1.7585281823736083
4182,narcissus tazetta,1.6525465593480368
4183,monardella villosa,1.7486164954717711
4184,castilleja affinis,1.5132609249848907
4185,muscari botryoides,1.6994156487157948
4186,ludwigia octovalvis,1.731647915000583
4187,euphorbia misera,1.512457834782893
4188,cylindropuntia ganderi,1.6902235384445294
4189,phacelia purshii,1.7097579884094696
4190,primula pauciflora,1.6579083767640572
4191,echinacea angustifolia,1.7663436782328423
4192,impatiens walleriana,1.7285050443761196
4193,geranium purpureum,1.7265729762752384
4194,spiraea alba,1.3916772127852644
4195,romulea rosea,1.6950807707226976
4196,platanthera psycodes,1.7209111271274746
4197,trifolium subterraneum,1.7463450615978342
4198,erythronium umbilicatum,1.7483901491042937
4199,dichelostemma capitatum,1.6918434468719372
4200,primula hendersonii,1.7566396142191372
4201,chaetopappa ericoides,1.7418100329682267
4202,leptosiphon bicolor,1.6830317106981778
4203,chrysogonum virginianum,1.7503503502027624
4204,eschscholzia caespitosa,1.7602593162137727
4205,cardamine californica,1.7415195970705721
4206,diplacus aurantiacus,1.7321045460627551
4207,aloe arborescens,1.6637102890768252
4208,pholistoma membranaceum,1.7574968000537945
4209,viola pedunculata,1.7421160831752225
4210,erodium botrys,1.7311761585920666
4211,nama demissa,1.7572763912474081
4212,eschscholzia parishii,1.7445282071663009
4213,eschscholzia minutiflora,1.659587574660891
4214,salvia roemeriana,1.7210435181486072
4215,rosa rubiginosa,1.5043953144275943
4216,monoptilon bellioides,1.7442145169474776
4217,hymenocallis littoralis,1.632317348381876
4218,trifolium hybridum,1.7440367100528635
4219,glandularia bipinnatifida,1.7308264549858015
4220,chylismia brevipes,1.6399705932168116
4221,diplacus bigelovii,1.6813301790259767
4222,brandegea bigelovii,1.5530500232418296
4223,hibiscus denudatus,1.4861999319381707
4224,trifolium depauperatum,1.6844869830800073
4225,oenothera deltoides,1.7347905224238895
4226,chaenactis stevioides,1.6674747322198791
4227,physalis crassifolia,1.6618409933165554
4228,cardamine concatenata,1.6162184028753983
4229,orchis anthropophora,1.5231686273419904
4230,oenothera triloba,1.4945277223242295
4231,gazania linearis,1.6873924221857868
4232,amsinckia menziesii,1.3805037347164026
4233,packera tampicana,1.6856396635626985
4234,hosackia gracilis,1.6949365156722971
4235,geranium lucidum,1.7221840387144423
4236,acmispon strigosus,1.7023594822735291
4237,castilleja exserta,1.4368076076497243
4238,penstemon spectabilis,1.6670037890224321
4239,lasthenia gracilis,1.6560820856850396
4240,perityle emoryi,1.7255275713746783
4241,trixis californica,1.7575326969460781
4242,calystegia macrostegia,1.7269886269712433
4243,fritillaria pudica,1.7057023741509765
4244,eriophyllum confertiflorum,1.5915930248837384
4245,lysimachia latifolia,1.6854168129509541
4246,limnanthes douglasii,1.720952168084068
4247,eucrypta chrysanthemifolia,1.6896740503454768
4248,trillium nivale,1.6973634581435602
4249,veronica polita,1.7259413703713942
4250,phlox hoodii,1.6892701200623526
4251,oenothera drummondii,1.6606625364694638
4252,viola hastata,1.539655616993258
4253,escobaria vivipara,1.679695595075466
4254,calopogon tuberosus,1.6435788525836976
4255,solidago uliginosa,1.4442707335279057
4256,argentina anserina,1.6823721454811782
4257,linum pratense,1.598116017185033
4258,hyacinthoides non-scripta,1.2266293604397867
4259,caulophyllum giganteum,1.5124391096794616
4260,maianthemum racemosum,1.6026307503874218
4261,peritoma serrulata,1.5540288537976843
4262,ficaria verna,1.6087229978014745
4263,echinocereus enneacanthus,1.6911720050200565
4264,phlox roemeriana,1.6214978219237852
4265,viola sagittata,1.6894943589596156
4266,engelmannia peristenia,1.6747170297797749
4267,matelea reticulata,1.632531227844132
4268,bellardia trixago,1.6388353910897067
4269,geranium dissectum,1.6172126424042399
4270,verbascum virgatum,1.4422695159455077
4271,erythranthe guttata,1.6775351345819396
4272,nemophila parviflora,1.7648598626270982
4273,frasera caroliniensis,1.6448227932906101
4274,scilla siberica,1.6137022539876966
4275,alophia drummondii,1.3823017049342341
4276,thalictrum thalictroides,1.7242565177669968
4277,nemastylis geminiflora,1.4215951942812115
4278,cardamine flexuosa,1.553187937944658
4279,calystegia soldanella,1.7279620929449016
4280,oenothera berlandieri,1.6519313916868454
4281,phlox divaricata,1.5699616109379344
4282,linum rigidum,1.7101807020279116
4283,oxalis incarnata,1.7018897126430539
4284,ribes lacustre,1.6963158961113853
4285,oenothera laciniata,1.6662480743415302
4286,senecio integerrimus,1.6952535857813678
4287,rhododendron calendulaceum,1.472872533353768
4288,jeffersonia diphylla,1.6690242439700946
4289,potentilla indica,1.6387894966525653
4290,rhodotypos scandens,1.6588202297305163
4291,streptopus lanceolatus,1.4533103054898444
4292,echinocereus coccineus,1.7055559238077505
4293,lupinus polyphyllus,1.6661890365582395
4294,tetraneuris scaposa,1.7369822345816899
4295,aphyllon purpureum,1.5697873367016277
4296,trifolium arvense,1.2546690352438385
4297,pulsatilla nuttalliana,1.6319315681038387
4298,rosa nutkana,1.7225719851850978
4299,opuntia basilaris,1.7229213535062313
4300,tinantia anomala,1.3684065361133877
4301,phytolacca icosandra,1.573146498154361
4302,phlox longifolia,1.7028835363349857
4303,phacelia bipinnatifida,1.5270563381643227
4304,thymophylla pentachaeta,1.7123577521349942
4305,caltha leptosepala,1.6436615085419879
4306,pinaropappus roseus,1.3734249013404887
4307,veronica filiformis,1.639841119867941
4308,rhododendron groenlandicum,1.6147332843340894
4309,spiranthes vernalis,1.5949133696351705
4310,cirsium texanum,1.6506671959106809
4311,asphodelus fistulosus,1.6856016988354203
4312,herbertia lahue,1.5158275030679409
4313,evolvulus sericeus,1.6172851819120511
4314,silene laciniata,1.7031709171088767
4315,lygodesmia texana,1.6470605134267282
4316,pyrrhopappus pauciflorus,1.6287179308624109
4317,indigofera miniata,1.5695391186827932
4318,gaillardia aestivalis,1.557265095439416
4319,calyptocarpus vialis,1.5747883935081382
4320,plectocephalus americanus,1.6539981146489582
4321,taraxacum erythrospermum,1.5766352442605389
4322,coreopsis basalis,1.492601171241654
4323,bistorta bistortoides,1.6033242149219411
4324,krigia biflora,1.73032824793657
4325,triodanis perfoliata,1.7113109473408756
4326,epilobium ciliatum,1.5593922418278385
4327,acmispon americanus,1.6400430943108546
4328,convolvulus althaeoides,1.7140442289267381
4329,serapias lingua,1.4256412096947308
4330,diplacus longiflorus,1.6087139560008024
4331,oxalis montana,1.5428569278414885
4332,commelina erecta,1.6949481988173809
4333,salvia microphylla,1.4997610710802867
4334,microsteris gracilis,1.7248082864395684
4335,cerastium glomeratum,1.7205155725712684
4336,hydrophyllum appendiculatum,1.6537816829692789
4337,vicia caroliniana,1.5834997394677566
4338,neptunia pubescens,1.4228365532718392
4339,symphyotrichum drummondii,1.6594041879174375
4340,calochortus argillosus,1.4315792159782639
4341,lonicera ciliosa,1.630081262975428
4342,tagetes lucida,1.6406350943107695
4343,malvaviscus arboreus,1.7155352092340324
4344,pilosella caespitosa,1.6930972636099497
4345,helenium amarum,1.5473688554020404
4346,oenothera rosea,1.7296529937279383
4347,balsamorhiza sagittata,1.6189714198463059
4348,geranium sanguineum,1.7217513939995022
4349,leucocrinum montanum,1.4088114799758404
4350,toxicoscordion venenosum,1.3250616066646299
4351,castilleja applegatei,1.6656692818651746
4352,rudbeckia amplexicaulis,1.6420742199509006
4353,echinacea pallida,1.7020804161557703
4354,silene stellata,1.6349213962977842
4355,eustoma exaltatum,1.7275833703821681
4356,solanum laciniatum,1.4628303306253652
4357,tradescantia ohiensis,1.6118197035770261
4358,portulaca pilosa,1.7414122273055614
4359,camissoniopsis bistorta,1.625044060701476
4360,sida abutifolia,1.7287917488512303
4361,leucospermum conocarpodendron,1.583888542431835
4362,bituminaria bituminosa,1.7033054549170101
4363,phaenocoma prolifera,1.7431713066662591
4364,rhododendron canadense,1.5890395982661638
4365,neolloydia conoidea,1.4665689170607417
4366,valeriana sitchensis,1.587279368876326
4367,aquilegia flavescens,1.6795455510398787
4368,viola pedatifida,1.6014098831125776
4369,parnassia glauca,1.6854868342489828
4370,dahlia coccinea,1.7210842744200545
4371,asclepias asperula,1.3490180446492541
4372,gilia capitata,1.6159299524994077
4373,myosotis arvensis,1.2789515644538221
4374,cirsium undulatum,1.56603681407541
4375,spigelia marilandica,1.6601270784641735
4376,viola riviniana,1.666027326693754
4377,asclepias variegata,1.5645436094321958
4378,erigeron foliosus,1.653068520564156
4379,coreopsis lanceolata,1.7105229644111737
4380,vincetoxicum nigrum,1.506783842617434
4381,lysimachia borealis,1.3928025884770541
4382,quincula lobata,1.6956734074390032
4383,kalmia microphylla,1.6548095240462457
4384,comarum palustre,1.7241231973104292
4385,pogonia ophioglossoides,1.602720243412612
4386,silene antirrhina,1.6558164522633541
4387,potentilla norvegica,1.6656639072255808
4388,calochortus catalinae,1.7240743500134998
4389,clarkia rhomboidea,1.5238124023577888
4390,eriastrum eremicum,1.6715654685067425
4391,neptunia lutea,1.5080986848098366
4392,hydrangea quercifolia,1.7215307000950681
4393,pedicularis groenlandica,1.6930098250266254
4394,potentilla recta,1.692228826586532
4395,calochortus splendens,1.6754955963020179
4396,geranium erianthum,1.686880644044044
4397,peniocereus greggii,1.5942392830623193
4398,rhexia alifanus,1.7015092120500803
4399,coryphantha macromeris,1.6310312250530792
4400,leptosiphon nuttallii,1.7234329936107067
4401,asclepias lanceolata,1.7346116394791093
4402,oenothera glaucifolia,1.6841355478125446
4403,coreopsis major,1.615571625627598
4404,ratibida pinnata,1.5942440856983842
4405,calochortus invenustus,1.3044469255964992
4406,hypericum kalmianum,1.7121004609386066
4407,silene regia,1.6360552295096127
4408,baileya multiradiata,1.7367153430625148
4409,senna covesii,1.699534474740181
4410,helianthus grosseserratus,1.6555367713330134
4411,lysimachia quadriflora,1.6808577523893646
4412,antennaria rosea,1.6371870535425408
4413,linanthus pungens,1.7428402751557162
4414,liatris spicata,1.6976070016860179
4415,mimulus ringens,1.6645874174536779
4416,stellaria graminea,1.7388960082734928
4417,utricularia macrorhiza,1.63851437237858
4418,phyteuma orbiculare,1.690563352173422
4419,chimaphila menziesii,1.572499814014044
4420,clematis drummondii,1.3842250097475994
4421,cicuta bulbifera,1.6451819413529134
4422,pediomelum argophyllum,1.52369117956286
4423,centaurea calcitrapa,1.6296991761587949
4424,dalea purpurea,1.6604425257792257
4425,urena lobata,1.7328396236158778
4426,cyperus echinatus,1.5556570402058263
4427,sparganium erectum,1.6577247708920888
4428,lycoris radiata,1.4200154457848924
4429,carex magellanica,1.5671159034044255
4430,sibbaldiopsis tridentata,1.7093489154867947
4431,vancouveria hexandra,1.6984365370912644
4432,symphoricarpos rotundifolius,1.6961078564822447
4433,helenium flexuosum,1.7562191644030274
4434,wahlenbergia marginata,1.7215345856302857
4435,potentilla argentea,1.5368595236715294
4436,lysimachia maritima,1.6042788408673667
4437,campanulastrum americanum,1.6382290370118984
4438,persicaria amphibia,1.6499541273944796
4439,samolus repens,1.7272433743773838
4440,cirsium altissimum,1.6995446449755189
4441,etlingera elatior,1.6501240750212984
4442,carduus acanthoides,1.6659419783273903
4443,epilobium brachycarpum,1.599699012023525
4444,eulobus californicus,1.4874947712237532
4445,phleum alpinum,1.6751794731756893
4446,commelina communis,1.6960397473092752
4447,centaurium erythraea,1.673199573195189
4448,persicaria maculosa,1.7218259574285424
4449,rubus dalibarda,1.7565028304163182
4450,lupinus arcticus,1.3638578039326847
4451,clarkia purpurea,1.6435404667847808
4452,ruellia nudiflora,1.7431845838714368
4453,anoda cristata,1.515149063400415
4454,milla biflora,1.5256866206679742
4455,zinnia peruviana,1.7269543583863349
4456,bartsia alpina,1.6372309204101443
4457,dicliptera brachiata,1.6692608744743294
4458,mollugo verticillata,1.6132689112006486
4459,scutellaria galericulata,1.6986293029640283
4460,centaurium pulchellum,1.6970316326069668
4461,veronica wormskjoldii,1.7444557139252095
4462,trillium undulatum,1.6195265820110527
4463,mimulus alatus,1.6458286775660365
4464,sabatia angularis,1.7326383566366905
4465,spiraea tomentosa,1.6284005019555783
4466,erythranthe lewisii,1.6885831265624698
4467,elephantopus carolinianus,1.3799283285072157
4468,calliandra eriophylla,1.5534383915679442
4469,elliottia pyroliflora,1.8087791251022223
4470,zephyranthes chlorosolen,1.616533422544181
4471,lactuca floridana,1.666510078861227
4472,viguiera dentata,1.6976152738763521
4473,phyla nodiflora,1.6121460781263939
4474,asclepias viridiflora,1.5577598136023456
4475,agalinis purpurea,1.7136855115691523
4476,arctotheca calendula,1.7470093613558579
4477,leontopodium nivale,1.6220647385988425
4478,nicandra physalodes,1.5764189343892796
4479,senecio flaccidus,1.5474565061116556
4480,eryngium leavenworthii,1.6707297476916281
4481,butomus umbellatus,1.6958695748125048
4482,symphyotrichum sericeum,1.6370538154409768
4483,solidago ptarmicoides,1.669369457328524
4484,hedychium coronarium,1.6289825811187875
4485,gentiana cruciata,1.5654408743107759
4486,ferocactus histrix,1.5755967712033396
4487,pityopsis falcata,1.7069520105172744
4488,helianthus mollis,1.6646398996436313
4489,hydrolea ovata,1.6357325054271745
4490,liatris aspera,1.5500479259314748
4491,vitex agnus-castus,1.1125132966336171
4492,silphium integrifolium,1.729510301609086
4493,vachellia farnesiana,1.7007196035069816
4494,cornus unalaschkensis,1.6983170731054704
4495,symphyotrichum novae-angliae,1.6111137818709746
4496,malva assurgentiflora,1.4327072260686835
4497,oxalis drummondii,1.6451778999210471
4498,agoseris aurantiaca,1.53276901402982
4499,symphyotrichum puniceum,1.6811064725178901
4500,verbena officinalis,1.5233300249627231
4501,mimosa strigillosa,1.6911572424160117
4502,scorzoneroides autumnalis,1.5541634456728062
4503,habranthus tubispathus,1.6542399664937895
4504,helianthus debilis,1.7543423368580411
4505,opuntia fragilis,1.7263998056551824
4506,datura inoxia,1.652295394765197
4507,cordia boissieri,1.7097897167574061
4508,ipomoea triloba,1.6815905767253121
4509,pavonia lasiopetala,1.7297394566979643
4510,oxalis latifolia,1.7428143824803006
4511,tridax procumbens,1.7278608661586934
4512,malvastrum coromandelianum,1.6760879697094648
4513,liatris cylindracea,1.7146906399891053
4514,cylindropuntia thurberi,1.6260440227228234
4515,neotinea ustulata,1.679242156027196
4516,anemonastrum canadense,1.2215401784172406
4517,melochia pyramidata,1.6475490757459412
4518,palafoxia callosa,1.6308907868011695
4519,tradescantia pallida,1
4520,echinops ritro,1.6921596877863261
4521,herissantia crispa,1.5068751138812955
4522,tecoma stans,1.7163940419207824
4523,echinocereus pentalophus,1.690559093590124
4524,ipomoea cordatotriloba,1.7203999045683527
4525,verbena halei,1.6232942704954083
4526,wedelia hispida,1.6069775206787609
4527,nymphaea nouchali,1.7255502992170393
4528,zinnia elegans,1.7256152512472882
4529,ammannia coccinea,1.5225609047471123
4530,scadoxus puniceus,1.6520787888392638
4531,mecardonia procumbens,1.6875973269881088
4532,packera glabella,1.7361825212498032
4533,kerria japonica,1.0822206086040866
4534,commelina diffusa,1.679108730264562
4535,argemone polyanthemos,1.7107371260556175
4536,geum rossii,1.746092549694698
4537,allium stellatum,1.7024405116608055
4538,iris lacustris,1.708032071423383
4539,hyobanche sanguinea,1.6038254133418177
4540,agrimonia gryposepala,1.5853579693660511
4541,echinops sphaerocephalus,1.698346299600451
4542,oxalis articulata,1.7156374274333563
4543,pelargonium capitatum,1.6949530673799718
4544,anemone hortensis,1.6944258981655453
4545,asphodelus ramosus,1.5315181915990013
4546,leptospermum scoparium,1.6387250434266254
4547,crinum asiaticum,1.5692822367525887
4548,cistus monspeliensis,1.7208298187323741
4549,ophrys tenthredinifera,1.6378366700686835
4550,cascabela thevetia,1.6380700248742759
4551,lopezia racemosa,1.6635777663129239
4552,helianthus occidentalis,1.6636250875621279
4553,utricularia intermedia,1.5388426073116299
4554,gentiana algida,1.6140326395137634
4555,allowissadula holosericea,1.3711810468257697
4556,eremalche rotundifolia,1.653657779049738
4557,anacamptis morio,1.5879833223337692
4558,goodenia ovata,1.6552552522409343
4559,dichrostachys cinerea,1.6660731212856934
4560,nephrophyllidium crista-galli,1.6913971160103154
4561,aconitum delphiniifolium,1.4989859444143856
4562,polemonium acutiflorum,1.7043020568924918
4563,funastrum heterophyllum,1.6919537130853408
4564,justicia pilosella,1.6106937445598359
4565,viola lanceolata,1.6554740848317291
4566,fuchsia boliviana,1.6947763103894311
4567,blackstonia perfoliata,1.6809187173308238
4568,sanguisorba canadensis,1.6521383813008244
4569,senecio pseudoarnica,1.5999893271000274
4570,protea caffra,1.6146131948707143
4571,nabalus trifoliolatus,1
4572,passiflora vitifolia,1.4075248593233103
4573,bebbia juncea,1.4312208480481563
4574,hypochaeris glabra,1.7247785570974117
4575,himantoglossum robertianum,1.5826073088639543
4576,disphyma australe,1.2938368718609758
4577,evolvulus alsinoides,1.7302649248273552
4578,cephalanthus occidentalis,1.6936976556548018
4579,gaillardia pinnatifida,1.6914192146375173
4580,agapanthus praecox,1.5634223277457699
4581,gentiana sedifolia,1.5746372407054983
4582,scilla bifolia,1.6470094215725939
4583,thelesperma megapotamicum,1.5966005647852466
4584,abutilon fruticosum,1.7303994542690404
4585,anacamptis papilionacea,1.5992879777870277
4586,fumaria capreolata,1.4934848081261061
4587,chaenactis carphoclinia,1.6928560916492721
4588,rafinesquia neomexicana,1.74088920565534
4589,atrichoseris platyphylla,1.6820210031663794
4590,rhexia virginica,1.6858513082809141
4591,ranunculus fascicularis,1.6542452677470474
4592,nuttallanthus canadensis,1.6757640665550397
4593,nemophila phacelioides,1.738780005770372
4594,ophrys lutea,1.6594266874254244
4595,rhododendron lapponicum,1.7187361313077192
4596,thunbergia grandiflora,1.6790906446238278
4597,senecio inaequidens,1.7274461453324221
4598,viola macloskeyi,1.677741835770334
4599,anaphalioides bellidioides,1.7505028351568677
4600,cleome rutidosperma,1.6824125741286813
4601,muscari armeniacum,1.5712275093007335
4602,rhodiola integrifolia,1.7264738434917146
4603,polygala rugelii,1.7354681607267299
4604,leopoldia comosa,1.6087180407732209
4605,impatiens noli-tangere,1.6625121950796959
4606,oxalis debilis,1.6617959832410318
4607,acmella repens,1.6809964433256297
4608,sagittaria lancifolia,1.489145929207901
4609,ferocactus emoryi,1.5703454680145597
4610,stellaria pubera,1.7612169963245676
4611,erythronium oregonum,1.669459162915969
4612,trillium flexipes,1.5857589741566227
4613,emmenanthe penduliflora,1.5117822928824973
4614,hedypnois rhagadioloides,1.751713131262663
4615,senna armata,1.619612778522237
4616,polygonatum multiflorum,1.5154691222692835
4617,langloisia setosissima,1.6277139733112218
4618,antigonon leptopus,1.1748887840458329
4619,ipomoea carnea,1.7011363816594574
4620,impatiens balfourii,1.6870503340010394
4621,limodorum abortivum,1.5341422093066237
4622,anacamptis pyramidalis,1.6931043196910713
4623,cardamine amara,1.5778127153535482
4624,cypripedium candidum,1.6685114061682313
4625,trifolium resupinatum,1.769690969138858
4626,geranium sylvaticum,1.6669981874112816
4627,pediocactus simpsonii,1.5633962760948814
4628,helianthemum nummularium,1.7503263685808039
4629,salvia texana,1.6387477821798457
4630,urospermum dalechampii,1.679787748477422
4631,brodiaea terrestris,1.6757335360636678
4632,centaurea montana,1.7295651968637578
4633,pallenis spinosa,1.7190271777378356
4634,verbena bonariensis,1.2461065430775125
4635,gentiana verna,1.6918716886276486
4636,phacelia parryi,1.6657425690184557
4637,loeseliastrum matthewsii,1.721062123699614
4638,marshallia caespitosa,1.6693024063617581
4639,dyschoriste linearis,1.4693340602987588
4640,zephyranthes drummondii,1.6421514783489626
4641,thelesperma filifolium,1.520600406400693
4642,phacelia grandiflora,1.6623405477278108
4643,beach rose,1.6209293210424298
4644,iris sibirica,1.5376332557330454
4645,dactylorhiza majalis,1.5778617012306162
4646,primula farinosa,1.6469836838331466
4647,orchis militaris,1.6562419750066639
4648,sabatia campestris,1.7039809048796832
4649,rosa bracteata,1.5936859699148194
4650,heliotropium indicum,1.7143002740814821
4651,montia parvifolia,1.6414153937923888
4652,trollius europaeus,1.6951145219139772
4653,cirsium neomexicanum,1.6092487220423612
4654,epilobium montanum,1.5047807125347257
4655,madia gracilis,1.422710429731687
4656,oxalis stricta,1.5735976821113935
4657,neotinea tridentata,1.5299792489058079
4658,ixora coccinea,1.4495106387865897
4659,trifolium fragiferum,1.7031426685521935
4660,oenothera speciosa,1.7160957302323894
4661,campanula barbata,1.6812846642225583
4662,pseudocymopterus montanus,1.6407232306889488
4663,dalea candida,1.6136583451462858
4664,papaver cambricum,1.7563041164168198
4665,trifolium montanum,1.6913287702604523
4666,melampyrum arvense,1.6615669354352702
4667,silphium albiflorum,1.5578588704998866
4668,robinia neomexicana,1.6625731024991692
4669,campanula lasiocarpa,1.4107671272624447
4670,geum aleppicum,1.649752114430401
4671,jasione montana,1.7023522945558178
4672,impatiens glandulifera,1.3553233843975112
4673,lilium bulbiferum,1.7329958535919849
4674,gymnadenia rhellicani,1.6150027959654323
4675,sida ciliaris,1.6773779992817683
4676,aster alpinus,1.765878849164245
4677,hepatica nobilis,1.6352428768252323
4678,campanula patula,1.7419640636535174
4679,lantana camara,1.6911121119719374
4680,sonchus arvensis,1.7153294816813491
4681,clitoria ternatea,1.6545519163160964
4682,epipactis atrorubens,1.6759946768452403
4683,papaver dubium,1.7404856560937911
4684,pinguicula vulgaris,1.66015128318
4685,echinacea purpurea,1.6261394175377601
4686,macroptilium gibbosifolium,1.6851728039236942
4687,kallstroemia grandiflora,1.7469618928350648
4688,lactuca tatarica,1.564371692610842
4689,pachystachys lutea,1.6819763391257017
4690,scabiosa columbaria,1.627273837095738
4691,succisa pratensis,1.6689568543508693
4692,celmisia spectabilis,1.6759439056069532
4693,acaena anserinifolia,1.5493482564277974
4694,symphyotrichum ciliolatum,1
4695,arnoglossum plantagineum,1.6145666440700781
4696,euphrasia nemorosa,1.5985587899156888
4697,psorothamnus schottii,1.5739461934659547
4698,phyteuma spicatum,1.5090120235928217
4699,erigeron acris,1.7247359942608727
4700,leucospora multifida,1.5692822367525887
4701,melampyrum nemorosum,1.0248954112136535
4702,gentianopsis ciliata,1.5026508547399975
4703,bistorta officinalis,1.6948381056959148
4704,lilium formosanum,1.6779670979870216
4705,bidens pilosa,1.7550334025344116
4706,melochia tomentosa,1.6652180556511917
4707,metrosideros fulgens,1.6748220490229189
4708,crepis capillaris,1.7104613513330857
4709,entelea arborescens,1.6721695538307726
4710,osteospermum moniliferum,1.6707915317065805
4711,thelymitra longifolia,1.563616206621147
4712,wahlenbergia albomarginata,1.5430247572940052
4713,selliera radicans,1.6118338265941792
4714,lobelia anceps,1.7293922117091496
4715,passiflora tripartita,1.5711866723982078
4716,dendrobium cunninghamii,1.2626940586591164
4717,clematis alpina,1.7016659896170541
4718,geniostoma ligustrifolium,1.6658294131732081
4719,dimorphotheca fruticosa,1.3784072118221513
4720,gaultheria depressa,1.6686611510306208
4721,cistus creticus,1.6409720102399594
4722,ipomoea cairica,1.7054643098579858
4723,opuntia stricta,1.5923113320276123
4724,rhabdothamnus solandri,1.5075922442181626
4725,sisyrinchium rosulatum,1.6667599088291218
4726,symphyotrichum novi-belgii,1.6377250804507053
4727,pyrorchis nigricans,1.6281883121591345
4728,hesperocallis undulata,1.6107580801494379
4729,tithonia diversifolia,1.7039351361085622
4730,burchardia umbellata,1.6836558353681901
4731,oxalis obtusa,1.7406013633941229
4732,protea laurifolia,1.163964117594821
4733,stephanomeria pauciflora,1.5563632688675821
4734,rhododendron tomentosum,1.677126679651505
4735,callirhoe pedata,1.553966963072956
4736,leucospermum cuneiforme,1.71142651212265
4737,chironia baccifera,1.3962505423012905
4738,anemone coronaria,1.720910114972201
4739,iris tenax,1.6486163502838074
4740,ruellia blechum,1.7073189409123262
4741,bahiopsis laciniata,1.7114252606441875
4742,richardia grandiflora,1.6843997946522964
4743,pulsatilla alpina,1.6975389251972384
4744,sairocarpus nuttallianus,1.6924880118916437
4745,bahiopsis parishii,1.7555725730024667
4746,chuquiraga jussieui,1.6462825452171568
4747,leucojum vernum,1.6520788414282159
4748,melanthera nivea,1.4388664430260352
4749,cirsium acaule,1.6753873428673243
4750,soldanella alpina,1.6715281660959742
4751,crocus vernus,1.708278814636893
4752,encelia actoni,1.6967749052592342
4753,tetraneuris linearifolia,1.5687763586853918
4754,viola hirta,1.7135114469699735
4755,senecio vernalis,1.6498121739301075
4756,salvia verticillata,1.4900741846162264
4757,krigia virginica,1.6950052333507601
4758,triodanis biflora,1.4802432266751939
4759,geranium phaeum,1.4105776200822797
4760,pentaglottis sempervirens,1.540850996152163
4761,betonica officinalis,1.5484088417687292
4762,consolida regalis,1.6680145975807534
4763,pinguicula alpina,1.6301645344430455
4764,turnera ulmifolia,1.7563467982470429
4765,ipomoea obscura,1.5900063139829412
4766,geranium pyrenaicum,1.734786333721922
4767,dianthus superbus,1.520533836643182
4768,potentilla canadensis,1.6640814922669067
4769,fritillaria camschatcensis,1.6766836046983096
4770,pulmonaria obscura,1.6709663013735425
4771,gagea minima,1.6501412141880021
4772,ophrys fusca,1.6349083251077414
4773,geranium pusillum,1.681353518566759
4774,sanguisorba officinalis,1.7238421348887849
4775,brunia noduliflora,1.7561190248423806
4776,moraea gawleri,1.4211022544719403
4777,protea neriifolia,1.6332328739026361
4778,campanula latifolia,1.6284204142689269
4779,oenothera rubricaulis,1
4780,rosa majalis,1.7110104359002625
4781,scabiosa ochroleuca,1.7241286184787104
4782,trifolium medium,1.761888728492262
4783,anemone multifida,1.7180759902154568
4784,geranium palustre,1.7515268487044247
4785,cirsium heterophyllum,1.7513205297265104
4786,cota tinctoria,1.7308893939059851
4787,veronica spicata,1.6469732607409435
4788,potentilla erecta,1.7294695732771972
4789,hieracium umbellatum,1.7112725746529405
4790,inula salicina,1.6116772937665251
4791,picris hieracioides,1.7270357693888829
4792,diuris pardina,1.6595653923754541
4793,centaurea phrygia,1.6080536295386636
4794,ipomopsis longiflora,1.6041602735723903
4795,xylorhiza orcuttii,1.6532352106503345
4796,torenia crustacea,1.594602384672438
4797,mohavea confertiflora,1.6417724296724656
4798,trichoptilium incisum,1.7427480656960919
4799,rosa spinosissima,1.5700172865291955
4800,keckiella antirrhinoides,1.5811473236928157
4801,erica abietina,1.6978480998405647
4802,gilia stellata,1.6659470944249586
4803,calycoseris wrightii,1.7615187162477914
4804,scilla forbesii,1.6856463534496551
4805,stellaria nemorum,1.7056615734162426
4806,tulipa sylvestris,1.7551097665395523
4807,chaenactis artemisiifolia,1.6505657918169967
4808,fragaria viridis,1.6884371896082251
4809,sidalcea sparsifolia,1.5720693654009223
4810,lysimachia clethroides,1.6323603396622262
4811,nymphaea candida,1.7304416144736108
4812,geranium sibiricum,1.2912659605860117
4813,euonymus verrucosus,1.4790133929214093
4814,inula britannica,1.7382329384509645
4815,eryngium planum,1.6587900201032002
4816,protea repens,1.5845458945378721
4817,ixeris chinensis,1.5494900435387557
4818,iris ruthenica,1.418742300285784
4819,ranunculus cassubicus,1
4820,amelanchier spicata,1.7395643049433609
4821,aconitum septentrionale,1.7362453619038196
4822,pterostylis pedunculata,1.6193333604505136
4823,diuris orientis,1.6530641363467347
4824,trollius asiaticus,1.6712705169110706
4825,commelina africana,1.531405128695392
4826,drosera cistiflora,1.6405021883479112
4827,oftia africana,1.3568416541139701
4828,wachendorfia paniculata,1.6478012540800151
4829,pelargonium triste,1.7121837681007714
4830,serruria fasciflora,1.7644831858839134
4831,eriocephalus africanus,1.4735785880327446
4832,oxalis polyphylla,1.6197373689391017
4833,anemonoides altaica,1
4834,carlina biebersteinii,1.6214936874693398
4835,cypripedium macranthos,1.7015989043677102
4836,trifolium lupinaster,1.6853594382455004
4837,ponerorchis cucullata,1.6601662099746561
4838,erythronium sibiricum,1.653382811782981
4839,chicory,1.678864930309079
4840,pot plant,1.663585528311454
4841,calycanthus floridus,1.7059172577222392
4842,calycanthus occidentalis,1.6118117161855483
4843,purple anise,1.6729328551283653
4844,chinese magnolia,1.697390610089677
4845,water lilly,1.7301158701998505
4846,water nymph,1.7549792210774364
4847,european white lily,1.7182378476449225
4848,lotus,1.7370674767426613
4849,blue lotus,1.6519709211940257
4850,nuphar lutea,1.6992965761345991
4851,sacred lotus,1.6912053218893361
4852,water chinquapin,1.6784954862478283
4853,peony,1.7529452419949272
4854,ranunculus bulbosus,1.7378572461382327
4855,lesser celandine,1.6848965332081196
4856,ranunculus flammula,1.6542268632267432
4857,sagebrush buttercup,1.7216927111592544
4858,mountain lily,1.6636432037702669
4859,western buttercup,1.6873583750884438
4860,ranunculus repens,1.6167274154545106
4861,aconite,1.5078414214763485
4862,aconitum napellus,1.6333756612566015
4863,wolfsbane,1.5610703290182451
4864,pheasant's-eye,1.6717638786699358
4865,alpine anemone,1.6576854478271064
4866,canada anemone,1.7592350256096734
4867,wood anemone,1.7225840702780546
4868,snowdrop anemone,1.6880597145904077
4869,anemone virginiana,1.7200759731137272
4870,rue-anemone,1.7612636882360837
4871,columbine,1.7381113079820838
4872,aquilegia canadensis,1.6422314253597179
4873,blue columbine,1.7227982585666504
4874,caltha palustris,1.6876255164728544
4875,pine hyacinth,1.2990624838240672
4876,clematis crispa,1.5937765999380318
4877,clematis lasiantha,1.5994978839839638
4878,golden clematis,1.7032351876477592
4879,scarlet clematis,1.7118515611432272
4880,leather flower,1.7053771212341136
4881,clematis vitalba,1.3800604321665144
4882,purple clematis,1.6976433084963427
4883,goldthread,1.6179620432174557
4884,rocket larkspur,1.6672180303926802
4885,eranthis hyemalis,1.6670537996365282
4886,hellebore,1.691906378683893
4887,christmas rose,1.7595111538890622
4888,green hellebore,1.569056212131789
4889,hepatica,1.6845300931544598
4890,false rue anemone,1.6571756717565784
4891,giant buttercup,1.6692141285900064
4892,nigella,1.3971991478271888
4893,black caraway,1
4894,pasqueflower,1.6698672886580015
4895,american pasqueflower,1.6563046848335583
4896,western pasqueflower,1.6702550895305479
4897,false bugbane,1.6337874710488127
4898,globeflower,1.7042217284251784
4899,trifolium dubium,1.6445116112235802
4900,trifolium pratense,1.6631592062085823
4901,buffalo clover,1.6630231727430549
4902,sensitive plant,1.6777623042629655
4903,silk tree,1.0999816512168019
4904,calliandra,1.4798394477213768
4905,apocynum androsaemifolium,1.7125448809782042
4906,impala lily,1.71541565685793
4907,common allamanda,1.6867651472175624
4908,natal plum,1.6151691249768443
4909,white dipladenia,1.7415112353240927
4910,chilean jasmine,1.6390853208752583
4911,frangipani,1.7353677234296001
4912,strophanthus,1.6693333429593564
4913,crape jasmine,1.6883906372987278
4914,trachelospermum jasminoides,1.4061539849866307
4915,periwinkle,1.7132820819146617
4916,myrtle,1.5674374536454796
4917,large periwinkle,1.6002253481098867
4918,anthurium,1.7266885268817265
4919,calla lily,1.6678249161471865
4920,pink calla,1.6408491931474192
4921,golden calla,1.6715792649532046
4922,dutchman's-pipe,1.5990957046747183
4923,corn cockle,1.6879482018108058
4924,pine-barren sandwort,1.5757796477691053
4925,rock sandwort,1.6426222440970659
4926,field chickweed,1.6954864050143184
4927,snow-in-summer,1.4688762075098629
4928,alpine mouse-ear,1.7069958470994695
4929,pink,1.7435032543812174
4930,dianthus barbatus,1.5423940099530413
4931,carnation,1.7026461407135489
4932,japanese pink,1.585562273458994
4933,maiden pink,1.5098017599167437
4934,cheddar pink,1.6330289195443295
4935,button pink,1
4936,cottage pink,1.7032012703313368
4937,fringed pink,1.709659362403174
4938,lychnis,1.5196530828952441
4939,ragged robin,1.2187315608471263
4940,scarlet lychnis,1.6800205250465376
4941,mullein pink,1.7495174090855539
4942,wild pink,1.7017867241829383
4943,white campion,1.7320859229122434
4944,silene virginica,1.7272379521052206
4945,sand spurry,1.7271102782575758
4946,stellaria media,1.6735444089214571
4947,cowherb,1.7192423843667068
4948,carpobrotus edulis,1.6819695871808145
4949,livingstone daisy,1.692917909009056
4950,amaranth,1.5275314225885528
4951,alternanthera philoxeroides,1.3176124322154106
4952,cockscomb,1.485530112378536
4953,sweet sand verbena,1.5434066161752975
4954,yellow sand verbena,1.7118145842754287
4955,abronia maritima,1.6489654898627715
4956,abronia villosa,1.6386597649482475
4957,trailing four o'clock,1.7491952061039808
4958,four o'clock,1.6631747266296633
4959,california four o'clock,1.7416115419847511
4960,sweet four o'clock,1.6813738007180086
4961,night-blooming cactus,1.7134990157788157
4962,portulaca,1.6964432028092604
4963,rose moss,1.6908221979021909
4964,rock purslane,1.6689742940417289
4965,red maids,1.6424798818720951
4966,carolina spring beauty,1.7077643539080976
4967,spring beauty,1.6234189290111334
4968,virginia spring beauty,1.6931367089226996
4969,siskiyou lewisia,1.6788706959454687
4970,bitterroot,1.6944741353815664
4971,broad-leaved montia,1
4972,toad lily,1.4352867779354821
4973,berteroa incana,1.6312197280197993
4974,bittercress,1.7973987913719844
4975,cardamine pratensis,1.6840738304473826
4976,crinkleroot,1.7110955392214349
4977,spring cress,1.7285305186485247
4978,purple cress,1.6577451680975883
4979,wallflower,1.495012068312555
4980,bladderpod,1.328951027348023
4981,virginian stock,1.7308443935961815
4982,chamois cress,1.7439321220722059
4983,jointed charlock,1.6009326816032075
4984,stanleya pinnata,1.4025319034445607
4985,poppy,1.5784719577611619
4986,prickly poppy,1.7128463023911422
4987,papaver rhoeas,1.5936113017388855
4988,argemone mexicana,1.5784336889651001
4989,celandine,1.6708282769512577
4990,tree poppy,1.7082303321430401
4991,california poppy,1.6606383399731168
4992,glaucium flavum,1.6878367834553412
4993,golden cup,1.4315168707300387
4994,blue poppy,1.6539961100528424
4995,welsh poppy,1.567702975126255
4996,creamcups,1.1695995379413568
4997,matilija poppy,1.6054604978595233
4998,sanguinaria canadensis,1.7146925592691056
4999,papaver heterophyllum,1.5732559355934885
5000,stylophorum diphyllum,1.3966522143066973
5001,bleeding heart,1.663343258977882
5002,squirrel corn,1.5512654113957189
5003,compass plant,1.5626809989487187
5004,pink-and-white everlasting,1.6459215064389185
5005,winged everlasting,1.4054787881582658
5006,plantain-leaved pussytoes,1.6336795011562368
5007,mountain everlasting,1.7233554565848173
5008,mayweed,1.460668640984077
5009,yellow chamomile,1.6836185557895815
5010,corn chamomile,1.6490808724538197
5011,eriophyllum wallacei,1.6025653478287083
5012,greater burdock,1.6219337466427435
5013,african daisy,1.5229248687640191
5014,blue-eyed african daisy,1.7413750527437393
5015,marguerite daisy,1.4801638315889314
5016,silversword,1.4337456453140076
5017,arnica,1.6252253330361841
5018,arnica montana,1.6286950943402811
5019,aster,1.5701086459450702
5020,bushy aster,1.694893449461381
5021,heath aster,1.5092224879729805
5022,stiff aster,1.6923933143990086
5023,new england aster,1.2652273503883575
5024,upland white aster,1.6402018959788891
5025,aromatic aster,1.2119804559318264
5026,bog aster,1.6938082958351512
5027,eastern silvery aster,1.6118038919287625
5028,late purple aster,1.7208530693927533
5029,panicled aster,1.6671732085524307
5030,rough-leaved aster,1.5381636932455496
5031,rush aster,1.6799185261763707
5032,balsamroot,1.209940540115586
5033,daisy,1.5609564883335842
5034,bellis perennis,1.7430770836758631
5035,bidens bipinnata,1.7228202544659244
5036,tickseed sunflower,1.5865535469454182
5037,oxeye,1.4005998758777967
5038,calendula,1.6399536374309149
5039,thistle,1.7140617157220961
5040,carduus crispus,1.6865507898265952
5041,carduus nutans,1.5361170480091217
5042,carline thistle,1.7074491399288358
5043,carlina vulgaris,1.7350157517055282
5044,safflower,1.4965767177767604
5045,catananche,1.6934903798057013
5046,centaurea cyanus,1.4579089757462349
5047,knapweed,1.6764436734031005
5048,sweet sultan,1.5062176946052186
5049,centaurea nigra,1.643255725007962
5050,centaurea scabiosa,1.5310187105507005
5051,centaurea solstitialis,1.7231979084816571
5052,camomile,1.3639154130350395
5053,corn marigold,1.5197155332528003
5054,crown daisy,1.5126423093434376
5055,chrysanthemum,1.6351790009644038
5056,golden aster,1.3212185337901923
5057,maryland golden aster,1.73434963671829
5058,plume thistle,1.6534893151391992
5059,cirsium arvense,1.1255356059460109
5060,field thistle,1.3165227277623877
5061,woolly thistle,1.705411017824177
5062,cirsium eriophorum,1.7406307187451562
5063,melancholy thistle,1.6487377907513534
5064,brook thistle,1.7000360029210146
5065,spear thistle,1.6824128680362569
5066,blessed thistle,1.5154691222692835
5067,tickseed,1.4208943897300181
5068,giant coreopsis,1.627324720823542
5069,coreopsis tinctoria,1.6036611921327895
5070,cosmos,1.660402200834473
5071,billy buttons,1.6933827279785776
5072,hawk's-beard,1.7051254771788389
5073,cynara cardunculus,1.6749405407157409
5074,florist's chrysanthemum,1.7537018622595482
5075,cape marigold,1.7058346522719932
5076,leopard's-bane,1.691051744011157
5077,globe thistle,1.5810137297091753
5078,elephant's-foot,1.6949853656671716
5079,tassel flower,1.6705136774805487
5080,engelmannia,1.6172252771927889
5081,blue fleabane,1.7204179896083232
5082,erigeron annuus,1.5942342157549678
5083,orange daisy,1.6598409092949802
5084,spreading fleabane,1.7050518331760562
5085,philadelphia fleabane,1.636450706970576
5086,robin's plantain,1.6929104787275819
5087,showy daisy,1.6295715432339335
5088,blue daisy,1.7247138443454413
5089,gaillardia,1.6748900950060439
5090,gazania,1.530091824672299
5091,gazania rigens,1.6531577119827263
5092,gumweed,1.6440857165402181
5093,grindelia robusta,1.7389798662041851
5094,grindelia squarrosa,1.6217012861795275
5095,camphor daisy,1.6410489566555553
5096,sneezeweed,1.5850370210222355
5097,autumn sneezeweed,1.5307927622652246
5098,orange sneezeweed,1.6764535923015369
5099,rosilla,1.5619574336532285
5100,sunflower,1.6682277989526229
5101,helianthus angustifolius,1.512718955285834
5102,showy sunflower,1.4921553924152609
5103,maximilian's sunflower,1.5851069444585999
5104,prairie sunflower,1.590405674634908
5105,strawflower,1.636654158791127
5106,heliopsis,1.6630016378832106
5107,heterotheca villosa,1.7341901931444095
5108,hawkweed,1.7307216013571298
5109,alpine coltsfoot,1.6288895999183852
5110,alpine gold,1.7170551977987372
5111,inula,1.6940414272047923
5112,inula helenium,1.6683059947123753
5113,krigia,1.6997129484653137
5114,dwarf dandelion,1.7639026066601891
5115,hawkbit,1.5991302035348891
5116,fall dandelion,1.6365104774758845
5117,edelweiss,1.6614463403236019
5118,oxeye daisy,1.6486179973753652
5119,shasta daisy,1.4154318826424592
5120,north island edelweiss,1.68918031354375
5121,blazing star,1.2441040836403896
5122,dense blazing star,1.5781961407462588
5123,leopard plant,1.7166350074863712
5124,sticky aster,1.6249568332608284
5125,mojave aster,1.5792401292474618
5126,madia elegans,1.6661855645402368
5127,sweet false chamomile,1.5490423780435942
5128,mutisia,1.6572500172719145
5129,onopordum acanthium,1.4997784301688923
5130,butterweed,1.59782451321325
5131,golden groundsel,1.4680017795835956
5132,butterbur,1.5510984565430019
5133,orange hawkweed,1.3956664314777769
5134,mouse-ear hawkweed,1.7348728699021161
5135,rattlesnake root,1.628230134883704
5136,fleabane,1.5353831515202239
5137,coneflower,1.6028607737716101
5138,mexican hat,1.3530132447755967
5139,long-head coneflower,1.45320599605187
5140,prairie coneflower,1.5380076204139115
5141,swan river everlasting,1
5142,rudbeckia hirta,1.2879735150147682
5143,golden glow,1.5926144087401868
5144,sanvitalia procumbens,1.599694432027571
5145,golden thistle,1.6506537503452186
5146,black salsify,1.3648054654993222
5147,sawwort,1.5731672158206238
5148,rosinweed,1.7297256826926655
5149,milk thistle,1.5429645739662725
5150,stokes' aster,1.7279026384503458
5151,tagetes patula,1.575561241408364
5152,tanacetum parthenium,1.6811028331532294
5153,tanacetum vulgare,1.6905844919206685
5154,dandelion,1.7417375718741834
5155,dandelion green,1.6295957441955009
5156,russian dandelion,1.6780941270204717
5157,stemless hymenoxys,1.6867219370787208
5158,easter daisy,1.7085861458976368
5159,yellow salsify,1.3199158088230576
5160,Tragopogon porrifolius,1.6736808129595635
5161,tragopogon pratensis,1.5341695450327406
5162,scentless camomile,1.7336310681545468
5163,tussilago farfara,1.7082116777457643
5164,ursinia,1.6637777337312849
5165,cowpen daisy,1.4314621811711303
5166,ironweed,1.4254267862859404
5167,white-rayed mule's ears,1.4264307177860653
5168,xeranthemum,1.6505807337803615
5169,zinnia acerosa,1.535594382977792
5170,little golden zinnia,1.6884272031278051
5171,mentzelia laevicaulis,1.5934489672950165
5172,harebell,1.6136945541554362
5173,campanula rapunculoides,1.6648831585638915
5174,tall bellflower,1.7035243738460752
5175,campanula aparinoides,1.6839388423575536
5176,campanula glomerata,1.5988862694509924
5177,campanula persicifolia,1.6913464844674446
5178,campanula rapunculus,1.602731204611211
5179,campanula trachelium,1.6994449316118567
5180,tussock bellflower,1.7210080975349107
5181,arethusa,1.6502271264550386
5182,bog rose,1.6026444291800397
5183,brassavola,1.6264830978502967
5184,grass pink,1.6294627161329895
5185,calypso bulbosa,1.5487329190832426
5186,red helleborine,1.3551692722245356
5187,spreading pogonia,1.5909859225793936
5188,cypripedium reginae,1.6684393352065927
5189,yellow lady's slipper,1.6959894261318467
5190,california lady's slipper,1.6713934240759232
5191,marsh orchid,1.5501831098559928
5192,dactylorhiza fuchsii,1.5841393905673677
5193,prairie orchid,1.7292999315601993
5194,pansy orchid,1.6260859793307971
5195,odontoglossum,1.6233102764066483
5196,bee orchid,1.5545900726262958
5197,venus' slipper,1.5569960934892806
5198,indian crocus,1.5970416335077782
5199,pogonia,1.2103667167677115
5200,foxtail orchid,1.3716493522704156
5201,sobralia,1.6647151534867886
5202,hooded ladies' tresses,1.4953002823246471
5203,stelis,1.5723294450599732
5204,fly orchid,1.6090879959605093
5205,vanda,1.6425137085836479
5206,blue orchid,1.4271730491492671
5207,vanilla orchid,1.2917575864562787
5208,primula,1.1102260891458877
5209,primula vulgaris,1.4321644464881653
5210,primula elatior,1.6089814857271079
5211,auricula,1.0907789212107493
5212,pimpernel,1.7330473650659211
5213,bog pimpernel,1.6126264228288361
5214,water violet,1.515498137746105
5215,gooseneck loosestrife,1.6057927603457862
5216,lysimachia nemorum,1.6810481044315995
5217,fringed loosestrife,1.6980713266107959
5218,moneywort,1.5170106704560027
5219,whorled loosestrife,1.6395750690739428
5220,leadwort,1.276625746577978
5221,alopecurus pratensis,1.458559092306283
5222,tall oat grass,1.6981130177253498
5223,timothy,1.6194816822348246
5224,bristlegrass,1.4091954733572212
5225,giant foxtail,1.5477472361968161
5226,yellow bristlegrass,1.7172587169643718
5227,setaria viridis,1.6407811370655161
5228,cattail,1.4988737274510187
5229,cat's-tail,1.2846645747393477
5230,typha angustifolia,1.6118067943915251
5231,bur reed,1.6652559938865732
5232,white bryony,1.6424313609552039
5233,cardinal flower,1.6332601814155157
5234,water lobelia,1.5805987715818128
5235,mallow,1.5784288574639302
5236,malva moschata,1.6013950433837745
5237,malva neglecta,1.6861560786373682
5238,abelmosk,1
5239,flowering maple,1.721104742280422
5240,confederate rose mallow,1.6256275708291597
5241,althea,1.7325030115819429
5242,marsh mallow,1.661970169456876
5243,poppy mallow,1.7105785591636984
5244,fringed poppy mallow,1.5455559224533579
5245,callirhoe involucrata,1.4869394021359139
5246,clustered poppy mallow,1.4405350863653927
5247,kenaf,1.4117396063796928
5248,rose mallow,1.6686544743432132
5249,cotton rose,1.689200328045702
5250,rose of sharon,1.5894084475471455
5251,mahoe,1.6086055609730496
5252,flower-of-an-hour,1.5454896124726445
5253,seashore mallow,1.6891952435567679
5254,tree mallow,1.330955087186326
5255,chaparral mallow,1.6098206721960093
5256,malope,1.6838769326905398
5257,false mallow,1.6561964300162491
5258,waxmallow,1.4778985599425547
5259,pavonia,1.5914539569975172
5260,sida rhombifolia,1.6768611764022228
5261,indian mallow,1.6480427946797238
5262,checkerbloom,1.69761016598558
5263,sphaeralcea coccinea,1.5091938520004273
5264,african hemp,1.4993376502540792
5265,protea,1.4899924240731663
5266,banksia,1.653805324660842
5267,cushion flower,1.6045770531017032
5268,honeyflower,1.5757321883051953
5269,waratah,1.6994521325465026
5270,bog rosemary,1.6964730405864767
5271,marsh andromeda,1.3927782209051935
5272,epigaea repens,1.5902687840571008
5273,sand myrtle,1.3217479329268087
5274,azalea,1.3606810340533628
5275,diapensia,1.6508417610058201
5276,native cranberry,1.7254072372909834
5277,love-in-winter,1.6789186102673588
5278,moneses uniflora,1.4857850381880502
5279,sarcodes sanguinea,1.5010636317606576
5280,rosita,1.7322348650663484
5281,seaside centaury,1.5056378601425844
5282,prairie gentian,1.6957450532836944
5283,persian violet,1.7098136915615891
5284,gentianella,1.6582742906841466
5285,gentiana calycosa,1.518533252639876
5286,soapwort gentian,1.5423859874124886
5287,fringed gentian,1.5774010297582919
5288,gentianopsis detonsa,1.8261284072862596
5289,marsh pink,1.7253900826300921
5290,primrose jasmine,1.7244899379939873
5291,winter jasmine,1.286932424719369
5292,arabian jasmine,1.6778696473914374
5293,kangaroo paw,1.0457001263430388
5294,purple loosestrife,1.400540124368016
5295,epilobium hirsutum,1.5869469328810388
5296,evening primrose,1.4431585302764982
5297,oenothera biennis,1.6519137302985056
5298,missouri primrose,1.7335579976735687
5299,melastoma malabathricum,1.706275748810314
5300,bird of paradise,1.6450074785870523
5301,hybrid tuberous begonia,1
5302,clusia,1.2215401784172406
5303,pitch apple,1.8261284072862596
5304,hypericum androsaemum,1.5932927955501315
5305,creeping st john's wort,1.4742637464834647
5306,klammath weed,1.6622163795550617
5307,shrubby st john's wort,1.6890224148570048
5308,marsh st-john's wort,1.6825419530123229
5309,white-leaved rockrose,1.6773671045245466
5310,cistus ladanifer,1.745914387798158
5311,helianthemum,1.5792803329044305
5312,rockrose,1.6017337936218543
5313,passiflora incarnata,1.6799185261763707
5314,jamaica honeysuckle,1
5315,banana passion fruit,1.514503564983757
5316,love-in-a-mist,1.6475242195467437
5317,viola arvensis,1.529795426172615
5318,american dog violet,1.6744242759859902
5319,viola blanda,1.6477631106952479
5320,dog violet,1.661266735392227
5321,two-eyed violet,1.676530030841481
5322,viola odorata,1.3146245463563113
5323,bird's-foot violet,1.5898937715035766
5324,long-spurred violet,1.7060027947267136
5325,viola striata,1.6256093965529488
5326,viola reichenbachiana,1.6831057816428525
5327,pansy,1.439861080366533
5328,florentine iris,1.6780941270204717
5329,german iris,1.5724442536355885
5330,japanese iris,1.4311306846234142
5331,dalmatian iris,1.5454296349458154
5332,iris verna,1.5407137137859406
5333,blue flag,1.6134997560076503
5334,iris virginica,1.7159130818706152
5335,spanish iris,1.6321087007095603
5336,freesia,1.539712813272371
5337,blue-eyed grass,1.4091004595084364
5338,belladonna lily,1.5494475632683018
5339,hippeastrum,1.614114832776405
5340,narcissus pseudonarcissus,1.4816781613673078
5341,jonquil,1.652798804158812
5342,jacobean lily,1.473054390924474
5343,star grass,1.3475750465561553
5344,hypoxis hirsuta,1.6240796140132412
5345,Lilium speciosum,1.6570973895128454
5346,lilium canadense,1.6303336679674967
5347,madonna lily,1.6792391832402411
5348,lilium columbianum,1.6752604757900249
5349,lilium lancifolium,1.3863349373434837
5350,easter lily,1.730773852759232
5351,coast lily,1.6826905888559951
5352,michigan lily,1.6996045634963104
5353,leopard lily,1.592608351927189
5354,wood lily,1.592598865531041
5355,agapanthus,1.5794458393504838
5356,yellow colicroot,1.6083736409251843
5357,hooker's onion,1.6307637273450906
5358,allium canadense,1.6782450350713667
5359,sand leek,1.4765963004341169
5360,allium schoenoprasum,1.621717599697637
5361,round-headed leek,1.6770735338961311
5362,aloe,1.6421528263958625
5363,cape aloe,1.5953741009984652
5364,red-hot poker,1.6958156208541117
5365,fly poison,1.6922309057968907
5366,amber lily,1.6847631878715719
5367,asphodel,1.3029517679412674
5368,bloomeria crocea,1.6704257459347458
5369,brodiaea,1.5899148447662452
5370,elegant brodiaea,1.6165983947081854
5371,globe lily,1.6948831430517988
5372,cat's-ear,1.7335414583285078
5373,calochortus albus,1.6453488812833892
5374,yellow globe lily,1.4959745513197493
5375,rose globe lily,1
5376,star tulip,1.6585537931974774
5377,desert mariposa tulip,1.4934204538473801
5378,yellow mariposa tulip,1.6205829732577284
5379,calochortus macrocarpus,1.1405016015978628
5380,sego lily,1.623201572297281
5381,common camas,1.5421696086932934
5382,erythronium albidum,1.680824832857128
5383,yellow adder's tongue,1.5428478882457797
5384,fawn lily,1.623841990203611
5385,erythronium grandiflorum,1.4544036005471042
5386,erythronium montanum,1.3867896773048809
5387,fritillary,1.6407188472741079
5388,fritillaria biflora,1.6329842135471511
5389,stink bell,1
5390,crown imperial,1.6130520729149078
5391,white fritillary,1.5007912568397095
5392,snake's head fritillary,1.5369565908248595
5393,adobe lily,1.5637195739077014
5394,fritillaria recurva,1.6306890418703395
5395,tulip,1.7112600747229578
5396,dwarf tulip,1.6027669816467554
5397,lady tulip,1.6242428676307077
5398,darwin tulip,1.6657836180632835
5399,gloriosa,1.5414836185694067
5400,lemon lily,1.5368160782409266
5401,wild_hyacinth,1.4849769586097477
5402,star-of-bethlehem,1.3414396307722012
5403,ornithogalum umbellatum,1.66918683475759
5404,chincherinchee,1.513605341953232
5405,grape hyacinth,1.4986360143835622
5406,spring squill,1.6198847259325002
5407,false asphodel,1.4430075568557164
5408,white hellebore,1.6010553170990049
5409,dwarf-white trillium,1.7087846389941888
5410,trillium erectum,1.6503121175830135
5411,red trillium,1.6489143563468978
5412,convallaria majalis,1.5664634701413376
5413,yellow clintonia,1.5699408223737796
5414,queen's cup,1.5847670267683849
5415,lilyturf,1.415357802825183
5416,solomon's-seal,1.3316833397896559
5417,uvularia grandiflora,1.7039145615499218
5418,bear grass,1.5396852165923285
5419,tuberose,1.5018368386389065
5420,mountain ebony,1.3372974580562809
5421,chamaecrista fasciculata,1.0400710785206455
5422,astragalus danicus,1.5991667151182831
5423,camwood,1.6584044176144936
5424,centrosema virginianum,1.5934589981192446
5425,axseed,1
5426,french honeysuckle,1.7050479268865457
5427,lathyrus palustris,1.6708964077559059
5428,grass pea,1.4635349307030527
5429,winged pea,1.6034481984059319
5430,sickle alfalfa,1.505930979960592
5431,black medick,1.3100105478291635
5432,alfalfa,1.5690636456196156
5433,sainfoin,1.513459377584127
5434,shamrock pea,1.6252712506043159
5435,chaparral pea,1.7069759656096986
5436,bristly locust,1.5710281154247911
5437,bird's foot trefoil,1.217056389402668
5438,english plantain,1.4750671741264301
5439,hoary plantain,1.5303108682933857
5440,fleawort,1.6913429173118253
5441,commelina,1.64065888900838
5442,spiderwort,1.7177099927116439
5443,pickerelweed,1.7011132080425506
5444,water hyacinth,1.6068693863594543
5445,garden roses,1.7795655096955327
5446,dog rose,1.6231278698774432
5447,damask rose,1.7344499017376906
5448,sweetbrier,1.4187410127263773
5449,cherokee rose,1.644492532457339
5450,musk rose,1.6657255845566947
5451,tea rose,1.7619163445132884
5452,japanese quince,1.3472878097553964
5453,dryas octopetala,1.5705246275647977
5454,fragaria chiloensis,1.7018565072442191
5455,fragaria virginiana,1.7388471524240656
5456,bennet,1.6353502815961933
5457,water avens,1.404602604033218
5458,geum triflorum,1.5502875774934153
5459,herb bennet,1.706959209510341
5460,cinquefoil,1.6181544232321983
5461,silverweed,1.7285864298743521
5462,salad burnet,1.6622148080383257
5463,sand blackberry,1.7129277980414568
5464,rubus odoratus,1.6628890767605022
5465,cape jasmine,1.654058266926411
5466,diervilla lonicera,1.5159185395245425
5467,leycesteria formosa,1.607256254216153
5468,linnaea borealis,1.6808404758084203
5469,american twinflower,1.6400907057151053
5470,sambucus ebulus,1.57353390944501
5471,feverroot,1.6175907456680796
5472,wild teasel,1.6044557023105388
5473,scabious,1.7185277035447422
5474,pincushion flower,1.3787321296458956
5475,field scabious,1.3702923415754662
5476,geranium,1.6248688079047304
5477,cranesbill,1.3701431240622368
5478,wild geranium,1.5247512624176891
5479,meadow cranesbill,1.4346751356325884
5480,richardson's geranium,1.6565605461704189
5481,geranium robertianum,1.7100451769654783
5482,geranium viscosissimum,1.5799948452801447
5483,dove's foot geranium,1.6742509900296496
5484,rose geranium,1.7104669757881836
5485,apple geranium,1.5612562149096387
5486,storksbill,1.652711490248989
5487,erodium cicutarium,1.6331012651266086
5488,musk clover,1.6563126589286044
5489,erodium texanum,1.5782679816891054
5490,oxalis,1.3143216025978639
5491,common wood sorrel,1.5835035843520231
5492,bermuda buttercup,1.5353636351779565
5493,oxalis corniculata,1.7065193007027331
5494,goatsfoot,1.5366106760077589
5495,violet wood sorrel,1.662857880381138
5496,polygala alba,1.5374860424854655
5497,polygala lutea,1.5535293475039804
5498,tropaeolum majus,1.4757271178037523
5499,canarybird flower,1.5498024513571447
5500,dwarf buckeye,1.5687261613329018
5501,japanese snowbell,1.4752743484816286
5502,pitcher plant,1.4732932092328683
5503,common pitcher plant,1.4939530473386315
5504,sarracenia minor,1.3111621395051387
5505,sarracenia flava,1.1976659422240625
5506,tropical pitcher plant,1.6469114911657816
5507,hortensia,1.5581148734242163
5508,carpenteria,1.6515142950066835
5509,philadelphus,1.6333456061204195
5510,meadow saxifrage,1.6860034041932686
5511,western saxifrage,1.756547838713078
5512,saxifraga oppositifolia,1.6583302404541782
5513,strawberry geranium,1.6806460827079137
5514,woodland star,1.6569146302958699
5515,lithophragma parviflorum,1.6613518400222298
5516,five-point bishop's cap,1.6117750416807102
5517,bog star,1.6813589716941639
5518,fringed grass of parnassus,1.7033209230325446
5519,foamflower,1.4748644966805955
5520,greek valerian,1.6016000940012698
5521,northern jacob's ladder,1.7081031717618691
5522,linanthus dianthiflorus,1.7319278684332438
5523,thunbergia alata,1.6418315924042737
5524,borago officinalis,1.4747934859030107
5525,anchusa,1.3911618749319343
5526,chinese forget-me-not,1.5966175795702167
5527,hound's-tongue,1.6078478740392255
5528,beggar's lice,1.7458378035917395
5529,gromwell,1.6626059851814108
5530,lithospermum canescens,1.64889016330911
5531,virginia bluebell,1.3930347798219107
5532,forget-me-not,1.6921283741271673
5533,convolvulus,1.5946863215070901
5534,bindweed,1.6633481155001297
5535,convolvulus arvensis,1.6101291469418286
5536,scammony,1
5537,morning glory (plant genus),1.7216039734537667
5538,cypress vine,1.5201007992757543
5539,ipomoea alba,1.636363073451915
5540,wild potato vine,1.5940127469579819
5541,ipomoea coccinea,1.592023422693452
5542,man-of-the-earth,1.7388471524240656
5543,railroad vine,1.6347529108864669
5544,japanese morning glory,1.6903922654645738
5545,achimenes,1.6603172656565535
5546,lipstick plant,1.7037512348242083
5547,episcia,1.7433033971105467
5548,gloxinia,1.7011505166977523
5549,kohleria,1.6341263733543694
5550,african violet,1.6569782702902955
5551,cape primrose,1.7220804289482698
5552,yellow bells,1.584243518067872
5553,nemophila menziesii,1.6393727561625067
5554,nemophila maculata,1.6996585154767785
5555,california bluebell,1.6674193542211042
5556,fiesta flower,1.6514639253251975
5557,yellow giant hyssop,1.6774425225416238
5558,agastache foeniculum,1.5705298370602092
5559,mexican hyssop,1
5560,pyramid bugle,1.5137086878809152
5561,ajuga chamaepitys,1.5801042429811263
5562,wood mint,1.6320093694354818
5563,blephilia hirsuta,1.6708105896864671
5564,elsholtzia,1.4208769897786229
5565,hemp nettle,1.4257448753206183
5566,pennyroyal,1.5425924936930275
5567,leonotis leonurus,1.5532105044082711
5568,mentha aquatica,1.6639904798406224
5569,monarda,1.6542272703081857
5570,horsemint,1.3938025202987592
5571,bee balm,1.613207207811902
5572,basil balm,1.6252712506043159
5573,mustang mint,1.5776834301521896
5574,jerusalem sage,1.5931965068755263
5575,self-heal,1.5542661316498125
5576,scutellaria lateriflora,1.6585694853741273
5577,butterwort,1.6961665537804487
5578,kitten-tails,1.340772137018265
5579,false foxglove,1.6636357527784986
5580,shellflower,1.7152461896298847
5581,purple chinese houses,1.4890475760215076
5582,collinsia verna,1.4117565987780851
5583,common foxglove,1.5538081663786836
5584,yellow foxglove,1.714529384258745
5585,gerardia,1.7011073476971008
5586,davidson's penstemon,1.6159237449509209
5587,penstemon whippleanus,1.6899228528706578
5588,field speedwell,1.6682526178192474
5589,veronica chamaedrys,1.4476258956238302
5590,water speedwell,1.6369967687548477
5591,veronica officinalis,1.3289495613393667
5592,thyme-leaved speedwell,1.6264417961273745
5593,kangaroo apple,1.6428244980804285
5594,horse nettle,1.6521253776076121
5595,bush violet,1.6913471503619597
5596,angel's trumpet,1.5016466307737946
5597,red angel's trumpet,1.6361257282245769
5598,day jessamine,1
5599,night jasmine,1.6907335027341965
5600,datura stramonium,1.6711706193201605
5601,henbane,1.6357846585132396
5602,egyptian henbane,1.7973987913719844
5603,apple of peru,1.6251802843558831
5604,flowering tobacco,1.6021044873161836
5605,common tobacco,1
5606,petunia,1.5651403937703021
5607,large white petunia,1.7468109662214217
5608,violet-flowered petunia,1.7530326957652727
5609,hybrid petunia,1.6726498170907935
5610,salpiglossis,1.7241350401133861
5611,painted tongue,1.7574407332483268
5612,butterfly flower,1.6075325738694219
5613,chalice vine,1.658348943931631
5614,lantana,1.5532376475448542
5615,crown of thorns,1.6873847633929948
5616,spurge nettle,1.74140656255766
5617,camellia,1.7164453517829721
5618,japonica,1.520323370061486
5619,wild parsley,1.4072972906516221
5620,fool's parsley,1.4776475597752423
5621,water hemlock,1.3672943582859687
5622,spotted cowbane,1.4048286789766187
5623,eryngo,1.5927792416918614
5624,sea holly,1.0756063492588068
5625,water dropwort,1.2771431740672634
5626,sanicula arctopoides,1.6194725912386616
5627,european sanicle,1.7332443718908304
5628,silky dogwood,1.171813986576858
5629,cornus canadensis,1.4233274023595888
5630,centranthus ruber,1.5622737605108132
5631,flowering shrub,1.408834078446497
5632,lithophyte,1.5798706243061855
5633,anemopsis californica,1.60301683734641
5634,bracken,1.0723931454311602
5635,asclepias purpurascens,1.6558430561291477
5636,showy milkweed,1.6793520659734624
5637,wax plant,1.6659915414321935
5638,silk vine,1.4419055370935188
5639,stapelia,1.1015945480316209
5640,stapelias asterias,1.2467005753723372
5641,salvia hispanica,1.7064599925900803
5642,epiphytic cactus,1.4455873384615272
5643,campanula isophylla,1.7634329495602685
5644,passiflora caerulea,1.7358403161164491
5645,clematis cultivar,1.705397979943144
5646,abutilon megapotamicum,1.7407849122105321
5647,eruca vesicaria,1.708124453339136
5648,glebionis coronaria,1.768469859020855
5649,zucchini flower,1.4488102533462117
5650,siberian tiger,1.684799824819752
5651,masai lion,1.5421184987002512
5652,net-winged insects,1.059521224082729
5653,rugby player,1.7078023447520287
5654,circinae,1.1894812509913812
5655,eastern gray squirrel,1.2617754674544424
5656,european robin,1.208031641671476
5657,sumatran rhinoceros,1.4754822835430039
5658,hawker dragonflies,1.1889854685556502
5659,eurasian red squirrel,1.4139634537576453
5660,great heron,1.3055616778594641
5661,stock dove,1.5211267538497126
5662,african leopard,1.3280818790827187
5663,captain america,1.4009269116209284
5664,gannets,1.6660547494390685
5665,coenagrion,1.4088900074873496
5666,eastern grey kangaroo,1.6564615794632134
5667,loggerhead sea turtle,1.2741137448019044
5668,douglas squirrel,1.3160729143239367
5669,seaduck,1.6568726683977806
5670,western gull,1.5055293183600704
5671,calidris,1.5063276761103577
5672,kemp's ridley sea turtle,1.3806558115841019
5673,mountain cottontail,1.4032743366480378
5674,mustelinae,1.4243383241380752
5675,brown pelican,1.6984603313058693
5676,veneroida,1.1137802306484366
5677,poison dart frog,1.3297280024863476
5678,common bottlenose dolphin,1.6387394285867294
5679,western tiger swallowtail,1.2454758805966881
5680,leuconotopicus,1.0662219361520395
5681,snowy owl,1.2352253256564212
5682,great egret,1.3010400760102612
5683,wholphin,1.5029090314998033
5684,north american river otter,1.4279327787662706
5685,desert cottontail,1.3408336626982416
5686,baltic gray seal,1.3341492090086549
5687,japanese macaque,1.6011651433278824
5688,aglais,1.4505088603035992
5689,stable fly,1.2809978286089807
5690,ring-billed gull,1.6063841775613916
5691,european herring gull,1.7106814862899444
5692,northern seahorse,1.2960372226779806
5693,yorkipoo,1.6003717143183405
5694,hoverfly,1.2974247730998409
5695,limecola balthica,1.3799283285072157
5696,polyommatus,1.3319765500319467
5697,fish crow,1.6788709052865498
5698,plebejus,1.3653177184025516
5699,rufous hummingbird,1.3202677436040786
5700,brown hare,1.4077659907901294
5701,"collie, western australia",1.2230441374557244
5702,oecanthidae,1
5703,red kangaroo,1.3744249334020147
5704,ochlodes,1.3857549121328698
5705,sandhill crane,1.6986848049217369
5706,laughing kookaburra,1.5990213514285476
5707,green iguana,1.1089074575812785
5708,greater rhea,1.5866825400114957
5709,abert's squirrel,1.2990624838240672
5710,red-bellied woodpecker,1.2804723115421588
5711,northern shoveler,1.4983151885825678
5712,butorides,1.301886215974609
5713,savannah sparrow,1.3588416176639471
5714,double crested cormorant,1.6428807275566202
5715,common gallinule,1.3183520933635746
5716,blue winged teal,1.5585842937373524
5717,common sandpiper,1.2718158213933051
5718,eastern screech owl,1.2828117221514828
5719,maltepoo,1.5604755582408363
5720,helarctos malayanus,1.2873105970893992
5721,eumenidae,1.0812017133223784
5722,maniola,1.2601340316519767
5723,eastern bluebird,1.388474986918089
5724,handball player,1.6713979252472195
5725,thymelicus,1.2725554835720774
5726,cavalier king charles spaniel,1.5442328260148579
5727,european starling,1.6020907685258869
5728,gentoo penguin,1.6468027612504097
5729,zayante band-winged grasshopper,1.0989752524249445
5730,woodland salamander,1.2210138246365112
5731,beaglier,1.5459848813627177
5732,franklin s gull,1.6499989976101044
5733,khao manee,1.419094056682781
5734,northern mockingbird,1.1026715794343827
5735,geography cone,1.6780941270204717
5736,gunfighter,1.5393246579721422
5737,kyi-leo,1
5738,capuchin monkey,1.462706054874729
5739,magyar agár,1.6490571789813757
5740,boykin spaniel,1.4162502953546088
5741,fiery skipper,1.2699437573913279
5742,cockapoo,1.4955555135791363
5743,great spangled fritillary,1.3142668178012402
5744,eastern tiger swallowtail,1.1773522877904901
5745,green-veined white,1.2386887658965353
5746,large skipper,1.2391994107932753
5747,melitaea,1.3023789304558977
5748,burmese python,1.2033707589335465
5749,black tailed jackrabbit,1.3272285440813818
5750,shrub frog,1.1461942951496424
5751,cuckoo wasp,1.3686318820548322
5752,schnoodle,1.5046200722041045
5753,common chameleon,1.3773917274280427
5754,least flycatcher,1.2236483591342802
5755,celastrina,1.2629663045511057
5756,figure skater,1.4532822953012103
5757,giant otter,1.4219965082630719
5758,western screech owl,1.5579068674522087
5759,korat,1.3088557217884347
5760,pyronia,1.4614322676536475
5761,bichon,1.5909889044058603
5762,american goldfinch,1.2103667167677115
5763,sporting lucas terrier,1.3425041958652819
5764,meadow brown,1.3335405886637148
5765,giant carp,1.6072634301905799
5766,high brown fritillary,1.2617754674544424
5767,jewel beetles,1.497312757038598
5768,phyllobates,1.4350969284721733
5769,transylvanian hound,1.4461752837474782
5770,red-headed woodpecker,1.252245170738314
5771,brush rabbit,1.1579864819058578
5772,pygmy rabbit,1.5032480504785322
5773,cyaniris semiargus,1.4690550514536769
5774,irish soft-coated wheaten terrier,1.5325280932642897
5775,little red flying fox,1.474547502555015
5776,pileated woodpecker,1.2262860705586314
5777,white-headed capuchin,1.4378044255276328
5778,silvery blue,1.1984521655315874
5779,silver-washed fritillary,1.3445024813633797
5780,flower beetles,1.5578140887164866
5781,fox sparrow,1.4204705378156801
5782,marsh rice rat,1
5783,box jellyfish,1.6511186594091052
5784,anaxyrus,1.1405448677022003
5785,florida redbelly turtle,1.4910060034171617
5786,clouded yellows,1.6571088453900664
5787,carolina anole,1.1125132966336171
5788,smooth greensnake,1.2835138828255759
5789,beagador,1.3736536411277536
5790,soldier beetle,1.4374320919968924
5791,northern flicker,1.3580494229534235
5792,giant swallowtail,1.3642128692712066
5793,red eared slider,1.4447219633828643
5794,lulworth skipper,1.2704913144364649
5795,coton de tulear,1.6185162532075719
5796,great crested flycatcher,1.2604223251216315
5797,small pearl-bordered fritillary,1.3458112225845409
5798,dutch smoushond,1.3434575534290552
5799,colias hyale,1.0279655702598836
5800,eurasian magpie,1.5268292203696099
5801,mountain bluebird,1.438626743674627
5802,goliath heron,1.3648899643197645
5803,bewick s wren,1.2391652534935735
5804,scrub jay,1.0855583068682406
5805,huntaway,1.6186727924277278
5806,australian silky terrier,1.2947644761875461
5807,white-fronted capuchin,1.3947464906177698
5808,protographium marcellus,1.1125132966336171
5809,pocket beagle,1.4193616082089096
5810,boat tailed grackle,1.293240486061054
5811,german spitz,1.6244104055310902
5812,red-eyed tree frog,1.4150035701180872
5813,pararge,1.1555439397645999
5814,glen of imaal terrier,1.6311916115873057
5815,atlantic stingray,1.6665090192047294
5816,northern leopard frog,1.2826150538916457
5817,biewer terrier,1.3935856606074495
5818,wood whites,1.2793202739555802
5819,brown snake,1.2443037340575189
5820,hesperia (butterfly),1.0498652342143104
5821,batgirl,1.3120034747563938
5822,adonis blue,1.4923275627514685
5823,issoria,1.137132101847935
5824,basset artésien normand,1.5477472361968161
5825,longhaired whippet,1.5517798570576531
5826,miniature fox terrier,1.2206315611473109
5827,dark green fritillary,1.3275466804952338
5828,sotalia,1.3955965758857898
5829,satyrium (butterfly),1.1995458519266047
5830,cupido (butterfly),1.3629768870434806
5831,2000 in film,1.5804745696314844
5832,japanese spitz,1.5309087275650186
5833,antelope jackrabbit,1.3763987326888565
5834,muskox,1.4286410736675088
5835,new caledonian crow,1.4076797263566416
5836,black swallowtail,1.2719940029554704
5837,gulf fritillary,1.0788898013979071
5838,gatekeeper (butterfly),1.2457461929163238
5839,american tree sparrow,1.1578506186725119
5840,satyr comma,1.0557667059296529
5841,small heath (butterfly),1.1184475415518402
5842,lasiommata,1.4603203835558491
5843,weedy seadragon,1.2524632349499458
5844,toy bulldog,1.5698023127350593
5845,prague ratter,1.397043207390622
5846,melanargia,1.3696880725294323
5847,stenella,1.5741248853371701
5848,giant freshwater stingray,1.8261284072862596
5849,squirrel tree frog,1.3227881921063989
5850,peppered moth,1.0886874932287065
5851,beauceron,1.6079167495583269
5852,coati,1.5453562315078004
5853,japanese rhinoceros beetle,1.6260583657098864
5854,semipalmated plover,1.5313043862995874
5855,steller s jay,1.3650736267754153
5856,hobomok skipper,1.3397737570846073
5857,thymelicus lineola,1.409244717131874
5858,green heron,1.0618054539435133
5859,heath fritillary,1.3606949248252049
5860,shar pei,1.3180256200575871
5861,catwoman,1.2800132004851486
5862,longhorn beetle,1.3454443930233599
5863,clouded leopard,1.4305838455985811
5864,broadnose shark,1.1649863515692658
5865,aphantopus,1.61436086622613
5866,northern gannet,1.6274560221865153
5867,seppala siberian sleddog,1
5868,estonian hound,1.4648551781738306
5869,cavapoo,1.3645809370457267
5870,grind rail,1
5871,carterocephalus,1.1545433684356003
5872,silver-studded blue,1.2972048018431837
5873,snout moths,1.0261171389829131
5874,orange crowned warbler,1.314438420597221
5875,kentucky warbler,1.0755871784485345
5876,pacific loon,1.6388490705866228
5877,black throated sparrow,1.2262464825980777
5878,nelson sharp tailed sparrow,1.2629061114200941
5879,palm warbler,1.1829395974083137
5880,least auklet,1.6210134057192862
5881,baird sparrow,1.3108908799338417
5882,rhinoceros auklet,1.4960344287073939
5883,lazuli bunting,1.3320070798126753
5884,slaty backed gull,1.7020650241923261
5885,anna hummingbird,1.0886874932287065
5886,painted bunting,1.3271396247567548
5887,california gull,1.7237718444404404
5888,green jay,1.4946601851522554
5889,european goldfinch,1.4741107886981877
5890,yellow headed blackbird,1.71649608978155
5891,chestnut sided warbler,1.2557805711174843
5892,hooded warbler,1.2204324112749749
5893,bay breasted warbler,1.168280919712509
5894,groove billed ani,1.2896310894911536
5895,prothonotary warbler,1.3783255616406471
5896,clay colored sparrow,1.2617754674544424
5897,pied kingfisher,1.4623365565650395
5898,american three toed woodpecker,1.3242431839038138
5899,gadwall,1.4518317842500439
5900,least tern,1.3824442417875618
5901,scott oriole,1.3303337981051415
5902,lincoln sparrow,1.2010732803430253
5903,worm eating warbler,1.0668108008859984
5904,cape glossy starling,1.4543258498380458
5905,white eyed vireo,1.1202653743940532
5906,elegant tern,1.4348650960734755
5907,ringed kingfisher,1.3210121306749818
5908,laysan albatross,1.6784237762897587
5909,whip poor will,1.0812017133223784
5910,red faced cormorant,1.6629593125366862
5911,northern fulmar,1.4260552967255555
5912,hooded oriole,1.2968129117811569
5913,blue grosbeak,1.1995113989806714
5914,acadian flycatcher,1.2385090892953075
5915,brandt cormorant,1.6168072642088962
5916,parakeet auklet,1.5179250927427956
5917,yellow throated vireo,1.1578506186725119
5918,yellow bellied flycatcher,1.2281844890354108
5919,crested auklet,1.6621287118126968
5920,grasshopper sparrow,1.1946000034294944
5921,clark nutcracker,1.318096692011486
5922,swainson warbler,1.2007754089794764
5923,pomarine jaeger,1.5588238583494129
5924,gray crowned rosy finch,1.6730013141351119
5925,magnolia warbler,1.1226732981687446
5926,white breasted kingfisher,1.0886874932287065
5927,heermann gull,1.7193190138874264
5928,black tern,1.5724448695211528
5929,red cockaded woodpecker,1.3063437547460044
5930,canada warbler,1.0918848172933129
5931,tennessee warbler,1.1046543656030776
5932,black throated blue warbler,1.1247759033308466
5933,louisiana waterthrush,1.1938906210008144
5934,pelagic cormorant,1.6611247690382811
5935,long tailed jaeger,1.4404628178017269
5936,white necked raven,1.0719654554786406
5937,pine warbler,1.4550131489877622
5938,forsters tern,1.6744067390860899
5939,brewer sparrow,1.3486684115933985
5940,mangrove cuckoo,1.0337910338917733
5941,warbling vireo,1.3123967224050324
5942,blue winged warbler,1.130046561664769
5943,le conte sparrow,1.1353417631481482
5944,henslow sparrow,1.3101262453618563
5945,nashville warbler,1.0999199587838204
5946,florida jay,1.4548611489681591
5947,tropical kingbird,1.1508712253783242
5948,caspian tern,1.6015878287770096
5949,glaucous winged gull,1.5556065170584352
5950,black and white warbler,1.2771083145956097
5951,mourning warbler,1.1682283983895643
5952,black capped vireo,1.0823819718629282
5953,green violetear,1.4631450500821139
5954,bronzed cowbird,1.3852945470577829
5955,great grey shrike,1.454425233587646
5956,cerulean warbler,1.0784692502432285
5957,sage thrasher,1.149642639170934
5958,ruby throated hummingbird,1.532624030065703
5959,green kingfisher,1.3885824550395163
5960,shiny cowbird,1.6955395500418529
5961,prairie warbler,1.1506943896398947
5962,brewer blackbird,1.1699880547811663
5963,golden winged warbler,1.3181304599942503
5964,yellow billed cuckoo,1.2619951176743061
5965,artic tern,1.6543901606154992
5966,olive sided flycatcher,1.3524657602594097
5967,eastern towhee,1.3155950292178027
5968,sooty albatross,1.7225956716151436
5969,american pipit,1.1076370477856343
5970,northern waterthrush,1.2776958351517638
5971,german shorthaired,1.4826681374172432
5972,havanese,1.632437617798695
5973,japanese chin,1.6581652604229142
5974,leonberger,1.6661564704101273
5975,sphynx,1.3796665376087789
5976,wheaten terrier,1.408774383331076
5977,curly coated retriever,1.4689007246248473
5978,shiba dog,1.5657798965336855
5979,bichon frise,1.6190034000390048
5980,soft coated wheaten terrier,1.5652705395401694
5981,chinese crested dog,1.62391696687936
5982,german short haired pointer,1.4114242554867962
5983,japanese spitzes,1
5984,ameiurus nebulosus,1.1910464967950503
5985,crotaphytus bicinctores,1.1982320625463379
5986,rollandia rolland,1.2373301655149767
5987,anthus cervinus,1.07265212548762
5988,rana dalmatina,1.2473319672652738
5989,hyla arborea,1.3058085711438916
5990,aquila heliaca,1.5834793704882792
5991,pelophylax perezi,1.4227848421744285
5992,pelophylax ridibundus,1.4678403913847617
5993,timon lepidus,1.4434734761206962
5994,glareola pratincola,1.5584495201741255
5995,salvadora hexalepis,1.3558415336281024
5996,coleonyx variegatus,1.3449795984545674
5997,operophtera bruceata,1.3202677436040786
5998,aneides flavipunctatus,1.2010732803430253
5999,anthornis melanura,1.3365386990562578
6000,sterna paradisaea,1.7146174288404339
6001,recurvirostra avosetta,1.5546227474691805
6002,oreta rosea,1.0617582602077182
6003,argiope appensa,1.2511344616316928
6004,pica hudsonia,1.3174670205011214
6005,circus hudsonius,1.2896575909977896
6006,larus delawarensis,1.6275717346892176
6007,falco mexicanus,1.4766822848920294
6008,crocodylus acutus,1.4567196582985651
6009,lanius ludovicianus,1.2912659605860117
6010,spirula spirula,1.5283528827069959
6011,charadrius ruficapillus,1.4172638526112737
6012,tadorna tadornoides,1.6537583396421951
6013,poliocephalus poliocephalus,1.6359037996534336
6014,tiliqua rugosa,1.4035664947661197
6015,macropus fuliginosus,1.5376357233957398
6016,aythya australis,1.5674046963470816
6017,gavicalis virescens,1.1410301809506684
6018,corvus coronoides,1.2002728035659742
6019,eolophus roseicapilla,1.6055184760957331
6020,anthochaera carunculata,1.0929801780525188
6021,larus pacificus,1.4846954542403608
6022,mniotilta varia,1.0908712930687599
6023,threskiornis spinicollis,1.6678634637480516
6024,ptilotula penicillata,1.2613894695101355
6025,cacatua sanguinea,1.6671467748835296
6026,ocyphaps lophotes,1.7067443164615645
6027,phaps chalcoptera,1.1718252929490638
6028,barnardius zonarius,1.3751643278906462
6029,phylidonyris novaehollandiae,1.2344733623123525
6030,setophaga townsendi,1.2120863229369172
6031,mola mola,1.494224584814958
6032,gavia immer,1.5624769105463725
6033,charadrius nivosus,1.5265973538424755
6034,geitodoris heathi,1.2883730591233431
6035,diaulula sandiegensis,1.0422723353624153
6036,tegula brunnea,1.6252712506043159
6037,dirona albolineata,1.1600876547975012
6038,pycnopodia helianthoides,1.2528945425443652
6039,pododesmus macrochisma,1.8087791251022223
6040,dolomedes minor,1.1312027177777422
6041,phoebastria immutabilis,1.7350678030623909
6042,branta sandvicensis,1.5324084333913865
6043,neomonachus schauinslandi,1.4322441424534871
6044,spiza americana,1.4885077653957222
6045,acanthurus olivaceus,1.4384459882086635
6046,phocarctos hookeri,1.5594424951532053
6047,amphipsalta zelandica,1.1715543898288239
6048,autographa californica,1.2195846562229804
6049,eristalinus aeneus,1.1410301809506684
6050,ariolimax californicus,1.1202653743940532
6051,aythya fuligula,1.6313071040800251
6052,pyrrhocoris apterus,1.6935100529805782
6053,nerodia clarkii,1.1405016015978628
6054,crotaphytus collaris,1.4799174361227798
6055,microtus californicus,1.2819273033395739
6056,lampropeltis californiae,1.4186291566713187
6057,ammospermophilus harrisii,1.3305520880152601
6058,cenopis reticulatana,1.0719719704765893
6059,alectoris chukar,1.5391317370452606
6060,bombus vagans,1.4766655466702228
6061,thelacantha brevispina,1.1744111930314478
6062,acanthurus triostegus,1.5575459871225399
6063,sphyrapicus nuchalis,1.1184133808996091
6064,anser rossii,1.441227552798904
6065,rallus limicola,1.0999199587838204
6066,melospiza lincolnii,1.052541830788541
6067,ondatra zibethicus,1.1226732981687446
6068,triaenodon obesus,1.3734620615163555
6069,spizelloides arborea,1.345389626706941
6070,branta hutchinsii,1.6877565746342802
6071,nathalis iole,1.3751781265067011
6072,satyrium calanus,1.4580365272231139
6073,macropus rufogriseus,1.6030857454173848
6074,ommatoiulus moreleti,1
6075,phalacrocorax auritus,1.694592380353626
6076,ocypus olens,1.0822206086040866
6077,zosterops japonicus,1.2461065430775125
6078,leptuca pugilator,1.5311242950140085
6079,haplotrema vancouverense,1.3157969040546096
6080,gallirallus philippensis,1.2758224270317919
6081,papilio palamedes,1.1545433684356003
6082,burnsius albescens,1.3518075873650504
6083,lethe portlandia,1.0752873595791699
6084,geopelia striata,1.5976606943347953
6085,streptopelia chinensis,1.4424867516489133
6086,ocypode ceratophthalmus,1.1069610445109894
6087,accipiter striatus,1.3205131560699872
6088,melanitta americana,1.689947013090785
6089,turdus grayi,1.1099151731698196
6090,saltator coerulescens,1.0422723353624153
6091,zenaida asiatica,1.2855168646704294
6092,erynnis brizo,1.1312027177777422
6093,meliphaga lewinii,1.1184133808996091
6094,artamus leucorynchus,1.492328097527674
6095,cracticus torquatus,1.191432088866736
6096,varanus varius,1.1697484324661465
6097,psilorhinus morio,1.3390941776388607
6098,netta rufina,1.5575511047905088
6099,dendrocopos major,1.0506598207398967
6100,sympetrum sanguineum,1.0502185873406522
6101,megaceryle torquata,1.2379134695972682
6102,panthea furcilla,1.0788898013979071
6103,kukulcania hibernalis,1.2523482164776483
6104,phyllidia varicosa,1.3430242942634258
6105,momotus lessonii,1.1711424461225668
6106,calidris virgata,1.6457016800724964
6107,aythya collaris,1.6555366298988781
6108,nucella ostrina,1
6109,anthopleura elegantissima,1.6070880655731488
6110,zebrasoma flavescens,1.7605746889898559
6111,sialia mexicana,1.5684343909072482
6112,naso lituratus,1.6663642156841012
6113,buteo brachyurus,1.5054873906658441
6114,actinemys marmorata,1.3431668764430889
6115,rhionaeschna multicolor,1.2776237891991147
6116,numenius americanus,1.6259922159910738
6117,phosphila turbulenta,1.2588967055080151
6118,orgyia leucostigma,1.0784692502432285
6119,habrodais grunus,1.0930968632381397
6120,polygonia satyrus,1.23695787818912
6121,lon melane,1.2340169437326687
6122,papilio eurymedon,1.5184892235290199
6123,lycaena xanthoides,1.212740955481191
6124,plebejus melissa,1.3608843027082471
6125,ammospiza nelsoni,1.2976234088016516
6126,rallus obsoletus,1.2990624838240672
6127,trigoniulus corallinus,1.2844145507416855
6128,sciurus aberti,1.3579284191936907
6129,bucephala clangula,1.5579973565787326
6130,dendrocoptes medius,1.1397907799697551
6131,haematopus finschi,1.646261023238889
6132,patiriella regularis,1.4091355165825075
6133,petrolisthes elongatus,1.4978064933164998
6134,chalcophaps indica,1.1578506186725119
6135,eulamprus quoyii,1.2631196681068384
6136,lampropholis guichenoti,1.143986437399662
6137,zizina labradus,1.2349749945115085
6138,francolinus pondicerianus,1.3752865318231122
6139,pseudacris crucifer,1.2561303937413093
6140,lithobates palustris,1.3280818790827187
6141,pharomachrus mocinno,1.2393456573051189
6142,stelgidopteryx ruficollis,1.5743646387330636
6143,sporophila morelleti,1.2344733623123525
6144,thraupis palmarum,1.4165862463776393
6145,psarocolius montezuma,1.4824743035241439
6146,eleutherodactylus planirostris,1.1202653743940532
6147,piaya cayana,1.1558862939883139
6148,melanerpes hoffmannii,1.0976584077689127
6149,patagioenas fasciata,1.6451850658641556
6150,setophaga coronata,1.1410301809506684
6151,catharus guttatus,1.1600876547975012
6152,urva auropunctata,1
6153,corbicula fluminea,1.6449066383083817
6154,chrysaora fuscescens,1.4882705364538755
6155,mirounga angustirostris,1.6665314116493191
6156,oligocottus maculosus,1.2737903613209609
6157,platalea flavipes,1.4514833892743684
6158,patagioenas flavirostris,1.4854388118024651
6159,fejervarya limnocharis,1.139577067390229
6160,hemidactylus platyurus,1.163964117594821
6161,kaloula pulchra,1.3467545908148457
6162,vombatus ursinus,1.419197972558389
6163,calyptorhynchus funereus,1.4739233730605439
6164,thraupis episcopus,1.3006631794803942
6165,cyanerpes cyaneus,1.4602247075968611
6166,campylorhynchus rufinucha,1.2834273565926004
6167,larus occidentalis,1.7098657101192178
6168,sula leucogaster,1.6573411950010772
6169,cerorhinca monocerata,1.5409516240908641
6170,aechmophorus occidentalis,1.5915647533372708
6171,grapsus tenuicrustatus,1.3480856281830962
6172,nycticorax caledonicus,1.3931276126576932
6173,chalcorana chalconota,1.6833665840444092
6174,ostracion cubicus,1.233998560358514
6175,paroaria capitata,1.391439747341461
6176,crithagra mozambica,1.1934823019304328
6177,hylarana latouchii,1.2754544494145574
6178,hyles euphorbiae,1.0812017133223784
6179,sylvilagus bachmani,1.3111669036733637
6180,phalacrocorax pelagicus,1.6486730743943112
6181,vireo gilvus,1.1112925651742425
6182,vireo griseus,1.1059821103871617
6183,phoebastria nigripes,1.7244365355200351
6184,pseudacris sierra,1.2672247156031178
6185,spizella pallida,1.0644171801242628
6186,kinosternon subrubrum,1.1988092144027735
6187,limacia cockerelli,1.0644171801242628
6188,perimyotis subflavus,1.3801131952612629
6189,calidris maritima,1.5777878394124585
6190,eurycea wilderae,1.1793993129826266
6191,zonotrichia atricapilla,1.2050092268026462
6192,streptopelia decaocto,1.5733634624888135
6193,chordeiles minor,1.328537513350474
6194,calidris fuscicollis,1.5281599125895977
6195,gyrinophilus porphyriticus,1.233998560358514
6196,desmognathus quadramaculatus,1.3125996462921712
6197,megalodacne heros,1.2829435998782617
6198,bombus lapidarius,1.1555439397645999
6199,calidris pusilla,1.3932756415619583
6200,calidris minutilla,1.4328416847801597
6201,calidris bairdii,1.2782228973868637
6202,vespula pensylvanica,1.4526196329627963
6203,chenonetta jubata,1.5193844882192815
6204,cracticus nigrogularis,1.3126618663410676
6205,cormobates leucophaea,1.0541139981497294
6206,neotamias minimus,1.1579864819058578
6207,pseudocheirus peregrinus,1.1943998443933403
6208,alligator mississippiensis,1.2500700423309823
6209,protaetia cuprea,1.2285237354347276
6210,sternula antillarum,1.4503141393597607
6211,cemophora coccinea,1.2747441926999554
6212,poecile rufescens,1.1046543656030776
6213,plestiodon laticeps,1.318096692011486
6214,dispholidus typus,1.3382828600339618
6215,sitta pusilla,1.2990624838240672
6216,plegadis falcinellus,1.4359577802804857
6217,malaclemys terrapin,1.409218567103409
6218,lophaetus occipitalis,1.1091980806359787
6219,cheilomenes lunata,1.3096367317535691
6220,lithobates sphenocephalus,1.2281562322491713
6221,setophaga discolor,1.1718252929490638
6222,junonia hierta,1.2848640727968681
6223,junonia orithya,1.3549464688730932
6224,hemigrapsus nudus,1.3442842468992646
6225,larus californicus,1.459945430452491
6226,empidonax traillii,1.2769687492065911
6227,sympecma fusca,1.3657812189228151
6228,siphanta acuta,1.352275823118805
6229,chiasmia clathrata,1.0445293609559165
6230,ixoreus naevius,1.3225480932141114
6231,calopteryx splendens,1.2489886148722065
6232,limosa fedoa,1.4852021246672928
6233,bombus hypnorum,1.3922577356668655
6234,andrena fulva,1.0692712376657159
6235,sphaerophoria scripta,1.2661597937732119
6236,anisota senatoria,1.2957764895228054
6237,phobetron pithecium,1.0844521889866259
6238,volucella bombylans,1.4925842856176772
6239,lithobates pipiens,1.1356610965386131
6240,heterocampa guttivitta,1.0584270028419478
6241,dasymutilla occidentalis,1.3181538095211485
6242,hemigrapsus oregonensis,1.0999816512168019
6243,grus grus,1.6758945168128565
6244,jynx torquilla,1.2663962909882378
6245,nicrophorus vespilloides,1.3146955663524511
6246,urocitellus beldingi,1.2353079251333998
6247,emydoidea blandingii,1.4240528080179429
6248,chlidonias niger,1.6849304732353281
6249,agalychnis callidryas,1.4221644929262762
6250,dendrobates auratus,1.2818564002947843
6251,larus michahellis,1.5262603150919334
6252,pachygrapsus marmoratus,1.1046543656030776
6253,selasphorus sasin,1.3313281292494681
6254,halcyon albiventris,1.2683968298982011
6255,chroicocephalus cirrocephalus,1.5614409057715199
6256,loxia leucoptera,1.4514337432708968
6257,treron calvus,1.2831774102205973
6258,vanellus spinosus,1.6745349045819791
6259,basiliscus vittatus,1.1865925275913451
6260,gopherus polyphemus,1.4124864026418389
6261,sceloporus torquatus,1
6262,clytus arietis,1.1536304995957471
6263,haematopus ostralegus,1.6732566146003753
6264,western yellow wagtail,1.365551558113586
6265,agrypnus murinus,1.2326950179722045
6266,pyrausta despicata,1.1293261006792885
6267,arenaria melanocephala,1.6564698811108611
6268,ophiothrix spiculata,1.4774847632110089
6269,momotus mexicanus,1.2516658074487743
6270,milvus milvus,1.5764016711420967
6271,aphantopus hyperantus,1.3827675115061497
6272,argynnis paphia,1.0999816512168019
6273,bombus pratorum,1.0999816512168019
6274,coronella austriaca,1.2402357622725364
6275,glaucidium gnoma,1.3554439905808864
6276,pica nuttalli,1.3137900557977358
6277,contia tenuis,1.0502185873406522
6278,apodemia virgulti,1.325380878355876
6279,pagurus samuelis,1.2747441926999554
6280,tetraclita rubescens,1.4428315511819969
6281,anthopleura sola,1.6229927126253747
6282,okenia rosacea,1.3999468762165881
6283,hermissenda opalescens,1.3307789935708858
6284,aeronautes saxatalis,1.1271115087038546
6285,fissurella volcano,1
6286,californiconus californicus,1.4537334264758761
6287,copsychus malabaricus,1.284987288029287
6288,natrix tessellata,1.4538946815653704
6289,caracara plancus,1.4183825913812538
6290,spinus lawrencei,1.4115237110803862
6291,chroicocephalus ridibundus,1.7139040253834552
6292,somateria mollissima,1.6716144459573639
6293,apalone spinifera,1.4723249615353597
6294,kelletia kelletii,1.1984521655315874
6295,tegula eiseni,1.1718252929490638
6296,eurycea cirrigera,1.2463851291659143
6297,aplysia californica,1.2971317859850107
6298,pisaster giganteus,1.5576046684650597
6299,hypsypops rubicundus,1.5016911931299923
6300,pycnonotus barbatus,1.1536549612426048
6301,emys orbicularis,1.5660902078808152
6302,hyla versicolor,1.1112925651742425
6303,camptogramma bilineata,1.0755871784485345
6304,ochlodes sylvanus,1.130046561664769
6305,gelastocoris oculatus,1.0907789212107493
6306,ardenna pacifica,1.6779260391759456
6307,phidippus johnsoni,1.2170049163388763
6308,platycercus eximius,1.1944587322428712
6309,dendragapus obscurus,1.2704913144364649
6310,chloris chloris,1.4188920973134351
6311,euphyes dion,1.2288582087788276
6312,rhionaeschna mutata,1.0740680606407429
6313,macromia taeniolata,1.0632729011654243
6314,cicindela sexguttata,1.299530853402282
6315,etheostoma caeruleum,1.3172088961639461
6316,spatula querquedula,1.5525010642742829
6317,culaea inconstans,1.5672992616325447
6318,campostoma anomalum,1.3704428113749096
6319,amphiagrion saucium,1.2965902958703717
6320,lestes unguiculatus,1.2756785596915055
6321,nehalennia gracilis,1.2195846562229804
6322,pantala flavescens,1.1578506186725119
6323,leucorrhinia frigida,1.1793993129826266
6324,archilestes grandis,1.0557667059296529
6325,calycopis cecrops,1.2103667167677115
6326,haemorhous cassinii,1.3527739395802947
6327,poanes viator,1.1852700424059948
6328,wallengrenia egeremet,1.35410723117772
6329,plethodon glutinosus,1.1621821393357648
6330,hemidactylium scutatum,1.3337730518337778
6331,ambystoma jeffersonianum,1.2077548022736642
6332,plegadis chihi,1.4845495036885255
6333,pholisora catullus,1.2033707589335465
6334,erynnis icelus,1.0719654554786406
6335,ambystoma texanum,1.3027120295186407
6336,pteropus poliocephalus,1.685222712472126
6337,litoria peronii,1.1417608672302821
6338,cicindela punctulata,1.22690673620098
6339,cicindela tranquebarica,1.0618054539435133
6340,bittacomorpha clavipes,1.3783576871002927
6341,megacyllene robiniae,1.2264970778778839
6342,chrysis angolensis,1.1506943896398947
6343,tenodera sinensis,1.0697163976435582
6344,desmocerus palliatus,1.2794895043240571
6345,thyris sepulchralis,1.2246537661544761
6346,typocerus velutinus,1.0253742678912747
6347,aeshna constricta,1.2511747266707174
6348,epiaeschna heros,1.256425483104777
6349,lithobates catesbeianus,1.6721913019981716
6350,pantherophis vulpinus,1.2142945082321828
6351,plestiodon skiltonianus,1.2523482164776483
6352,tyrannus verticalis,1.3730443577442919
6353,speyeria aphrodite,1.3314392100821091
6354,sceloporus spinosus,1.7973987913719844
6355,polygonia progne,1.0695575317039494
6356,lethe eurydice,1.2844145507416855
6357,pompeius verna,1.2664493610955074
6358,lethe anthedon,1.4228559134843848
6359,eurytides marcellus,1.5076255689779727
6360,plathemis lydia,1.2826150538916457
6361,sympetrum vicinum,1.325755240074376
6362,lestes inaequalis,1.0695575317039494
6363,lestes dryas,1.2683968298982011
6364,toxomerus occidentalis,1.1212701841022332
6365,thamnophis saurita,1.3201994835802715
6366,boyeria vinosa,1.2617754674544424
6367,libellula needhami,1.0639539976833743
6368,macrodiplax balteata,1.2960949594728641
6369,libellula semifasciata,1.059521224082729
6370,enallagma geminatum,1.3507411927860125
6371,pantala hymenaea,1.0723931454311602
6372,arigomphus villosipes,1.0617582602077182
6373,semotilus atromaculatus,1.1237036624810577
6374,podiceps auritus,1.4008382633267769
6375,helmitheros vermivorum,1.1488734361576056
6376,rallus crepitans,1.139122286233657
6377,ammophila procera,1.0695575317039494
6378,flatormenis proxima,1.0999199587838204
6379,oriolus larvatus,1.1744111930314478
6380,bicyrtes quadrifasciatus,1.3004888325236656
6381,dissosteira carolina,1.4209536961215175
6382,schizura ipomaeae,1.0888293696408167
6383,leptinotarsa juncta,1.3225318717527985
6384,psychomorpha epimenis,1.2959050743168188
6385,eristalis transversa,1.3889498237972795
6386,oncopeltus fasciatus,1.6765972295554015
6387,monobia quadridens,1.3477879862238396
6388,pyrausta orphisalis,1.2910680774277354
6389,heliomata cycladata,1.1376993737444892
6390,hellinsia homodactylus,1.0618054539435133
6391,cycloneda munda,1.1946000034294944
6392,haplotrema minimum,1.8089540326162017
6393,sphecius speciosus,1.3290086731665056
6394,vanellus vanellus,1.6529807506924825
6395,neotibicen tibicen,1.1850886019633542
6396,prosapia bicincta,1.3973936348692086
6397,leptotes cassius,1.2149104318006128
6398,zenaida aurita,1.3324257574461091
6399,tyrannus dominicensis,1.2835229932642367
6400,thraupis sayaca,1.4338736472490394
6401,turdus chiguanco,1.4775726251252386
6402,furnarius rufus,1.392890084127745
6403,machetornis rixosa,1.469669253284632
6404,danaus erippus,1.2760171699202609
6405,pteroglossus castanotis,1.3405202722365257
6406,crotophaga major,1.2591839816674497
6407,pionus menstruus,1.6299289054155386
6408,colaptes melanochloros,1.1861093864178129
6409,rufescent tiger heron,1.0644171801242628
6410,tachybaptus dominicus,1.4262905623547013
6411,papilio thoas,1.2617754674544424
6412,grey-cowled wood rail,1.3729427350495145
6413,cyclarhis gujanensis,1.1405016015978628
6414,psarocolius decumanus,1.4348463985684319
6415,ramphastos toco,1.3876721885404824
6416,porphyrio martinica,1.2888740699536108
6417,glaucidium brasilianum,1.2882632513257264
6418,siproeta epaphus,1.4815758285831786
6419,trachycephalus typhonius,1.2379134695972682
6420,guira guira,1.4918472481002265
6421,ciconia maguari,1.4055913539389246
6422,crotalus oreganus,1.523199228740951
6423,harpaphe haydeniana,1.3761327140105357
6424,mareca penelope,1.7007231902456372
6425,saxicola rubicola,1.2975243191289794
6426,phrynosoma blainvillii,1.2500700423309823
6427,corvus caurinus,1.5463009009350861
6428,limenitis lorquini,1.1417608672302821
6429,painted lady,1.3038093209346311
6430,picoides dorsalis,1.3471795751020392
6431,batrachoseps attenuatus,1.3116344491502971
6432,neotamias dorsalis,1.1856265649637576
6433,aspidoscelis velox,1.1697484324661465
6434,tringa semipalmata,1.6557430655410048
6435,trachelipus rathkii,1.3769912094769541
6436,argopecten irradians,1.4326285394077811
6437,cosmia calami,1.4270212225863392
6438,osmia cornuta,1.6106091621467744
6439,poecile palustris,1.2170049163388763
6440,parus major,1.3265277850577961
6441,burnsius communis,1.0638527447459818
6442,caenurgina erechtea,1.0668108008859984
6443,celastrina ladon,1.475863565530535
6444,aechmophorus clarkii,1.4416248886393976
6445,ramphocelus dimidiatus,1.4778171360362418
6446,galbula ruficauda,1.363299048127242
6447,gonatodes albogularis,1.2944434500014204
6448,campephilus melanoleucos,1.1545433684356003
6449,saltator maximus,1.2946745040064973
6450,morpho helenor,1.3044548929449435
6451,eucometis penicillata,1.1255356059460109
6452,ichthyosaura alpestris,1.3152541254432843
6453,eleodes osculans,1.2672247156031178
6454,gambelia wislizenii,1.2149104318006128
6455,streptopelia orientalis,1.3683313938169663
6456,prosthemadera novaeseelandiae,1.2630217357431608
6457,chroicocephalus bulleri,1.5368862523957167
6458,cardisoma guanhumi,1.1076370477856343
6459,leucosticte tephrocotis,1.6887516645917813
6460,spatula cyanoptera,1.7063232162966797
6461,datana ministra,1.5078555087440546
6462,dryobates albolarvatus,1.1076370477856343
6463,actitis macularius,1.4140445972414526
6464,sterna forsteri,1.7021069927779342
6465,nomophila nearctica,1.1545433684356003
6466,hyla meridionalis,1.3370064307515965
6467,nyctibius griseus,1.2870091031454538
6468,catostomus commersonii,1.0697163976435582
6469,rana boylii,1.3863498467588053
6470,callophrys dumetorum,1.1773522877904901
6471,aegithalos caudatus,1.2434194031267831
6472,paraponera clavata,1.5023068200915015
6473,leptodeira septentrionalis,1.3224669103704789
6474,lycalopex culpaeus,1.4436281960684658
6475,ocypode quadrata,1.1616104863252641
6476,busarellus nigricollis,1.2160777049052571
6477,corytophanes cristatus,1.2026246327562062
6478,cacicus cela,1.6026771568269949
6479,elaenia flavogaster,1.3505665715850896
6480,turdus ignobilis,1.4151574950463701
6481,sporophila nigricollis,1.255962183414749
6482,geothlypis philadelphia,1.0918848172933129
6483,pygochelidon cyanoleuca,1.6099277226441062
6484,tiaris olivaceus,1.2846228686201071
6485,stilpnia vitriolina,1.326837110393235
6486,turdus fuscater,1.2690690578605621
6487,piranga flava,1.1558919973675941
6488,florisuga mellivora,1.5523263058858796
6489,gobiesox maeandricus,1.1508712253783242
6490,cadlina modesta,1.2329078761965098
6491,megachile sculpturalis,1.1125132966336171
6492,abracris flavolineata,1.2482096724219658
6493,ligia exotica,1.653809044390357
6494,psephotus haematonotus,1.382821308548551
6495,orthetrum villosovittatum,1.1772361273353864
6496,actinia tenebrosa,1.6745399190975565
6497,dichorda iridaria,1.0668108008859984
6498,geukensia demissa,1.4512822482740539
6499,utetheisa ornatrix,1.1621821393357648
6500,choephora fungorum,1.0506598207398967
6501,boloria bellona,1.3290801208045084
6502,pseudacris hypochondriaca,1.3051280841804591
6503,oniscus asellus,1.7110994900728373
6504,trachemys scripta,1.515984974558334
6505,mopalia muscosa,1.3158784311786285
6506,ligia occidentalis,1.3277624649068809
6507,satyrium favonius,1.0541139981497294
6508,callophrys gryneus,1.387845556774866
6509,callophrys niphon,1.1621821393357648
6510,acanthocephala declivis,1.0618054539435133
6511,pontia edusa,1.2944434500014204
6512,aglais urticae,1.3635613800872364
6513,pieris napi,1.3268273249726077
6514,chlorocebus pygerythrus,1.4782423933227207
6515,siproeta stelenes,1.4378427731125103
6516,strategus aloeus,1.3822161649893607
6517,scapanus latimanus,1.2015601669835778
6518,pygoscelis papua,1.6323587633929628
6519,mirounga leonina,1.6398705668907283
6520,anagrapha falcifera,1.1772967078205243
6521,doriopsilla fulva,1.3015377359382425
6522,erynnis juvenalis,1.356975362062701
6523,trigonopeltastes delta,1.3832098943509994
6524,desmognathus fuscus,1.0999816512168019
6525,eurycea longicauda,1.0976584077689127
6526,didymops transversa,1.0639539976833743
6527,phanogomphus lividus,1.0740680606407429
6528,ladona deplanata,1.1697484324661465
6529,callophrys henrici,1.0746460317844881
6530,thorybes pylades,1.3346659460661288
6531,rhinella marina,1.0584270028419478
6532,microtus pennsylvanicus,1.1010735937787677
6533,charadrius semipalmatus,1.612619510036494
6534,calidris mauri,1.4939420623349804
6535,dryobates pubescens,1.1727668330526038
6536,phainopepla nitens,1.0723931454311602
6537,melanerpes carolinus,1.1937191497719486
6538,chlorochroa sayi,1.3483313250373552
6539,aphonopelma iodius,1.1112925651742425
6540,menecles insertus,1.0617582602077182
6541,pantherophis guttatus,1.2900178166493397
6542,corvus ossifragus,1.5804256348119512
6543,cervus canadensis,1.5777487992757528
6544,lasiurus cinereus,1.1151250228143665
6545,clinocardium nuttallii,1.6780941270204717
6546,luxilus chrysocephalus,1
6547,lepomis megalotis,1.2103667167677115
6548,lepomis cyanellus,1.6031799377883444
6549,megalographa biloba,1.0788898013979071
6550,lasionycteris noctivagans,1.1099151731698196
6551,tamiasciurus douglasii,1.2031130482695169
6552,chroicocephalus hartlaubii,1.6098055990653206
6553,cossypha caffra,1.154671334119272
6554,zosterops virens,1.3201436669225899
6555,cinnyris chalybeus,1.4230405413061475
6556,streptopelia capicola,1.5469657816036726
6557,onychognathus morio,1.4364093112556084
6558,dolomedes scriptus,1.4245959800873955
6559,dasymutilla aureola,1.2944434500014204
6560,phyllidiella pustulosa,1.1202653743940532
6561,dryobates nuttallii,1.3040839331909622
6562,rhinella margaritifera,1.2651311967579544
6563,eurycea bislineata,1.36658060760387
6564,apheloria virginiensis,1.3960324281030054
6565,oxythyrea funesta,1.3440193027453653
6566,pyrrhosoma nymphula,1.2929531336936579
6567,epirrhoe alternata,1.0999199587838204
6568,hypsiglena chlorophaea,1.2566218979225809
6569,chionactis occipitalis,1.2586946464938991
6570,phrynosoma platyrhinos,1.1202653743940532
6571,ambystoma gracile,1.2514224244439298
6572,dicamptodon tenebrosus,1.0370123685583654
6573,ambystoma macrodactylum,1.0835541165333766
6574,vermivora chrysoptera,1.256425483104777
6575,poecile carolinensis,1.4301415458832205
6576,ardea herodias,1.5377686273826612
6577,anaxyrus punctatus,1.2920982478234242
6578,sylvilagus audubonii,1.3307455853327137
6579,paroaria coronata,1.5017352412203757
6580,spermestes cucullata,1.5359466928822794
6581,cecropis abyssinica,1.5090240673814681
6582,halcyon senegalensis,1.3097182350190675
6583,corvus albus,1.4442510115155029
6584,sylvia borin,1.4092052372936048
6585,baeolophus bicolor,1.4965694947550796
6586,cardellina pusilla,1.1645385828215993
6587,argia vivida,1.35044793726247
6588,pyrisitia lisa,1.5357666855225225
6589,passerina caerulea,1.1125132966336171
6590,autochton cellus,1.1046543656030776
6591,achalarus lyciades,1.3812993430146718
6592,bombylius major,1.0506598207398967
6593,cicindela hirticollis,1.0756063492588068
6594,megarhyssa atrata,1.3358380435483386
6595,megarhyssa macrurus,1.1938906210008144
6596,euphonia laniirostris,1.2463851291659143
6597,thamnophis ordinoides,1.212740955481191
6598,thamnophilus doliatus,1.0618054539435133
6599,sporophila corvina,1.2031130482695169
6600,engystomops pustulosus,1.1645385828215993
6601,rhinella horribilis,1.047921108750131
6602,dacnis cayana,1.3097568241884274
6603,trogon caligatus,1.1454023308625292
6604,brotogeris jugularis,1.5280427334624354
6605,ramphastos sulfuratus,1.370873362275244
6606,smilisca phaeota,1.1536304995957471
6607,anaxyrus boreas,1.2783074341622442
6608,poecile gambeli,1.1151250228143665
6609,enallagma civile,1.3809110193940586
6610,thamnophis hammondii,1.38606357851581
6611,pseudotriton ruber,1.0719654554786406
6612,neovison vison,1.3397566232968798
6613,formica obscuripes,1.4368563623612645
6614,lon hobomok,1.5477472361968161
6615,lactophrys triqueter,1.4129376948012322
6616,stenopus hispidus,1.352211037771812
6617,lophocampa argentata,1.1599520292042009
6618,phyciodes cocyta,1.4563428853437737
6619,haemulon flavolineatum,1.6819112262309928
6620,microspathodon chrysurus,1.4209390891410931
6621,bombus ternarius,1.3581845518257432
6622,larus dominicanus,1.6412393992513499
6623,anas georgica,1.5962475129225422
6624,rostanga pulchra,1.4260107900597672
6625,dirona picta,1.0697163976435582
6626,peltodoris nobilis,1.296080184235632
6627,pomacea canaliculata,1.2210138246365112
6628,plagodis alcoolaria,1.3004224137682066
6629,sphyrapicus thyroideus,1.3364558879165667
6630,speyeria callippe,1.5168978613599293
6631,argyria lacteella,1.1856265649637576
6632,harmonia axyridis,1.6999334168134819
6633,dendraster excentricus,1.5856558124232329
6634,pisaster ochraceus,1.5668418485166398
6635,phyciodes pulchella,1.1865239406019821
6636,anthopleura xanthogrammica,1.6632422758148151
6637,polites mystic,1.2514224244439298
6638,plebejus samuelis,1
6639,cicindela formosa,1.4750837463905329
6640,empidonax minimus,1.0999199587838204
6641,lestes australis,1.1010735937787677
6642,echinometra mathaei,1.5745681878924769
6643,melanerpes lewis,1.2569920179395151
6644,largus californicus,1.3757583062603351
6645,thamnophis atratus,1.0719654554786406
6646,rana draytonii,1.0976584077689127
6647,parkesia motacilla,1.3422240084295769
6648,callipepla californica,1.5992564247633281
6649,melanerpes formicivorus,1.2288582087788276
6650,ischnura cervula,1.2831589113783517
6651,dolomedes triton,1.2149104318006128
6652,necrophila americana,1.4934237160108974
6653,orienthella trilineata,1.3148063472570843
6654,archips argyrospila,1.3951138003280423
6655,megisto cymela,1.1226732981687446
6656,atta cephalotes,1.6322690016508061
6657,aulacorhynchus prasinus,1.2332596391011736
6658,trogon melanocephalus,1.2522956125003621
6659,rhynchonycteris naso,1.6698649310282181
6660,copestylum mexicanum,1.4052250710787746
6661,haemulon sciurus,1.6609761762585051
6662,chaetodon capistratus,1.5218016910052201
6663,ischnura verticalis,1.1569679285925762
6664,buteo plagiatus,1.2099918383986537
6665,caracara cheriway,1.357443653610467
6666,buteogallus anthracinus,1.1555439397645999
6667,thamnophis elegans,1.2661597937732119
6668,haploa confusa,1.1247759033308466
6669,troglodytes pacificus,1.1545445212269467
6670,hermetia illucens,1.1918675403503443
6671,phanogomphus exilis,1.1046543656030776
6672,otospermophilus beecheyi,1.3675334101778416
6673,acrocephalus scirpaceus,1.2826150538916457
6674,crotalus pyrrhus,1.1274094052768282
6675,myiarchus cinerascens,1.07265212548762
6676,triopha catalinae,1.0976584077689127
6677,aspidoscelis tigris,1.1202653743940532
6678,euphydryas chalcedona,1.4405674064973935
6679,haematopus bachmani,1.4379860753297824
6680,dermasterias imbricata,1.7577936375031471
6681,patiria miniata,1.3150623779004835
6682,alaus oculatus,1.0412476728004458
6683,strongylocentrotus purpuratus,1.6624013219965845
6684,lycaena hyllus,1.1649863515692658
6685,dorosoma cepedianum,1
6686,geranoaetus melanoleucus,1.5118350604310189
6687,mimus saturninus,1.5114186766371633
6688,lycalopex griseus,1.3595700328623446
6689,chinavia hilaris,1.4413167761122596
6690,calephelis nemesis,1.0279655702598836
6691,brephidium exilis,1.2966849302218322
6692,pontia protodice,1.2288582087788276
6693,pugettia producta,1.256425483104777
6694,perithemis intensa,1.1417608672302821
6695,polistes comanchus,1.4928599239137512
6696,adelpha eulalia,1.2945676727768729
6697,lithobates clamitans,1.3074267930329155
6698,copaeodes aurantiaca,1.3004089623415098
6699,zelus luridus,1.3116344491502971
6700,neoscona crucifera,1.1718252929490638
6701,leptoglossus oppositus,1.4855984909140749
6702,acronicta oblinita,1.0897177418052493
6703,calypte anna,1.3434183867166163
6704,pselliopus barberi,1.1894812509913812
6705,porpita porpita,1.368009142648319
6706,oecophylla smaragdina,1.5832729594825314
6707,dacelo novaeguineae,1.4426742595174362
6708,anseranas semipalmata,1.6476726584885593
6709,macropus agilis,1.4318962016821544
6710,anas castanea,1.5846397659447056
6711,euploea core,1.2477991240445774
6712,anthus novaeseelandiae,1.2769687492065911
6713,cisseps fulvicollis,1.2662794930191765
6714,acanthurus coeruleus,1.698738892037452
6715,sparisoma aurofrenatum,1.6886265266373877
6716,colaptes campestris,1.3729213341672102
6717,amazonetta brasiliensis,1.5329208152412797
6718,lagidium viscacia,1.4669325495216676
6719,petrochelidon pyrrhonota,1.6442692399138141
6720,columbina picui,1.4889829080741948
6721,chlorostilbon lucidus,1.2775319250404436
6722,patagioenas maculosa,1.482258029374772
6723,turdus amaurochalinus,1.1498606132978004
6724,natrix helvetica,1.3697774224906731
6725,charidotella sexpunctata,1.6086049264275015
6726,cordulegaster diastatops,1.052541830788541
6727,euphydryas phaeton,1.059521224082729
6728,alypia octomaculata,1.1536304995957471
6729,uresiphita reversalis,1.6326280939750872
6730,podiceps major,1.3185880317619978
6731,hymenops perspicillatus,1.31432898007631
6732,chloephaga picta,1.6512940070937887
6733,cygnus melancoryphus,1.611227566658461
6734,phoenicopterus chilensis,1.6897553119033919
6735,turdus falcklandii,1.3706925657170237
6736,tonicella lineata,1.0999816512168019
6737,nucella lamellosa,1.535681784256689
6738,calliostoma ligatum,1.2463851291659143
6739,diodora aspera,1.2827177669496455
6740,calypte costae,1.3104124871478011
6741,chondestes grammacus,1.3686363974455036
6742,xanthocephalus xanthocephalus,1.6013100928972839
6743,leucauge venusta,1.1726538524128702
6744,libellula cyanea,1.1023192905068422
6745,cicindela duodecimguttata,1.1151250228143665
6746,acanthocephala terminalis,1.0668108008859984
6747,adelpha californica,1.2944901357819603
6748,phidiana hiltoni,1.3381373559686758
6749,ischnura posita,1.0541139981497294
6750,polygonia interrogationis,1.0952372036460203
6751,scaphiopus holbrookii,1.29781977706465
6752,chrysolina fastuosa,1.2349843829662797
6753,pomacanthus paru,1.4346018905992943
6754,ichthyaetus melanocephalus,1.7154880558716559
6755,alectoris rufa,1.513982561458656
6756,emberiza calandra,1.5415317925616994
6757,aricia cramera,1.2697870593596614
6758,oenanthe oenanthe,1.2038008874196757
6759,spilostethus pandurus,1.3295769307399667
6760,falco naumanni,1.5046688846614573
6761,charadrius hiaticula,1.4830610905170141
6762,galerida cristata,1.2007754089794764
6763,circaetus gallicus,1.2281844890354108
6764,colias croceus,1.2146734354918725
6765,limosa limosa,1.4977170985980717
6766,phoenicopterus roseus,1.6901172431426974
6767,cyrtophora citricola,1.3642793427639945
6768,rhynchophorus ferrugineus,1.1545445212269467
6769,tarentola mauritanica,1.1621821393357648
6770,chroicocephalus genei,1.7094659749985301
6771,cervus nippon,1.6134258386166929
6772,nuctenea umbratica,1.3411965367714
6773,anemonia viridis,1.23695787818912
6774,psittacara erythrogenys,1.511974635660785
6775,littorina obtusata,1.2642197870847949
6776,motacilla alba,1.3905881683378767
6777,crepidula fornicata,1.365554273057324
6778,meloe violaceus,1.1648477032014801
6779,erithacus rubecula,1.3357060868655579
6780,linaria cannabina,1.5603600218116247
6781,lethe appalachia,1.3068933320670326
6782,tringa incana,1.4316478575231222
6783,ocypode gaudichaudii,1.4588751304983054
6784,grapsus grapsus,1.7409465523054224
6785,aeshna cyanea,1.0787244289437194
6786,aeshna mixta,1.1137372515663164
6787,arion ater,1.2944434500014204
6788,graphocephala fennahi,1.3875707740331187
6789,motacilla cinerea,1.2948385596526544
6790,pyronia tithonus,1.3486056394151316
6791,melanargia galathea,1.3606377985413016
6792,orgyia antiqua,1.0412476728004458
6793,plebejus argus,1.4237205712582139
6794,callophrys rubi,1.1102260891458877
6795,hipparchia semele,1.2420116397644463
6796,cordulegaster boltonii,1.1112925651742425
6797,anax imperator,1.2357545742143916
6798,libellula depressa,1.2281844890354108
6799,orthetrum coerulescens,1.1226732981687446
6800,lestes sponsa,1.3750170043142182
6801,coenagrion puella,1.5183886821478778
6802,enallagma cyathigerum,1.4223944897259164
6803,amphimallon solstitiale,1.0492121160937167
6804,sicalis flaveola,1.6315549876325406
6805,libellula pulchella,1.2204324112749749
6806,podarcis siculus,1.3895599087150581
6807,cosmopepla lintneriana,1.3390785566825163
6808,alopochen aegyptiaca,1.6162496174418888
6809,ardea intermedia,1.2221328583544153
6810,connochaetes taurinus,1.6759146681544523
6811,anax longipes,1.2431784020061671
6812,cynips douglasii,1.4898669136553797
6813,pachygrapsus crassipes,1.3122478548739664
6814,libellula axilena,1.0755871784485345
6815,bombus pascuorum,1.2699774043014025
6816,scolia hirta,1.0976584077689127
6817,leptophyes punctatissima,1.0412476728004458
6818,decticus albifrons,1.2463851291659143
6819,panulirus argus,1.3875263467132219
6820,acanthopleura granulata,1.2982552557057028
6821,argia emma,1.1793993129826266
6822,tiliqua scincoides,1.3065277212324264
6823,anthochaera chrysoptera,1.1918675403503443
6824,platycercus elegans,1.3519322880122497
6825,pseudomantis albofimbriata,1.1048218408398331
6826,diplacodes haematodes,1.0358317749114097
6827,corcorax melanorhamphos,1.5227848078110644
6828,iridomyrmex purpureus,1.6969098678444574
6829,tachycineta thalassina,1.4593272933851793
6830,scopula limboundata,1.065634723005038
6831,tetracis cachexiata,1.2901491205547599
6832,pyromorpha dimidiata,1.3293240017734707
6833,lilioceris lilii,1.3583574440436958
6834,meloe proscarabaeus,1.0930968632381397
6835,colonus hesperus,1.0516366762506926
6836,pheucticus ludovicianus,1.3840959471743777
6837,oedemera nobilis,1.0412476728004458
6838,oreaster reticulatus,1.5946866808634144
6839,chalybion californicum,1.1752510191485055
6840,mecynogea lemniscata,1.3830007034162723
6841,cacyreus marshalli,1.3613184569956687
6842,eurydema ornata,1.3044047005667423
6843,eurydema oleracea,1.3950106714868058
6844,eremnophila aureonotata,1.0638527447459818
6845,thecadactylus rapicauda,1.1860504155947358
6846,heliconius erato,1.4874220575743169
6847,tamandua mexicana,1.3595629574059473
6848,burnsius orcus,1
6849,sciurus variegatoides,1.1247759033308466
6850,trogon rufus,1.3419249801159943
6851,rhaebo haematiticus,1.2458107023467506
6852,marpesia chiron,1.5557785660456482
6853,tachycineta albilinea,1.6373373057063048
6854,trogon massena,1.2715864111517314
6855,deloyala guttata,1.1961546869410662
6856,camponotus castaneus,1.4925761668760653
6857,naphrys pulex,1.1046543656030776
6858,acanalonia bivittata,1.3216198368330832
6859,papilio zelicaon,1.5257536633822237
6860,boisea rubrolineata,1.3821141857506007
6861,libellula incesta,1.2295224834784448
6862,cacatua tenuirostris,1.6550254725753888
6863,amphibolurus muricatus,1.1555439397645999
6864,euschistus tristigmus,1.2734394478719364
6865,tachycines asynamorus,1.7565028304163182
6866,eurema daira,1.1046543656030776
6867,celithemis eponina,1.4418041770063754
6868,aliger gigas,1
6869,syritta pipiens,1.0952372036460203
6870,glutophrissa drusilla,1.0412730440121563
6871,anania funebris,1.1112925651742425
6872,zachrysia provisoria,1.3606983427951513
6873,estrilda astrild,1.6885993529685956
6874,pycnonotus cafer,1.3457509907723697
6875,neotibicen lyricen,1.1816360129311545
6876,halichoerus grypus,1.6386805447638042
6877,laphria thoracica,1.2663962909882378
6878,falco rufigularis,1.4006044497518824
6879,chromodoris annae,1.3000655669876271
6880,rissa tridactyla,1.7169234063569694
6881,ardea cinerea,1.3131761654157066
6882,phalacrocorax aristotelis,1.656685491463411
6883,tadorna tadorna,1.6549157582880094
6884,epitheca princeps,1.293555744528031
6885,sympetrum semicinctum,1.0617582602077182
6886,arion rufus,1.2771083145956097
6887,sceliphron caementarium,1.3793423118470538
6888,pseudacris cadaverina,1.1128863860581826
6889,mythimna unipuncta,1.3925449690642364
6890,graphocephala coccinea,1.4735526696939725
6891,tramea onusta,1.2672247156031178
6892,melittia cucurbitae,1.1578506186725119
6893,papilio memnon,1.5662187630767854
6894,faunis eumeus,1.2869404520920755
6895,prionus californicus,1.0617582602077182
6896,incilius nebulifer,1.1454023308625292
6897,oxidus gracilis,1.3389844649301921
6898,argynnis hyperbius,1.2033707589335465
6899,suastus gremius,1.1748887840458329
6900,cotinis nitida,1.4885997763658207
6901,acalymma vittatum,1.23603070503263
6902,phyllopalpus pulchellus,1.2054481233657524
6903,micrathena mitrata,1.1247759033308466
6904,epidalea calamita,1.3020197708133927
6905,calvia quatuordecimguttata,1.0592073304797156
6906,hetaerina americana,1.1226732981687446
6907,oophaga pumilio,1.3006859882779047
6908,ideopsis similis,1.4877075160515154
6909,orthetrum luzonicum,1.2557259367323468
6910,gracupica nigricollis,1.3118148041566216
6911,papilio protenor,1.4261317912984035
6912,mycalesis mineus,1.0695575317039494
6913,araneus trifolium,1.124175780859793
6914,calopteryx virgo,1.6047071784602958
6915,estigmene acrea,1.4001210924045382
6916,ascalapha odorata,1.0786734129499871
6917,spodoptera ornithogalli,1.2706589704705848
6918,xylophanes tersa,1.1443678792148226
6919,enallagma exsulans,1.3181121794071946
6920,argia apicalis,1.1226732981687446
6921,argia nahuana,1.3125773306636781
6922,argia sedula,1.3845670006148172
6923,telebasis salva,1.4748824689626834
6924,arigomphus submedianus,1.250413078488263
6925,leptophobia aripa,1.3574450170534207
6926,brechmorhoga mendax,1.0456570428098793
6927,dythemis velox,1.2463851291659143
6928,dythemis fugax,1.0618054539435133
6929,libellula croceipennis,1.2349749945115085
6930,bombus bimaculatus,1.139577067390229
6931,pachydiplax longipennis,1.2230441374557244
6932,sympetrum corruptum,1.2056940023814353
6933,mermiria bivittata,1.0434314726404994
6934,pyrrhocorax pyrrhocorax,1.448287230995152
6935,anthus petrosus,1.3268273249726077
6936,ardenna grisea,1.3912447957195389
6937,aimophila ruficeps,1.2667114814459306
6938,cepaea hortensis,1.3656764533368362
6939,chrysomela populi,1.3876031855560835
6940,hypanus americanus,1.0719719704765893
6941,aculus tetanothrix,1.4804359608691482
6942,lepas anatifera,1.0719654554786406
6943,melanospiza bicolor,1.1894812509913812
6944,melanchra adjuncta,1.0755871784485345
6945,plodia interpunctella,1.1656909738222399
6946,pluvialis apricaria,1.0456570428098793
6947,cordulegaster dorsalis,1.0318008495060513
6948,acronicta aceris,1.0940990512105724
6949,colibri coruscans,1.151348282334693
6950,physocephala tibialis,1.052541830788541
6951,plexippus paykulli,1.0695575317039494
6952,paonias excaecata,1.0541139981497294
6953,dendragapus fuliginosus,1.3055131868867185
6954,lepturobosca chrysocoma,1.0617582602077182
6955,amphiprion clarkii,1.6918382070284459
6956,hypolimnas misippus,1.5298860700052477
6957,oryctes nasicornis,1.4073799403405891
6958,garrulus glandarius,1.1226732981687446
6959,oedipoda caerulescens,1.3172311840935682
6960,lybius torquatus,1.1943998443933403
6961,trachyphonus vaillantii,1.1476389419873987
6962,sclerophrys gutturalis,1.0787244289437194
6963,myzinum quinquecinctum,1.415314695269928
6964,agrotis ipsilon,1.0644171801242628
6965,zanclognatha pedipilalis,1.0541139981497294
6966,acrolophus arcanella,1.5154691222692835
6967,pseudeustrotia carneola,1.0784692502432285
6968,trithemis arteriosa,1.1289854376241648
6969,merops pusillus,1.4642384233096681
6970,hippodamia variegata,1.3651979944757944
6971,pyrausta acrionalis,1.0391076232258407
6972,ostrinia nubilalis,1.1112925651742425
6973,ardeola grayii,1.1520671993279099
6974,anhinga melanogaster,1.3825875235772396
6975,athene brama,1.2096331619466971
6976,calidris pugnax,1.5071179312951992
6977,pericrocotus speciosus,1.0752873595791699
6978,vanellus indicus,1.4487996776482914
6979,microcarbo niger,1.4730107819893818
6980,threskiornis melanocephalus,1.6898790342639867
6981,ciconia episcopus,1.4444760687002378
6982,turdoides striata,1.3650370934837035
6983,hypsipetes leucocephalus,1.2008992926938769
6984,urocissa erythroryncha,1.3529061932452051
6985,dendrocygna javanica,1.6339353161978201
6986,myophonus caeruleus,1.0803970352531793
6987,pernis ptilorhynchus,1.3368431969088725
6988,coracias benghalensis,1.2033707589335465
6989,gracupica contra,1.5139032361645113
6990,copsychus saularis,1.2709205449757794
6991,corvus macrorhynchos,1.4506860007932469
6992,merops orientalis,1.2678082051409965
6993,cinnyris asiaticus,1.3718336708564181
6994,mycteria leucocephala,1.7047167097314833
6995,elanus caeruleus,1.1803583829491222
6996,lanius schach,1.3174670205011214
6997,phoenicurus fuliginosus,1.1856265649637576
6998,oriolus xanthornus,1.0550925362256391
6999,crested serpent eagle,1.3764043962617618
7000,tringa stagnatilis,1.6128840374538975
7001,halcyon smyrnensis,1.2883730591233431
7002,rostratula benghalensis,1.3411921112889393
7003,funambulus pennantii,1.4087753279236936
7004,axis axis,1.5916696090479523
7005,sambar deer,1.5474121168688275
7006,euplexia benesimilis,1.0755871784485345
7007,digrammia gnophosaria,1.2672247156031178
7008,asterocampa clyton,1.1125132966336171
7009,hermeuptychia sosybius,1.0644171801242628
7010,lygaeus turcicus,1.3832887964704204
7011,graphocephala versuta,1.3696920190618767
7012,feniseca tarquinius,1.1220824735120061
7013,ardea alba,1.5871140566027906
7014,cicada orni,1.3198544936527112
7015,limenitis reducta,1.1898451545160156
7016,penelope obscura,1.2568571570311351
7017,coereba flaveola,1.4837031821255855
7018,falcipennis canadensis,1.345389626706941
7019,tridacna maxima,1.5608494707413516
7020,luscinia svecica,1.3028234992826395
7021,coloradia pandora,1.0888293696408167
7022,enallagma ebrium,1.1555439397645999
7023,enallagma aspersum,1.3108908799338417
7024,merops bullockoides,1.6361206797556291
7025,euplectes orix,1.4132481357092621
7026,harrisina americana,1.1356610965386131
7027,perithemis tenera,1.3261713027740283
7028,neoscona oaxacensis,1.0697163976435582
7029,sphex ichneumoneus,1.1748887840458329
7030,plotosus lineatus,1.5298586330189698
7031,heterocampa biundata,1.1156461819193833
7032,spilosoma virginica,1.27065566143078
7033,smerinthus jamaicensis,1.065634723005038
7034,timandra amaturaria,1.2771083145956097
7035,eustixia pupula,1.0482121962181483
7036,epiblema otiosana,1.0784692502432285
7037,catocala amatrix,1.2979130164636217
7038,magusa divaricata,1.130046561664769
7039,lineodes integra,1.0695575317039494
7040,doriprismatica atromarginata,1.2443037340575189
7041,hemileuca eglanterina,1.3108908799338417
7042,cicindela aurulenta,1.1964040128884137
7043,heterophleps triguttaria,1.2672247156031178
7044,macaria aemulataria,1.1112925651742425
7045,phragmatobia fuliginosa,1.1426371867342175
7046,parapediasia teterrellus,1.0498652342143104
7047,anthocharis midea,1.2687956464100694
7048,abaeis nicippe,1.4103075130221949
7049,cyllopsis gemma,1.1860504155947358
7050,masticophis taeniatus,1.3077934758461047
7051,anavitrinella pampinaria,1.0502185873406522
7052,nicrophorus orbicollis,1.292101862836885
7053,paraulacizes irrorata,1.0456570428098793
7054,schinia rivulosa,1.1099151731698196
7055,ardenna creatopus,1.4281802590504764
7056,aphelocoma californica,1.3220131103420227
7057,trimerotropis verruculata,1.0506598207398967
7058,caenurgina crassiuscula,1.0572145451748172
7059,epiblema strenuana,1.0639539976833743
7060,pandemis limitata,1.2672247156031178
7061,tachyglossus aculeatus,1.2185550268042942
7062,halictus ligatus,1.4052615232618311
7063,pyrrhocorax graculus,1.6447800122798917
7064,schinia florida,1.4073906333777579
7065,dichromorpha viridis,1.2687956464100694
7066,sphinx chersis,1.1202653743940532
7067,micrathena sagittata,1.0784692502432285
7068,eusarca confusaria,1.0516366762506926
7069,lepus townsendii,1.3343057601145114
7070,lomographa vestaliata,1.0644171801242628
7071,calledapteryx dryopterata,1.0784692502432285
7072,acronicta fallax,1.2015601669835778
7073,amphipyra pyramidoides,1.2961187299067518
7074,besma quercivoraria,1.0719654554786406
7075,crambidia pallida,1.0290800106870452
7076,panopoda carneicosta,1.07265212548762
7077,baileya ophthalmica,1.1099151731698196
7078,spragueia leo,1.0492121160937167
7079,homophoberia apicosa,1.5692822367525887
7080,lithobates berlandieri,1.1821846497946897
7081,oncorhynchus mykiss,1.6391823498008151
7082,nymphalis l-album,1.1918675403503443
7083,hapithus agitator,1.1621821393357648
7084,phrynosoma hernandesi,1.1125132966336171
7085,selasphorus rufus,1.1683517251529925
7086,callopistria floridensis,1.0456570428098793
7087,striacosta albicosta,1.0723931454311602
7088,hypena deceptalis,1.0728140883195354
7089,acrolophus popeanella,1.2676261100853423
7090,colius striatus,1.3035797903094997
7091,vireo plumbeus,1.3270825215530591
7092,catocala piatrix,1.4710438696223598
7093,mythimna oxygala,1.059521224082729
7094,eucosma parmatana,1.0502185873406522
7095,hypena madefactalis,1.0638527447459818
7096,orthodes majuscula,1.0999199587838204
7097,ogdoconta cinereola,1.0492121160937167
7098,coelostathma discopunctana,1.2790531117128923
7099,jikradia olitoria,1.4613122017280236
7100,baeolophus wollweberi,1.1247759033308466
7101,porphyrio melanotus,1.4822274484769296
7102,oncorhynchus clarkii,1.2742310390804596
7103,taeniura lymma,1.0638527447459818
7104,lepidodactylus lugubris,1.1793993129826266
7105,delphinia picta,1.0644171801242628
7106,bombus rufocinctus,1.349252245216259
7107,arothron hispidus,1.3892445868055854
7108,celithemis martha,1.1715543898288239
7109,neotamias merriami,1.0358317749114097
7110,theba pisana,1.5439231150467416
7111,ocreatus underwoodii,1.3434183867166163
7112,hemileuca maia,1.6252712506043159
7113,probole amicaria,1.0572145451748172
7114,elophila icciusalis,1.0572145451748172
7115,guinusia chabrus,1.2388748539914467
7116,ostracion meleagris,1.4634737449715343
7117,duttaphrynus melanostictus,1.1667771058899361
7118,speyeria idalia,1.3337778243279197
7119,satyrium liparops,1.1247759033308466
7120,hemaris thysbe,1.1645385828215993
7121,pluvialis fulva,1.5272461565161874
7122,papilio xuthus,1.2893816266530314
7123,misumenoides formosipes,1.1578506186725119
7124,atteva aurea,1.446197343441959
7125,parus minor,1.2933262595582589
7126,zosterops simplex,1.3414795234075116
7127,chrysochus auratus,1.6101521996159778
7128,chauliognathus pensylvanicus,1.3812819015337789
7129,acrocephalus dumetorum,1.2782228973868637
7130,lepomis auritus,1.5322720181902747
7131,imantodes cenchoa,1.2872148510620127
7132,cucullia asteroides,1.3075379379452872
7133,aeshna tuberculifera,1.0502185873406522
7134,conocephalus brevipennis,1.1772967078205243
7135,microcrambus elegans,1.1048218408398331
7136,basiliscus basiliscus,1.1699013426389731
7137,toxomerus politus,1.2489886148722065
7138,trichordestra legitima,1.1072557442910123
7139,chilades lajus,1.3205466619446231
7140,charaxes bernardus,1.2559042515132406
7141,zizeeria karsandra,1.0309967060895056
7142,ypthima baldus,1.412748735448611
7143,laothoe populi,1.3622755106378235
7144,aeshna juncea,1.1443678792148226
7145,cupido comyntas,1.5483510210882281
7146,dolomedes tenebrosus,1.3133014559783986
7147,agama atra,1.0865396176015134
7148,elaphria grata,1.052541830788541
7149,stilpnia cyanicollis,1.3201666357458754
7150,lascoria ambigualis,1.1506943896398947
7151,gehyra mutilata,1.1151250228143665
7152,corvus brachyrhynchos,1.48076597337423
7153,ambystoma mavortium,1.2641994023949998
7154,triturus cristatus,1.5316872155312771
7155,chilomycterus schoepfii,1
7156,clepsis peritana,1.2537093877574517
7157,colladonus clitellarius,1.232442901701992
7158,ranoidea moorei,1
7159,phyllopteryx taeniolatus,1.3105965075439618
7160,hentzia palmarum,1.2523482164776483
7161,macaria bisignata,1.0592073304797156
7162,cyrestis thyodamas,1.3939673178670864
7163,christinus marmoratus,1.1202653743940532
7164,elophila gyralis,1.059521224082729
7165,metcalfa pruinosa,1.4744451811049897
7166,promachus rufipes,1.4167038323470134
7167,agriphila vulgivagellus,1.07265212548762
7168,camponotus novaeboracensis,1.307981614459208
7169,chrysopa oculata,1.0723931454311602
7170,scoparia biplagialis,1.2241388092445771
7171,ponometia candefacta,1.1072557442910123
7172,ancyloxypha numitor,1.0953609291783917
7173,pyrausta tyralis,1.1312027177777422
7174,setophaga nigrescens,1.1773522877904901
7175,passerina amoena,1.4027361716376707
7176,melanoplus differentialis,1.2722144556829171
7177,aquila audax,1.3475499142855889
7178,anhinga rufa,1.307837314272797
7179,cinnyris afer,1.440781063304899
7180,ceryle rudis,1.5756035928513747
7181,trichonephila fenestrata,1.4648551781738306
7182,buphagus erythrorynchus,1.5833419011190126
7183,dicrurus adsimilis,1.3366547897070025
7184,bostrychia hagedash,1.4482249276301578
7185,oecanthus niveus,1.2667114814459306
7186,stagmomantis carolina,1.1748887840458329
7187,rivula propinqualis,1.0835541165333766
7188,phlogophora periculosa,1.232442901701992
7189,neotamias amoenus,1.130046561664769
7190,polygonia faunus,1.6749984356264624
7191,crotalus molossus,1.1048218408398331
7192,aspidoscelis sonorae,1.1835878160948723
7193,orthetrum sabina,1.3555385669435518
7194,polites peckius,1.3167091172406993
7195,ceratomia undulosa,1.0855583068682406
7196,sceloporus jarrovii,1.0822206086040866
7197,nedra ramosula,1.07265212548762
7198,calidris subruficollis,1.2170049163388763
7199,sceloporus poinsettii,1.0618054539435133
7200,rabidosa rabida,1.0516366762506926
7201,myiozetetes cayanensis,1.3058085711438916
7202,lycaena gorgon,1.3190948118349632
7203,catocala ilia,1.0983796678180624
7204,attulus fasciger,1.1530310770449201
7205,gopherus morafkai,1.3181538095211485
7206,apantesis phalerata,1.2463851291659143
7207,aphelocoma coerulescens,1.3386931018438624
7208,dryocopus pileatus,1.3342608021606279
7209,lampides boeticus,1.2687956464100694
7210,neptis hylas,1.2030723685251556
7211,junonia lemonias,1.312306997264953
7212,catocala vidua,1.0719654554786406
7213,phyllidia ocellata,1.2967592534371526
7214,morus serrator,1.6995322346514088
7215,malurus splendens,1.3323340642686436
7216,sericornis frontalis,1.19812405593458
7217,sympetrum illotum,1.1112925651742425
7218,satyrium titus,1.1793993129826266
7219,sympetrum striolatum,1.2819351867595112
7220,pelegrina galathea,1.3554439905808864
7221,cicindela longilabris,1.0400710785206455
7222,libellula vibrans,1.130046561664769
7223,megascops kennicottii,1.1184475415518402
7224,tringa glareola,1.3203311029270148
7225,lanius collaris,1.0999816512168019
7226,herpyllus ecclesiasticus,1.0695575317039494
7227,evergestis pallidata,1.0784692502432285
7228,herpetotheres cachinnans,1.0557667059296529
7229,ischnura senegalensis,1.3067219921027611
7230,bagrada hilaris,1.4948306912719191
7231,feltia jaculifera,1.0695575317039494
7232,scinax ruber,1.0400710785206455
7233,argia moesta,1.4907663497320822
7234,ischnura kellicotti,1.2185550268042942
7235,neoclytus acuminatus,1.1046543656030776
7236,larus fuscus,1.6836081579311135
7237,euptoieta claudia,1.3201994835802715
7238,argiope lobata,1.1069610445109894
7239,atta texana,1.677028690330912
7240,holocnemus pluchei,1.5486098998089197
7241,epicauta pennsylvanica,1.3457871170185003
7242,pelecanus philippensis,1.6717122714550463
7243,argia translata,1.5295298988505097
7244,phalacrocorax penicillatus,1.5888029224325184
7245,chroicocephalus philadelphia,1.6911845662352276
7246,chaetura vauxi,1.1266438215834558
7247,sauromalus ater,1.2687688025223989
7248,sceloporus orcutti,1.1212701841022332
7249,pseudemys peninsularis,1.4308307684995207
7250,archilestes californicus,1.2667114814459306
7251,podarcis muralis,1.302723184514317
7252,melozone crissalis,1.0999816512168019
7253,holcosus festivus,1.1201608118272384
7254,rhinocheilus lecontei,1.0695575317039494
7255,haematopus longirostris,1.5648781269675098
7256,dicathais orbita,1.8087791251022223
7257,haematopus fuliginosus,1.5174604536481464
7258,catherpes mexicanus,1.0492121160937167
7259,polypedates leucomystax,1.3035663408754918
7260,aeshna verticalis,1.2751509850150469
7261,eulogia ochrifrontella,1.2672247156031178
7262,hierodula patellifera,1.0822085192627349
7263,scudderia mexicana,1.1848836202186646
7264,diprion similis,1.0918848172933129
7265,pantherophis emoryi,1.0886874932287065
7266,baeolophus ridgwayi,1.1748887840458329
7267,lycomorpha pholus,1.0930968632381397
7268,tramea lacerata,1.2617754674544424
7269,leptodactylus savagei,1.0695575317039494
7270,chrysochus cobaltinus,1.4440408752398974
7271,euodice malabarica,1.5423628555005406
7272,centronyx henslowii,1.1748887840458329
7273,orthetrum pruinosum,1.4564288621698205
7274,trithemis festiva,1.0812017133223784
7275,metridium senile,1.6625572561719866
7276,graphocephala atropunctata,1.420637701719031
7277,sceloporus uniformis,1.2883730591233431
7278,macaca fascicularis,1.6474096598736598
7279,amaurornis phoenicurus,1.3360171293174052
7280,cinnyris jugularis,1.4894574604124089
7281,neoscona domiciliorum,1.1048218408398331
7282,empidonax difficilis,1.3177819954902634
7283,tolype velleda,1.256425483104777
7284,microcentrum retinerve,1.0935470631316433
7285,larinioides cornutus,1.3207390467516125
7286,cucullia convexipennis,1.6252712506043159
7287,parrhasius m-album,1.1938906210008144
7288,limenitis weidemeyerii,1.1091980806359787
7289,eleodes obscura,1.0105780629914956
7290,polistes apachus,1.4838948780717021
7291,bothriechis schlegelii,1.1046543656030776
7292,labidomera clivicollis,1.3043763915665012
7293,penelope purpurascens,1.3613534595272951
7294,andricus kingi,1.5663652812159441
7295,lonchura striata,1.6363619372415459
7296,gopherus berlandieri,1.0697163976435582
7297,acronicta impleta,1.1043156405990664
7298,sceloporus olivaceus,1.2826150538916457
7299,zenaida macroura,1.368170741787619
7300,holbrookia propinqua,1
7301,hypercompe scribonia,1.0638527447459818
7302,callospermophilus saturatus,1.295869530803496
7303,thamnophis cyrtopsis,1.2809157593617784
7304,chamaeleo dilepis,1.1520671993279099
7305,stigmochelys pardalis,1.3486584361677432
7306,hyperolius marmoratus,1.2476351532227137
7307,acanthocercus atricollis,1.1293261006792885
7308,glyptemys insculpta,1.2571293544001514
7309,oxybelis aeneus,1.23167659560307
7310,linepithema humile,1.6770292764222376
7311,cereopsis novaehollandiae,1.549246178604609
7312,epiphyas postvittana,1.0617582602077182
7313,glycaspis brimblecombei,1.6471877259756744
7314,anser indicus,1.6908311144070352
7315,papilio garamas,1.2902002101103771
7316,leiothlypis ruficapilla,1.1125132966336171
7317,toxostoma curvirostre,1.4406177629164341
7318,hemiargus ceraunus,1.1622359770207304
7319,bombus huntii,1.3985168567158097
7320,bombus californicus,1.4306926625328233
7321,zelus renardii,1.163964117594821
7322,thamnophis radix,1.2364064841332052
7323,lacinipolia renigera,1.1151250228143665
7324,latrodectus hesperus,1.2677497326067448
7325,varanus salvator,1.3674014081211978
7326,ameiva ameiva,1.2344733623123525
7327,leptophis ahaetulla,1.2581156462137197
7328,hamadryas feronia,1.4694367783276856
7329,ptiliogonys cinereus,1.3410653344995342
7330,urobatis halleri,1.3941598034836526
7331,chelinidea vittiger,1.4969629074588922
7332,sphaenothecus bilineatus,1.3069533526160466
7333,amazilia beryllina,1.344424053308912
7334,empidonax occidentalis,1.0825086921961553
7335,aphelocoma woodhouseii,1.0965897005045611
7336,egretta rufescens,1.5158237264636352
7337,mantis religiosa,1.2120863229369172
7338,glena quinquelinearia,1.052541830788541
7339,hylocharis leucotis,1.2704913144364649
7340,setophaga occidentalis,1.3131323601542535
7341,catasticta nimbice,1.0728140883195354
7342,sciurus aureogaster,1.0930968632381397
7343,geothlypis tolmiei,1.3044548929449435
7344,falco cenchroides,1.1536549612426048
7345,gryllodes sigillatus,1.2706589704705848
7346,crotalus ornatus,1.3594354544017699
7347,agnorisma badinodis,1.0695575317039494
7348,thryomanes bewickii,1.3714907986616036
7349,leptocoma zeylonica,1.3505665715850896
7350,crotaphopeltis hotamboeia,1.1536549612426048
7351,zizina otis,1.07265212548762
7352,anisomorpha buprestoides,1.2681794987724373
7353,pentatoma rufipes,1.3871637102586345
7354,sunira bicolorago,1.0639539976833743
7355,neotibicen superbus,1.6231278698774432
7356,ixias pyrene,1.5665714884839559
7357,pipilo maculatus,1.3087141679014511
7358,argiope argentata,1.5546271536214897
7359,pacifastacus leniusculus,1.6465882507087533
7360,setophaga striata,1.1091980806359787
7361,vanellus miles,1.4850320508514199
7362,phyciodes mylitta,1.0976584077689127
7363,asterocampa leilia,1.0617582602077182
7364,orchelimum nigripes,1.2917828951491079
7365,idia aemula,1.1600876547975012
7366,orthemis ferruginea,1.1748887840458329
7367,hippotion scrofa,1.272982720834815
7368,menura novaehollandiae,1.2281844890354108
7369,acanthiza pusilla,1.3347585832987623
7370,pica serica,1.2483884751489747
7371,anaxyrus cognatus,1.1043156405990664
7372,hagenius brevistylus,1.2790531117128923
7373,sceloporus tristichus,1.284210658637887
7374,myadestes townsendi,1.1671367062853968
7375,anaxyrus speciosus,1.0893522322339457
7376,papilio paris,1.4019479237245611
7377,papilio polytes,1.3835449529153545
7378,pycnonotus sinensis,1.1944587322428712
7379,pycnonotus jocosus,1.3044548929449435
7380,taeniopoda eques,1.2718158213933051
7381,elymnias hypermnestra,1.1545433684356003
7382,graphium sarpedon,1.4776883191512191
7383,pseudozizeeria maha,1.3118759167038367
7384,phaedyma columella,1.2138612438634866
7385,phrynosoma mcallii,1.144352324500528
7386,anaxyrus woodhousii,1.3600994226405987
7387,myliobatis californica,1.3004089623415098
7388,lithobates blairi,1.065473399028497
7389,spea multiplicata,1.2798370047538159
7390,eleutherodactylus cystignathoides,1.6780941270204717
7391,ambystoma opacum,1.2305924128101022
7392,desmognathus conanti,1.0502185873406522
7393,plethodon albagula,1.0618054539435133
7394,graptemys pseudogeographica,1.4381475293045782
7395,kinosternon flavescens,1.3137492099264403
7396,sternotherus carinatus,1.4289743440216411
7397,nerodia taxispilota,1.1091980806359787
7398,ischnura denticollis,1.2211665257411664
7399,urbanus dorantes,1.2948546977926902
7400,laniarius ferrugineus,1.1594452504916131
7401,ptyonoprogne rupestris,1.5888230095661724
7402,buteo regalis,1.3462799871082758
7403,dicromantispa sayi,1.0668108008859984
7404,aspidoscelis exsanguis,1.1695995379413568
7405,gerrhonotus infernalis,1.0662219361520395
7406,holbrookia maculata,1.3069374481403031
7407,ophisaurus attenuatus,1.2078390734251783
7408,phrynosoma modestum,1.299497986744091
7409,urocyon littoralis,1.3178461883320687
7410,harmonia conformis,1.6822325100892184
7411,sypharochiton pelliserpentis,1.4889208040741455
7412,petroica boodang,1.1023445189407963
7413,leptograpsus variegatus,1.3083130782289807
7414,wallengrenia otho,1.1112925651742425
7415,setophaga citrina,1.2326950179722045
7416,sceloporus grammicus,1.1649863515692658
7417,sceloporus cyanogenys,1.3112053420913221
7418,agkistrodon laticinctus,1.3128625353920869
7419,lepisosteus oculatus,1.3818274759896472
7420,farancia abacura,1.1532088646683645
7421,myiarchus crinitus,1.2096067048160473
7422,heterodon nasicus,1.0979802746812253
7423,hypsiglena jani,1.1151250228143665
7424,lampropeltis gentilis,1.1202653743940532
7425,regina grahamii,1.1569679285925762
7426,sistrurus tergeminus,1.0929801780525188
7427,tantilla gracilis,1.0136249342970416
7428,thamnophis marcianus,1.3760995359254435
7429,virginia valeriae,1.0812017133223784
7430,buteo albonotatus,1.1984521655315874
7431,icterus graduacauda,1.3060982520236903
7432,trogon elegans,1.0784365265177662
7433,junco phaeonotus,1.3967358991686285
7434,setophaga graciae,1.047921108750131
7435,empidonax fulvifrons,1.1271115087038546
7436,lampornis clemenciae,1.2835138828255759
7437,calothorax lucifer,1.3440193027453653
7438,gallinago delicata,1.4108604002113099
7439,menemerus semilimbatus,1.0668108008859984
7440,zelus longipes,1.4101693015569194
7441,toxostoma rufum,1.2799047656958045
7442,apis florea,1.6695767395917054
7443,apis dorsata,1.1918675403503443
7444,tachybaptus novaehollandiae,1.3252444906375307
7445,acrocephalus australis,1.3695796327229377
7446,xylocopa tabaniformis,1.2912761656877205
7447,chrysolina bankii,1.2325277727817949
7448,cigaritis lohita,1.3976863284374572
7449,vespula alascensis,1
7450,salvadora grahamiae,1.2127480221826543
7451,chondrohierax uncinatus,1.1555439397645999
7452,ictinia mississippiensis,1.4647493564254668
7453,thalasseus elegans,1.6863661945119037
7454,larus glaucoides,1.6536964807378265
7455,urocitellus richardsonii,1.3443267934775158
7456,libellula saturata,1.2744885687191601
7457,libellula forensis,1.3193175582654089
7458,spoladea recurvalis,1.2463851291659143
7459,sylvilagus nuttallii,1.4230405413061475
7460,sphyrapicus ruber,1.1362622979886268
7461,acanthosoma haemorrhoidale,1.1112925651742425
7462,sparisoma viride,1.5836614608304416
7463,graphium agamemnon,1.391237478074618
7464,paratrechina longicornis,1.6572551792275769
7465,alisterus scapularis,1.5926051624800066
7466,regulus satrapa,1.2138683011959732
7467,geranospiza caerulescens,1.2877198015757265
7468,pantherophis alleghaniensis,1.3417793951039061
7469,dryobates borealis,1.7973987913719844
7470,melanitta deglandi,1.6732788277425223
7471,asio flammeus,1.3145849487064274
7472,gavia pacifica,1.5681361520251418
7473,ceriagrion coromandelianum,1.343158559380099
7474,phalaropus lobatus,1.6674554515542925
7475,brachyramphus marmoratus,1.3288120507280912
7476,aeshna interrupta,1.130046561664769
7477,dactylotum bicolor,1.285172613631226
7478,aphonopelma chalcodes,1.3290675572618751
7479,oncometopia orbona,1.1099151731698196
7480,peridroma saucia,1.2990624838240672
7481,megapallifera mutabilis,1.1048218408398331
7482,neurothemis fulvia,1.2356784442212709
7483,hymenia perspectalis,1.2439566321776814
7484,aulostomus chinensis,1.2981580042155674
7485,ara macao,1.6578988115153404
7486,prinia inornata,1.1545445212269467
7487,motacilla tschutschensis,1.2826150538916457
7488,limosa lapponica,1.6264063936327031
7489,empidonax alnorum,1.2007754089794764
7490,carcinus maenas,1.3468603460544237
7491,vidua macroura,1.4182894684660292
7492,furnarius leucopus,1.1860504155947358
7493,zizeeria knysna,1.1293261006792885
7494,lycaena helloides,1.2990624838240672
7495,polistes dorsalis,1.1048218408398331
7496,fluvicola nengeta,1.2103667167677115
7497,melanerpes pucherani,1.2779098400954703
7498,nerodia rhombifer,1.4324680917687793
7499,thalasseus bergii,1.7407123014530808
7500,sula sula,1.6603983274933287
7501,prosotas dubiosa,1.2091353503764828
7502,nephila pilipes,1.255962183414749
7503,zalophus wollebaeki,1.5170116341606708
7504,crotophaga ani,1.3457203452858653
7505,sula nebouxii,1.6326398113118201
7506,pteroglossus torquatus,1.480455563774757
7507,thalurania colombica,1.1860504155947358
7508,chlosyne harrisii,1.2638531148653001
7509,phalaropus tricolor,1.6265874852857092
7510,megascops asio,1.4407928356600066
7511,leiothlypis peregrina,1.2826150538916457
7512,empidonax flaviventris,1.0644171801242628
7513,calidris himantopus,1.6379232592752118
7514,urothemis signata,1.3152541254432843
7515,marmota marmota,1.1600876547975012
7516,larus glaucescens,1.6324078886646389
7517,vireo flavifrons,1.3000710821307708
7518,myiodynastes luteiventris,1.0837049835602353
7519,leiothlypis luciae,1.2704913144364649
7520,aphelocoma wollweberi,1.1984521655315874
7521,myioborus pictus,1.1600876547975012
7522,melozone fusca,1.3259699365536892
7523,callipepla squamata,1.2236483591342802
7524,desmognathus ochrophaeus,1.0787244289437194
7525,psaltriparus minimus,1.5893041668470511
7526,dysschema howardi,1.1202653743940532
7527,trichodes ornatus,1.3178961513515697
7528,selasphorus platycercus,1.381916660681052
7529,trigona fulviventris,1.5573395719787237
7530,panorpa nuptialis,1.256425483104777
7531,dythemis nigrescens,1.1841488776824001
7532,sula dactylatra,1.6350269607252099
7533,sceloporus consobrinus,1.1545433684356003
7534,scincella lateralis,1.1772967078205243
7535,belenois aurota,1.7222847032677262
7536,chlorophanes spiza,1.4916989406328205
7537,dryocopus lineatus,1.3892511748025917
7538,thalassarche melanophris,1.6832630563443669
7539,spheniscus magellanicus,1.6809516672784153
7540,abudefduf troschelii,1.6944291233281832
7541,progomphus obscurus,1.0918848172933129
7542,phyllogomphoides albrighti,1.0638527447459818
7543,leucophaeus pipixcan,1.3478824600158907
7544,sitta pygmaea,1.5295535565298737
7545,passerina versicolor,1.1558919973675941
7546,acanthis flammea,1.6358776972200069
7547,archilochus alexandri,1.2500336624720627
7548,myiarchus tuberculifer,1.0675579673903179
7549,piranga bidentata,1.2872148510620127
7550,bombus sonorus,1.1671367062853968
7551,eurema mexicana,1.4219871961037471
7552,larus hyperboreus,1.6513304581180184
7553,baeolophus inornatus,1.2661597937732119
7554,abudefduf sexfasciatus,1.6935215970247914
7555,bronchocela jubata,1.1353814099603221
7556,monadenia infumata,1
7557,coccothraustes vespertinus,1.4309493184406736
7558,hyla squirella,1.3916531733490296
7559,erythemis plebeja,1.2718158213933051
7560,lestes vigilax,1.2782228973868637
7561,aphylla angustifolia,1.059521224082729
7562,erpetogomphus designatus,1.3396078007784271
7563,enallagma praevarum,1.0572145451748172
7564,phoebis sennae,1.5245504874030797
7565,hemidactylus frenatus,1.2957764895228054
7566,hydrophasianus chirurgus,1.3647822295134611
7567,lestes alacer,1.3582213525985527
7568,lerema accius,1.1621821393357648
7569,peucaea cassinii,1.0908712930687599
7570,leptotes marina,1.2855168646704294
7571,icterus pustulatus,1.2262464825980777
7572,agapornis roseicollis,1.6132295613739114
7573,pseudoleon superbus,1.0337910338917733
7574,gomphaeschna furcillata,1.2523482164776483
7575,tachopteryx thoreyi,1.0502185873406522
7576,ictidomys tridecemlineatus,1.1454023308625292
7577,polistes major,1.5443474436062505
7578,xerospermophilus tereticaudus,1.1069610445109894
7579,calamospiza melanocorys,1.5589007036451674
7580,moduza procris,1.3305520880152601
7581,junonia atlites,1.0541139981497294
7582,orsotriaena medus,1.2672811017160008
7583,microcentrum rhombifolium,1.272982720834815
7584,enallagma basidens,1.5581617125506739
7585,incilius alvarius,1.2593645950353585
7586,megisto rubricata,1.065634723005038
7587,orthemis discolor,1.3540427459292352
7588,columbina inca,1.2648420004499068
7589,eantis tamenund,1.3482129411121553
7590,callosamia promethea,1.3641162468372283
7591,tetracha carolina,1.3072969348453203
7592,myathropa florea,1.3937909478825938
7593,charadrius wilsonia,1.3811899393461253
7594,thorybes bathyllus,1.255962183414749
7595,libellula auripennis,1.3255725445596571
7596,plestiodon inexpectatus,1.1860504155947358
7597,aratus pisonii,1.3118203310801848
7598,leiocephalus carinatus,1.0865474436541014
7599,baeolophus atricristatus,1.0844521889866259
7600,erythemis vesiculosa,1.2617179763070816
7601,halichoeres bivittatus,1.4615558618825661
7602,dromogomphus spoliatus,1.2641994023949998
7603,sialia sialis,1.435641774780835
7604,sialia currucoides,1.7148951341048289
7605,enallagma hageni,1.2826150538916457
7606,platalea regia,1.6701264238892057
7607,himantopus leucocephalus,1.6269715896734214
7608,euglandina rosea,1.0930968632381397
7609,protonotaria citrea,1.1226732981687446
7610,dendronotus venustus,1.0337910338917733
7611,crassadoma gigantea,1.4191137412065662
7612,pseudacris maculata,1.2971082729032397
7613,stylurus plagiatus,1.2672247156031178
7614,hetaerina titia,1.2809016777207152
7615,recurvirostra americana,1.7068962105382492
7616,anartia amathea,1.5152932968403996
7617,amazilia violiceps,1.2522956125003621
7618,eugenes fulgens,1.4267585738677875
7619,anas diazi,1.6577176003154523
7620,egretta novaehollandiae,1.510908558029338
7621,hirundo neoxena,1.6252141905806654
7622,ctenosaura similis,1.3267679541140569
7623,rhipidura leucophrys,1.3441396531466878
7624,plestiodon obsoletus,1.1594452504916131
7625,rasahus hamatus,1.1072557442910123
7626,carpodacus sibiricus,1.2855598880411443
7627,iambrix salsala,1.0618054539435133
7628,hirundo smithii,1.6055420101764462
7629,microcarbo africanus,1.3241797034006622
7630,ardeola ralloides,1.130046561664769
7631,anser caerulescens,1.6027682830471308
7632,eurycea lucifuga,1.1645385828215993
7633,desmognathus monticola,1.1443678792148226
7634,glossopsitta concinna,1.1555439397645999
7635,lumbricus terrestris,1.2990362842948635
7636,ascia monuste,1.2522956125003621
7637,argia fumipennis,1.296735099611662
7638,sternotherus odoratus,1.3707575714516942
7639,parnassius smintheus,1.605284329529949
7640,lestes eurinus,1.3491899491550992
7641,leucorrhinia proxima,1.293788414304597
7642,acisoma panorpoides,1.0695575317039494
7643,aeshna canadensis,1.2356784442212709
7644,somatochlora tenebrosa,1.0784692502432285
7645,gomphurus vastus,1.059521224082729
7646,libellula flavida,1.2990624838240672
7647,agriocnemis pygmaea,1.2734822848793241
7648,tholymis tillarga,1.2718815649367823
7649,neurothemis tullia,1.3074267930329155
7650,hydrocoloeus minutus,1.6857020192224033
7651,varanus bengalensis,1.2117943511769418
7652,larus crassirostris,1.6856565175646256
7653,larus livens,1.7175286978384459
7654,melanoplus femurrubrum,1.2419974256753943
7655,phaetusa simplex,1.5451244831199811
7656,psittacara holochlorus,1.509523205640197
7657,cyanoramphus novaezelandiae,1.3058218975359139
7658,ciccaba virgata,1.2671481583927777
7659,rana aurora,1.1164587993400505
7660,colibri cyanotus,1.4306864656319345
7661,anthracothorax prevostii,1.2952930221642378
7662,amazilia yucatanensis,1.2648704703418896
7663,heliodoxa jacula,1.4262744796813083
7664,selasphorus calliope,1.2010732803430253
7665,tockus leucomelas,1.2009284053645266
7666,mitrephanes phaeocercus,1.2116179878393765
7667,empidonax virescens,1.2494450053433424
7668,empidonax wrightii,1.1184133808996091
7669,myiarchus tyrannulus,1.1964040128884137
7670,tyrannus couchii,1.1069610445109894
7671,tyrannus crassirostris,1.3369881549747109
7672,tityra semifasciata,1.2758224270317919
7673,todirostrum cinereum,1.3564491310752491
7674,agelaius tricolor,1.6723222296700928
7675,tachycineta albiventer,1.5443998830445858
7676,petrochelidon fulva,1.6435887440275683
7677,toxostoma longirostre,1.2672247156031178
7678,lamprotornis nitens,1.3069919136990344
7679,artemisiospiza belli,1.0865474436541014
7680,falco femoralis,1.3305457836548265
7681,fundulus notatus,1
7682,setophaga pitiayumi,1.2676140660631472
7683,liometopum occidentale,1.6413500903777518
7684,setophaga chrysoparia,1.1405016015978628
7685,gavia stellata,1.3782420651363712
7686,myioborus miniatus,1.1212701841022332
7687,chlorospingus flavopectus,1.3337778243279197
7688,apantesis parthenice,1.1137372515663164
7689,plestiodon fasciatus,1.2056940023814353
7690,aegolius acadicus,1.3520122170477604
7691,artemisiospiza nevadensis,1.3108908799338417
7692,leucorrhinia glacialis,1.3459841041548917
7693,leucorrhinia intacta,1.2672247156031178
7694,stylogomphus albistylus,1.1112925651742425
7695,cotinis mutabilis,1.143986437399662
7696,ammospiza leconteii,1.0893522322339457
7697,tramea carolina,1.3311585796336727
7698,phyciodes phaon,1.2391541051981512
7699,lampropeltis holbrooki,1.2617795074027081
7700,pelecanus thagus,1.6491425932910484
7701,emberiza cia,1.3860073627241019
7702,circus approximans,1.3369496044176039
7703,plethodon serratus,1.3128625353920869
7704,spea hammondii,1.2083469250668002
7705,rhinella diptycha,1.6132689112006486
7706,mesembrinibis cayennensis,1.2990624838240672
7707,platalea alba,1.6036508023777982
7708,amazona autumnalis,1.3703384382257302
7709,sphecotheres vieilloti,1.3713731523169412
7710,plectropterus gambensis,1.623019217566247
7711,anas superciliosa,1.5415939691025076
7712,lophonetta specularioides,1.6565501702981975
7713,anas bahamensis,1.5550161891032372
7714,cycnia collaris,1.0823819718629282
7715,erythrodiplax berenice,1.065634723005038
7716,halysidota tessellaris,1.0822206086040866
7717,melierax canorus,1.4269979907705812
7718,buteogallus meridionalis,1.358039300834754
7719,lagopus lagopus,1.3359811402708979
7720,hierophis viridiflavus,1.24160084437831
7721,polistes fuscatus,1.5414766021568784
7722,spatula clypeata,1.652780317019042
7723,bradypus variegatus,1.1128863860581826
7724,kori bustard,1.3488901284312766
7725,burhinus bistriatus,1.2717278341868603
7726,burhinus vermiculatus,1.4565515264191302
7727,charadrius collaris,1.409101698584627
7728,austracantha minax,1.2305924128101022
7729,charadrius bicinctus,1.4236256563456249
7730,aeshna eremita,1.1943998443933403
7731,coenobita compressus,1.2658018566979634
7732,xenus cinereus,1.5387956129999125
7733,acanthodoris rhodoceras,1.3466454230881197
7734,aeolidia loui,1.3389472585655278
7735,calidris acuminata,1.5956555935340311
7736,ploceus cucullatus,1.5360488193853905
7737,nerodia fasciata,1.2799465914048112
7738,vermivora cyanoptera,1.2661597937732119
7739,platalea ajaja,1.6441885181232847
7740,brachymesia gravida,1.2782228973868637
7741,malacorhynchus membranaceus,1.6724098095337907
7742,anhinga novaehollandiae,1.1648477032014801
7743,lichmera indistincta,1.3306757997555072
7744,icterus wagleri,1.2514224244439298
7745,ammodramus savannarum,1.2058199612739025
7746,petroica macrocephala,1.3401903509529054
7747,phalacrocorax punctatus,1.5882550741475814
7748,evechinus chloroticus,1.4670620001435133
7749,cicindela repanda,1.23695787818912
7750,geranoaetus albicaudatus,1.272982720834815
7751,nyctidromus albicollis,1.0740680606407429
7752,leptotila verreauxi,1.3077163395793057
7753,arremonops rufivirgatus,1.0572145451748172
7754,adelpha fessonia,1.0865474436541014
7755,contopus pertinax,1.1865925275913451
7756,calonectris diomedea,1.5103936320711
7757,bembix americana,1.2602322742198506
7758,cyanocitta stelleri,1.2831589113783517
7759,latrodectus hasselti,1.3369909495857619
7760,boissonneaua flavescens,1.2963528924855783
7761,fulica armillata,1.3079157295487351
7762,pheucticus chrysopeplus,1.2194335025128138
7763,acanthurus nigrofuscus,1.5612906180425989
7764,parkesia noveboracensis,1.151348282334693
7765,mocis latipes,1.3894925036839827
7766,melozone aberti,1.2187659771836767
7767,cyanistes caeruleus,1.2905031779452667
7768,calocitta colliei,1.264529498913163
7769,trogon citreolus,1.0550925362256391
7770,mareca americana,1.6316844800529948
7771,cassiculus melanicterus,1.428293977828484
7772,littorina littorea,1.6602904395917908
7773,calocitta formosa,1.1142518841219331
7774,eupsittula canicularis,1.5484484141112689
7775,jacana spinosa,1.3224135880112575
7776,amazilia rutila,1.241446930854895
7777,peucaea carpalis,1.3509078292728347
7778,melanerpes chrysogenys,1.2076411369928979
7779,actophilornis africanus,1.2925045603809093
7780,terpsiphone viridis,1.1895140348682867
7781,campephilus guatemalensis,1.3112023779446633
7782,chroicocephalus serranus,1.5545181610040621
7783,anolis nebulosus,1.1762844976536784
7784,phalacrocorax brasilianus,1.6114922191287953
7785,circaetus cinereus,1.0784692502432285
7786,sarkidiornis melanotos,1.5419644411997928
7787,urbanus proteus,1.1271115087038546
7788,orgyia definita,1.4033958553501589
7789,euphonia affinis,1.3335155353410482
7790,sporophila torqueola,1.3305520880152601
7791,turdus rufopalliatus,1.1578506186725119
7792,calidris alpina,1.5485067381163193
7793,corythornis cristatus,1.2016784195964669
7794,chordeiles acutipennis,1.1860504155947358
7795,lepisosteus platyrhincus,1.4095496153280402
7796,pachyramphus aglaiae,1.052541830788541
7797,ortalis cinereiceps,1.4712291602784955
7798,ploceus velatus,1.3322555827052094
7799,burhinus capensis,1.1894812509913812
7800,cyanocompsa parellina,1.392712093407974
7801,colobura dirce,1.4555331121910133
7802,patagioenas cayennensis,1.4170621329559252
7803,pieris canidia,1.1772967078205243
7804,abisara echerius,1.132928633459463
7805,icterus bullockii,1.3508434338763355
7806,porphyrio poliocephalus,1.421909442044937
7807,habia fuscicauda,1.3102691430063025
7808,eupsittula pertinax,1.4189494883733527
7809,osmoderma scabra,1.4463444756080097
7810,garrulax perspicillatus,1.3549378329383002
7811,uraeginthus angolensis,1.4363017094745856
7812,vanellus senegallus,1.2766494268993092
7813,prinia subflava,1.2802708142700492
7814,corvus albicollis,1.3396019565081725
7815,ammospermophilus leucurus,1.1532088646683645
7816,callipepla gambelii,1.3703728031503422
7817,campylorhynchus brunneicapillus,1.4546547489563684
7818,pipilo chlorurus,1.1596378535569329
7819,clogmia albipunctata,1.059521224082729
7820,megarynchus pitangua,1.3208933810469961
7821,schistocerca lineata,1.3204126455991605
7822,barisia imbricata,1.1700022047766718
7823,rhipidura albiscapa,1.3750010119706766
7824,setophaga americana,1.1410301809506684
7825,setophaga palmarum,1.1151250228143665
7826,progne chalybea,1.6246641071291579
7827,tyrannus melancholicus,1.3193175582654089
7828,helocassis clavata,1.124250921754844
7829,polioptila melanura,1.0618054539435133
7830,sayornis nigricans,1.1671367062853968
7831,trichius fasciatus,1.1069610445109894
7832,callopistria mollissima,1.1156166141903268
7833,ischnura ramburii,1.2197366834485059
7834,leucauge argyrobapta,1.1128863860581826
7835,manorina melanocephala,1.2864422798267017
7836,agrotis infusa,1.1046543656030776
7837,setophaga castanea,1.2230441374557244
7838,ceriagrion cerinorubellum,1.1226732981687446
7839,incilius valliceps,1.1744111930314478
7840,anthus rubescens,1.1555439397645999
7841,sarcoramphus papa,1.331650300702987
7842,setophaga caerulescens,1.1558919973675941
7843,gavia arctica,1.5460106951449271
7844,orthosoma brunneum,1.0638527447459818
7845,dryobates villosus,1.3920607406872771
7846,poecile atricapillus,1.4253835715482523
7847,caripeta piniata,1
7848,chaetodon auriga,1.6089002967676787
7849,hypena abalienalis,1.0572145451748172
7850,nerice bidentata,1.0940990512105724
7851,monochamus scutellatus,1.0492121160937167
7852,chalcoela iphitalis,1.3108908799338417
7853,zonotrichia querula,1.1969524066404924
7854,phoeniconaias minor,1.6537657186575467
7855,pluvialis squatarola,1.5445071588646662
7856,terpsiphone paradisi,1.0976584077689127
7857,vireo bellii,1.1986980358521071
7858,haliastur indus,1.0584270028419478
7859,spizella atrogularis,1.047921108750131
7860,camptostoma imberbe,1.2236483591342802
7861,dione moneta,1.2853067115967163
7862,dryobates scalaris,1.3220716164669244
7863,basileuterus rufifrons,1.1312027177777422
7864,nisaetus cirrhatus,1.0412730440121563
7865,milvago chimachima,1.3312013223854011
7866,colaptes punctigula,1.2455524790168215
7867,merops ornatus,1.5440880231471728
7868,valanga irregularis,1.5001804753477881
7869,lepas anserifera,1.6516451414632951
7870,ranoidea caerulea,1.3824897750920992
7871,peucedramus taeniatus,1.0644171801242628
7872,dicrurus bracteatus,1.2848916919051989
7873,geopelia humeralis,1.3869411088292758
7874,platycercus adscitus,1.5685395249872851
7875,wallabia bicolor,1.266996261291641
7876,macropus robustus,1.2224365356146298
7877,coracina novaehollandiae,1.2361329155852705
7878,pitangus sulphuratus,1.3686318820548322
7879,rostrhamus sociabilis,1.2809157593617784
7880,tyrannus savana,1.2078390734251783
7881,entomyzon cyanotis,1.2136531447482812
7882,philemon corniculatus,1.1841488776824001
7883,oriolus sagittatus,1.293555744528031
7884,geopelia placida,1.1226732981687446
7885,scudderia septentrionalis,1.0719654554786406
7886,progne tapera,1.630528827824105
7887,vireo cassinii,1.2170049163388763
7888,odontotaenius disjunctus,1.2704913144364649
7889,centruroides vittatus,1.2829796231362547
7890,pachycephala pectoralis,1.0492121160937167
7891,todiramphus macleayii,1.0886874932287065
7892,neochmia temporalis,1.4738934715207845
7893,parabuteo unicinctus,1.5837403179017358
7894,phrynosoma orbiculare,1.1909608475768132
7895,sceloporus siniferus,1
7896,peucetia viridans,1.0755871784485345
7897,oriturus superciliosus,1.3212780134166713
7898,icterus nigrogularis,1.2831870473857836
7899,agalychnis dacnicolor,1.0957324272283908
7900,crotophaga sulcirostris,1.1454023308625292
7901,catharus ustulatus,1.0930968632381397
7902,microtia elva,1.1578506186725119
7903,ramphastos ambiguus,1.2050092268026462
7904,tersina viridis,1.5674894961642583
7905,anthracothorax nigricollis,1.3998243002862325
7906,certhiaxis cinnamomeus,1.3382780351369299
7907,jacana jacana,1.3367388029137652
7908,anser brachyrhynchus,1.4300130492964787
7909,danaus eresimus,1.3003068048853552
7910,manduca rustica,1.0516366762506926
7911,zenaida auriculata,1.418764071933772
7912,columbina passerina,1.4071608189010745
7913,apantesis proxima,1.1116556298867801
7914,gasteracantha cancriformis,1.2349749945115085
7915,tirumala limniace,1.5137465178117497
7916,colonus sylvanus,1.059521224082729
7917,pisaurina mira,1.0541139981497294
7918,corvus splendens,1.6196808397632472
7919,anastomus oscitans,1.7070275342428003
7920,acanthocephala femorata,1.1247759033308466
7921,papilio rutulus,1.2103667167677115
7922,melitaea phoebe,1.520255225816167
7923,threskiornis aethiopicus,1.5956612462613711
7924,agapostemon splendens,1.4313550334277994
7925,catharus minimus,1.0008197571338184
7926,acanthis hornemanni,1.4770244531471279
7927,calidris ruficollis,1.5763498848446171
7928,calidris temminckii,1.4447987576939707
7929,haploa lecontei,1.0812017133223784
7930,phidippus audax,1.2626913662133934
7931,gallinula tenebrosa,1.305706509502933
7932,threskiornis molucca,1.6741008175357299
7933,rhipidura fuliginosa,1.183114687750674
7934,pluvialis dominica,1.3362406352951757
7935,sinistrofulgur sinistrum,1
7936,seiurus aurocapilla,1.0618054539435133
7937,ardea cocoi,1.2804135708951938
7938,prionus laticollis,1.0855583068682406
7939,fistularia commersonii,1.3249222856774736
7940,sympetrum costiferum,1.3707044283322973
7941,argia bipunctulata,1.1645385828215993
7942,astraptes fulgerator,1.0492121160937167
7943,nymphalis californica,1.0445293609559165
7944,aglais milberti,1.3161834254124134
7945,prochoerodes lineola,1.0697163976435582
7946,diachrysia balluca,1.1555439397645999
7947,drepana arcuata,1.0639539976833743
7948,nemoria bistriaria,1.0617582602077182
7949,phaeoura quernaria,1.0824020951160875
7950,ortalis wagleri,1.2360921350684964
7951,gelochelidon nilotica,1.5830904366571201
7952,clytus ruricola,1.3871451794589436
7953,zanclus cornutus,1.5424645184976489
7954,haemorhous purpureus,1.3448305727602894
7955,cophosaurus texanus,1.1048218408398331
7956,coleomegilla maculata,1.6294677710136716
7957,xerociris wilsonii,1.1112925651742425
7958,terrapene carolina,1.3006631794803942
7959,trachemys venusta,1.4128581349761831
7960,anser fabalis,1.6207482740362198
7961,pantherophis obsoletus,1.3690727177351403
7962,thalassoma lunare,1.6835613041593578
7963,crocothemis servilia,1.1485479819304349
7964,sympetrum ambiguum,1.1112925651742425
7965,ancistrocerus antilope,1
7966,urosaurus nigricaudus,1
7967,epitheca petechialis,1.2826150538916457
7968,libellula quadrimaculata,1.3826645327618403
7969,gomphurus externus,1.6799185261763707
7970,cryptochiton stelleri,1.0572145451748172
7971,micrurus tener,1.3543846762514493
7972,sayornis saya,1.3752082551735076
7973,mareca strepera,1.571347734172559
7974,dysdera crocata,1.2672247156031178
7975,thalassoma hardwicke,1.2837280567411249
7976,ischnura perparva,1.1212701841022332
7977,hydroprogne caspia,1.6704684081582293
7978,scolopendra polymorpha,1.059521224082729
7979,cordulia shurtleffii,1.1046543656030776
7980,cordulegaster obliqua,1.1881144462807214
7981,nyctemera adversata,1.3641083438657948
7982,micronia aculeata,1.1226732981687446
7983,erebus ephesperis,1.124175780859793
7984,asota heliconia,1.2431714901165982
7985,badumna longinqua,1.1532088646683645
7986,parnassius clodius,1.2960788654025877
7987,tringa solitaria,1.5184151973988191
7988,chlosyne ehrenbergii,1.8089540326162017
7989,patagioenas leucocephala,1.0422723353624153
7990,acris blanchardi,1.2433541661334013
7991,scoliopteryx libatrix,1.4705115680978671
7992,cicadella viridis,1.4290788743851099
7993,speyeria atlantis,1.6443510425304435
7994,protographium epidaus,1.1860504155947358
7995,papilio rogeri,1.1963176588902027
7996,battus polydamas,1.3754142506208276
7997,erynnis tristis,1.3108908799338417
7998,kricogonia lyside,1.5542375358387555
7999,triopha maculata,1.2846491070441406
8000,amblyscirtes celia,1.1125132966336171
8001,myscelia ethusa,1.3310649182452421
8002,texola elada,1.5843788148104938
8003,digrammia atrofasciata,1.6252712506043159
8004,araniella displicata,1.0506598207398967
8005,achyra rantalis,1.0644171801242628
8006,oriolus chinensis,1.1860504155947358
8007,dicrurus paradiseus,1.2500700423309823
8008,eremophila alpestris,1.5299683190363083
8009,heliocypha perforata,1.3272753033704316
8010,orthetrum triangulare,1.2770129370357071
8011,diplacodes trivialis,1.1332916692776098
8012,tadorna ferruginea,1.6312476567876479
8013,lycaena phlaeas,1.0999199587838204
8014,aquarius remigis,1.2443037340575189
8015,gonepteryx rhamni,1.3513252474426216
8016,icaricia saepiolus,1.1380134997496112
8017,catharus fuscescens,1.0638527447459818
8018,tarsiger cyanurus,1.139122286233657
8019,otospermophilus variegatus,1.2568571570311351
8020,pieris marginalis,1.5639233631858256
8021,lycaena mariposa,1.3177235195319417
8022,erinnyis obscura,1.3843958825100975
8023,panoquina ocola,1.132928633459463
8024,dryobates minor,1.1449598840331339
8025,pseudohermonassa bicarnea,1.7973987913719844
8026,feralia comstocki,1.4750603606632964
8027,papaipema pterisii,1.0548794700785817
8028,adalia decempunctata,1.256425483104777
8029,anthanassa tulcis,1.3371196808220993
8030,leiothlypis celata,1.1671367062853968
8031,setophaga fusca,1.2990624838240672
8032,agrius convolvuli,1.4204704269775459
8033,boloria chariclea,1.40249822190165
8034,biblis hyperia,1.1112925651742425
8035,caria ino,1.2391541051981512
8036,traminda aventiaria,1.2280475234028621
8037,asota caricae,1.2434378616913901
8038,creatonotos transiens,1.256425483104777
8039,idaea aversata,1.330566307695523
8040,zygaena filipendulae,1.6548872857883556
8041,lyssa zampa,1.4511894800990344
8042,syntomoides imaon,1.3098774179571333
8043,smerinthus ocellata,1.3817996027476322
8044,papilio anchisiades,1.0907789212107493
8045,phlogophora meticulosa,1.7973987913719844
8046,copaeodes minima,1.1889854685556502
8047,endotricha flammealis,1.299861724949356
8048,xanthorhoe ferrugata,1.1130745434332987
8049,cabera pusaria,1.0618054539435133
8050,anthanassa texana,1.3027132679758016
8051,agrotis exclamationis,1.0976584077689127
8052,araneus diadematus,1.4375455121713427
8053,phyciodes graphica,1.052541830788541
8054,pholcus phalangioides,1.2624754513035881
8055,polites vibex,1.2523482164776483
8056,chiomara georgina,1.0755871784485345
8057,chioides albofasciatus,1.144352324500528
8058,amphispiza bilineata,1.3126382237794387
8059,noctua comes,1.355864261815009
8060,autographa gamma,1.1271115087038546
8061,olla v-nigrum,1.1271115087038546
8062,biston betularia,1.2523482164776483
8063,melanerpes uropygialis,1.2912659605860117
8064,psyllobora vigintimaculata,1.0812017133223784
8065,epirrita autumnata,1.0957324272283908
8066,gallirallus australis,1.4565596604176321
8067,ourapteryx sambucaria,1.1226732981687446
8068,carcina quercana,1.0638527447459818
8069,hypsopygia costalis,1.0492121160937167
8070,junonia coenia,1.2577004691917617
8071,passer italiae,1.4664721348274843
8072,clostera apicalis,1.0855583068682406
8073,sphinx kalmiae,1.1156461819193833
8074,hippotragus equinus,1.395278315836479
8075,aidemona azteca,1.1356610965386131
8076,pyrausta aurata,1.440280130663715
8077,coccinella californica,1
8078,leptysma marginicollis,1.0999816512168019
8079,phanaeus vindex,1.3620888814298837
8080,sistrurus miliarius,1.2770388806860282
8081,calycopis isobeon,1.1621821393357648
8082,hemiscolopendra marginata,1.1069610445109894
8083,uroctonus mordax,1.3022524333986585
8084,laphria macquarti,1.0976584077689127
8085,dendrobias mandibularis,1
8086,mallophora leschenaulti,1.3473147658399853
8087,brachygastra mellifica,1.6714623965642343
8088,microstylum morosum,1.052541830788541
8089,cicindela ocellata,1.1758241399014999
8090,timandra comae,1.2463851291659143
8091,triorla interrupta,1.2590081189824058
8092,milesia virginiensis,1.2162344291971867
8093,asterocampa celtis,1.4400274341936363
8094,endrosis sarcitrella,1.1640581108470125
8095,plectrodera scalator,1.3471161810915795
8096,mangora placida,1.1332968226017672
8097,sympetrum danae,1.3962131912037161
8098,melaenornis silens,1.1125132966336171
8099,papilio demodocus,1.3044327087658201
8100,epitheca cynosura,1.1151250228143665
8101,vanellus coronatus,1.4565875874847465
8102,celastrina lucia,1.4451413718470869
8103,anartia fatima,1.0502185873406522
8104,coccinella trifasciata,1.2944434500014204
8105,motacilla capensis,1.3465418634179325
8106,dictyophorus spumans,1.2858658277196351
8107,numenius phaeopus,1.4923249099657923
8108,ensatina eschscholtzii,1.0755871784485345
8109,lerodea eufala,1.3440193027453653
8110,falco rupicolus,1.3271396247567548
8111,anthobaphes violacea,1.1555439397645999
8112,damaliscus pygargus,1.596986954849454
8113,urocitellus columbianus,1.2738906192756041
8114,malacosoma californica,1.5477472361968161
8115,amietia fuscigula,1
8116,ypsolopha dentella,1.1010735937787677
8117,lomaspilis marginata,1.3860286913772901
8118,palpita quadristigmalis,1.1069610445109894
8119,phoenicopterus ruber,1.5580701776183274
8120,fregata magnificens,1.671707105356945
8121,pekania pennanti,1.8449003834795774
8122,pristimantis achatinus,1.2617754674544424
8123,orthetrum caledonicum,1.0812017133223784
8124,scarus ghobban,1.6901066069563084
8125,rena dulcis,1.2917575864562787
8126,euphagus cyanocephalus,1.345826310491308
8127,batrachoseps major,1.143986437399662
8128,crotalus ruber,1.2812126492409175
8129,buteo platypterus,1.3379157034558273
8130,synchlora frondaria,1.0835541165333766
8131,lestes disjunctus,1.3933556853571332
8132,aeshna palmata,1.1184133808996091
8133,palpita magniferalis,1.2966849302218322
8134,clemensia albata,1.0617582602077182
8135,spilosoma congrua,1.5477472361968161
8136,lobocleta ossularia,1.1420548459100071
8137,erythrodiplax umbrata,1.0644171801242628
8138,anoplolepis gracilipes,1.6682512982927351
8139,theretra nessus,1.1048218408398331
8140,spinus spinus,1.6552063765578193
8141,erynnis propertius,1.3672331838397127
8142,chrysomya megacephala,1.3777972278058275
8143,trachymela sloanei,1.047921108750131
8144,basiaeschna janata,1.0412476728004458
8145,macromia illinoiensis,1.2514224244439298
8146,enallagma carunculatum,1.0834677558258878
8147,enallagma divagans,1.443087742212811
8148,sympetrum internum,1.2990624838240672
8149,limacus flavus,1.4102129781698922
8150,libellula comanche,1.2779279134519523
8151,cancer productus,1.3668455517577693
8152,semibalanus cariosus,1.5825824993584043
8153,megaceryle alcyon,1.1882188850390896
8154,xylocopa sonorina,1.1793993129826266
8155,dinocardium robustum,1.1772967078205243
8156,dorocordulia libera,1.2731431546467695
8157,enallagma traviatum,1.5049638470004485
8158,lestes rectangularis,1.1574598209221412
8159,lestes forcipatus,1.4183921338823118
8160,sympetrum obtrusum,1.1545433684356003
8161,chromagrion conditum,1.3486797241550261
8162,melanis pixe,1.0644171801242628
8163,jadera haematoloma,1.4550400083284782
8164,epitheca canis,1.0634893109868004
8165,eubaphe mendica,1.0541139981497294
8166,idia americalis,1.0434314726404994
8167,pogona barbata,1.1380134997496112
8168,bucephala albeola,1.5686371532565011
8169,ceratostoma foliatum,1.1918675403503443
8170,olivella biplicata,1.4602598832597906
8171,epiactis prolifera,1.2948120868990458
8172,neophasia menapia,1.4676042108656673
8173,hyalophora euryalus,1.3268324971954957
8174,phanogomphus spicatus,1.0740680606407429
8175,pyrausta signatalis,1.7973987913719844
8176,nannothemis bella,1.2672247156031178
8177,leucorrhinia hudsonica,1.2617754674544424
8178,argia immunda,1.2617754674544424
8179,arigomphus furcifer,1.07265212548762
8180,erythrodiplax minuscula,1.0697163976435582
8181,trichonephila edulis,1.1410301809506684
8182,hemidactylus turcicus,1.1984521655315874
8183,solenopsis invicta,1.3678340066146826
8184,calopteryx aequabilis,1.3166568105158876
8185,epitheca spinigera,1.0492121160937167
8186,cordulegaster maculata,1.0865474436541014
8187,acanthis cabaret,1.2946505325693691
8188,scantius aegyptius,1.5225480880702138
8189,ariolimax buttoni,1.5672992616325447
8190,phigalia titea,1.2251616230885274
8191,lygaeus kalmii,1.65980357526281
8192,mopalia lignosa,1.353224901563485
8193,oxycarenus lavaterae,1.1151250228143665
8194,enallagma doubledayi,1.07265212548762
8195,enallagma durum,1.3342263498550084
8196,dromogomphus spinosus,1.2790531117128923
8197,armadillidium vulgare,1.6182274034243342
8198,dendrocopos leucotos,1.1645385828215993
8199,alouatta palliata,1.5734951763372966
8200,camponotus sericeiventris,1.4387571630063842
8201,sciurus granatensis,1.5477472361968161
8202,platalea minor,1.6258184855117608
8203,menemerus bivittatus,1.3128625353920869
8204,aethopyga siparaja,1.2809157593617784
8205,pycnonotus aurigaster,1.3133755376976564
8206,lithobates sylvaticus,1.1356610965386131
8207,ensis leei,1.8261284072862596
8208,morelia spilota,1.3488383251719767
8209,euphagus carolinus,1.4559074073772242
8210,oreoscoptes montanus,1.1600876547975012
8211,herichthys cyanoguttatus,1.4326478894460939
8212,charadrius mongolus,1.6841392310043384
8213,ramphocelus passerinii,1.3202755748101795
8214,great curassow,1.2591862504829476
8215,erynnis funeralis,1.4515120019588386
8216,atlides halesus,1.2149104318006128
8217,nasua nasua,1.6005751343161214
8218,chlosyne lacinia,1.1600876547975012
8219,psittacara leucophthalmus,1.6163333040993324
8220,aratinga nenday,1.6523622612238791
8221,deroceras reticulatum,1.6119347753898237
8222,batrachoseps nigriventris,1.2786404596981622
8223,plutella xylostella,1.0572145451748172
8224,veromessor pergandei,1.7034780843632937
8225,eupeodes volucris,1.0695575317039494
8226,anolis cristatellus,1.1640581108470125
8227,argia alberta,1.1380134997496112
8228,charadra dispulsa,1
8229,calcarius lapponicus,1.4431488429252159
8230,dolba hyloeus,1.0695575317039494
8231,boloria epithore,1.179903164561797
8232,dryocopus martius,1.2776958351517638
8233,polistes instabilis,1.5699808919944729
8234,sceloporus variabilis,1.1125132966336171
8235,aspidoscelis sexlineatus,1.1247759033308466
8236,delias pasithoe,1.323323089856338
8237,maruca vitrata,1.3007103473900765
8238,chrysodeixis eriosoma,1.0506598207398967
8239,leptoglossus clypealis,1.2594146435898168
8240,dysstroma citrata,1.1380134997496112
8241,papaipema inquaesita,1.0719654554786406
8242,nepytia canosaria,1.0638527447459818
8243,ichthyaetus ichthyaetus,1.6569305249093418
8244,charadrius leschenaultii,1.7128756784472032
8245,gallinula galeata,1.3504157135460007
8246,doris montereyensis,1.3380612940206726
8247,trithemis kirbyi,1.0541139981497294
8248,peridea basitriens,1.0865474436541014
8249,celastrina echo,1.6351994333021236
8250,sceloporus magister,1.1051192039561313
8251,passerculus sandwichensis,1.1555439397645999
8252,leptuca crenulata,1.5377204487466947
8253,satyrium saepium,1.4720099864156719
8254,boisea trivittata,1.7195537169388841
8255,icterus parisorum,1.1508712253783242
8256,zonotrichia capensis,1.3129263416943617
8257,platycryptus undatus,1.0918848172933129
8258,toxostoma redivivum,1.3515467379956336
8259,dermestes lardarius,1.3346659460661288
8260,pseudacris regilla,1.2304861498514001
8261,polites sabuleti,1.0999199587838204
8262,calephelis virginiensis,1.0557667059296529
8263,achlyodes pallida,1.2478332399905201
8264,tigrisoma mexicanum,1.1578506186725119
8265,eurema hecabe,1.1748887840458329
8266,spodoptera litura,1.1102260891458877
8267,endotricha mesenterialis,1.1151250228143665
8268,anthopleura artemisia,1.3610791600741627
8269,anas fulvigula,1.4991920802122687
8270,chilocorus stigma,1.0999816512168019
8271,ameiurus natalis,1.2926150448225913
8272,thomisus onustus,1.0400710785206455
8273,scathophaga stercoraria,1.5303449866824477
8274,metacarcinus magister,1.3537708827220336
8275,nehalennia irene,1.2902002101103771
8276,oxyopes scalaris,1.1130745434332987
8277,smilisca baudinii,1.0279655702598836
8278,faxonius virilis,1
8279,lestes congener,1.2531956010711305
8280,otala lactea,1.4198585425549566
8281,cryptolaemus montrouzieri,1.6070054688491737
8282,molothrus aeneus,1.638724545632896
8283,haemorhous mexicanus,1.438501898366795
8284,coenagrion resolutum,1.292101862836885
8285,enallagma vesperum,1.0668108008859984
8286,cycloneda polita,1.3294463036646667
8287,vespula germanica,1.7080137963582773
8288,exochomus quadripustulatus,1.2568571570311351
8289,kinosternon baurii,1.4712055723904738
8290,hyla femoralis,1.3223327317240496
8291,osteopilus septentrionalis,1.3285115715405591
8292,chlorochlamys chloroleucaria,1.0644171801242628
8293,papio anubis,1.6415315204557501
8294,corvus mellori,1.3410653344995342
8295,phalacrocorax sulcirostris,1.6956164643954379
8296,xanthagrion erythroneurum,1.3757790453894856
8297,spatula discors,1.6503690056683915
8298,junonia villida,1.3700477341855164
8299,aquila nipalensis,1.4642448556228735
8300,helicoverpa armigera,1.2718158213933051
8301,nyctemera baulus,1.0541139981497294
8302,vireo huttoni,1.1748887840458329
8303,belenois java,1.4698467863020759
8304,euploea tulliolus,1.5756314066080035
8305,morus bassanus,1.7466390713941404
8306,anicla infecta,1.0572145451748172
8307,chlosyne acastus,1.2170049163388763
8308,isotenes miserana,1.0999199587838204
8309,morone saxatilis,1.6917202665994648
8310,phigalia strigataria,1.0697163976435582
8311,mischocyttarus flavitarsis,1.178526439484169
8312,ardeola bacchus,1.1558919973675941
8313,callosciurus erythraeus,1.144352324500528
8314,elgaria multicarinata,1.2619951176743061
8315,cantareus apertus,1.0584270028419478
8316,orthosia hibisci,1.07265212548762
8317,steatoda nobilis,1.3232165193545693
8318,euchloe ausonides,1.243469484962247
8319,chloroceryle amazona,1.3156167887670578
8320,theristicus caudatus,1.5080839400162822
8321,amazona finschi,1.2894549303741694
8322,anthus hodgsoni,1.2146734354918725
8323,libytheana carinenta,1.2545596784406139
8324,anaxyrus quercicus,1.0400710785206455
8325,cyanopica cyanus,1.2951350083617439
8326,chloris sinica,1.3301961928686066
8327,phoenicurus auroreus,1.5077358936507392
8328,polygonia c-aureum,1.1116556298867801
8329,polygonia c-album,1.3145849487064274
8330,stellagama stellio,1.3205131560699872
8331,histrionicus histrionicus,1.6983426400197725
8332,trigonodes hyppasia,1.0272062113562279
8333,diadophis punctatus,1.1498606132978004
8334,coccinella septempunctata,1.5416823689560895
8335,thaumetopoea pityocampa,1.6130800088828146
8336,chortophaga viridifasciata,1.1046543656030776
8337,katharina tunicata,1.0755871784485345
8338,eutropis longicaudata,1.2168429805925711
8339,diaphania indica,1.0812017133223784
8340,schistocerca nitens,1.0989752524249445
8341,minuca pugnax,1.6311557904268357
8342,perina nuda,1.3898766677974534
8343,acanthocephala alata,1.7565028304163182
8344,hyla cinerea,1.4039929085278426
8345,megathura crenulata,1.0557667059296529
8346,phanogomphus militaris,1.0788898013979071
8347,orthosia cerasi,1.047921108750131
8348,scolopax minor,1.0976584077689127
8349,callophrys eryphon,1.0859515119230958
8350,spizella breweri,1.2230441374557244
8351,orthosia incerta,1.3339230055022617
8352,megaceryle maxima,1.237920974196197
8353,anacridium aegyptium,1.3366318053888486
8354,buteo swainsoni,1.2905548031594152
8355,scolopendra heros,1.0728140883195354
8356,anthracoceros albirostris,1.3882100678571803
8357,bucorvus leadbeateri,1.304950561772156
8358,lophoceros alboterminatus,1.2246537661544761
8359,lophoceros nasutus,1.3482129411121553
8360,eudynamys scolopaceus,1.264756663024895
8361,speyeria mormonia,1.1506943896398947
8362,setophaga pinus,1.1332916692776098
8363,lissachatina fulica,1.619996765746587
8364,orthosia gothica,1.3969337214496127
8365,cercopithecus mitis,1.3794926156885159
8366,polioptila caerulea,1.1247759033308466
8367,anadenobolus monilicornis,1.3594146318397164
8368,apalone ferox,1.1202653743940532
8369,trachypithecus obscurus,1.3898064327426281
8370,hyla gratiosa,1.0935470631316433
8371,ochlodes agricola,1.2120863229369172
8372,agrius cingulata,1.1697484324661465
8373,chaetura pelagica,1.6578542853635261
8374,panchlora nivea,1.3245055088289677
8375,polistes exclamans,1.6432914059469081
8376,stelgidopteryx serripennis,1.6692882769667099
8377,dermacentor occidentalis,1.0855583068682406
8378,parantica aglea,1.2281844890354108
8379,aspidoscelis gularis,1.2758224270317919
8380,ambystoma laterale,1.3291214282845549
8381,closterotomus norwegicus,1.2349749945115085
8382,graphium doson,1.628988756497904
8383,bombus melanopygus,1.3167578233627715
8384,empidonax hammondii,1.2433541661334013
8385,symbrenthia lilaea,1.1184133808996091
8386,calyptorhynchus banksii,1.6310884335766309
8387,hyalophora columbia,1.1156166141903268
8388,vanessa annabella,1.3482129411121553
8389,euploea mulciber,1.3898766677974534
8390,lexias pardalis,1.0918848172933129
8391,orgyia detrita,1.2598692779431189
8392,lethe confusa,1.3224669103704789
8393,zemeros flegyas,1.2760769332430286
8394,nerodia floridana,1.2850994825044502
8395,lithobates grylio,1.0999816512168019
8396,danaus genutia,1.5218848585214957
8397,parthenos sylvia,1.3647591138905129
8398,hyla chrysoscelis,1.333510161766142
8399,dione juno,1.4199698470458049
8400,anaxyrus fowleri,1.2458884145259954
8401,achatia distincta,1.0953609291783917
8402,phyllodesma americana,1.0784692502432285
8403,procambarus clarkii,1.0610647547253023
8404,prenolepis imparis,1.6914348507052341
8405,porzana carolina,1.0541139981497294
8406,bombycilla cedrorum,1.493745290522456
8407,satyrium californica,1.1212701841022332
8408,rhyothemis phyllis,1.0617582602077182
8409,lathrecista asiatica,1.124175780859793
8410,ischnura heterosticta,1.4402216239558969
8411,diplacodes bipunctata,1.1410301809506684
8412,phylloscopus collybita,1.3614166519781468
8413,anaea aidea,1.1545445212269467
8414,vireo philadelphicus,1.1422255642986634
8415,emmelina monodactyla,1.07265212548762
8416,aneides aeneus,1.2975243191289794
8417,ara ararauna,1.4315578820552954
8418,hypothymis azurea,1.3156167887670578
8419,ellychnia corrusca,1.4025830620667605
8420,obeidia tigrata,1.2617754674544424
8421,eurema blanda,1.6507020514750907
8422,cirrhitichthys aprinus,1.2626913662133934
8423,lonchura atricapilla,1.630756383939441
8424,haliaeetus leucogaster,1.6413412675536758
8425,irediparra gallinacea,1.4036804821271656
8426,tapinoma sessile,1.6149212209525761
8427,trichiotinus texanus,1.2475016536568451
8428,otiorhynchus sulcatus,1.1498606132978004
8429,scaphiopus couchii,1.1578506186725119
8430,haliastur sphenurus,1.4543251401461026
8431,aplonis panayensis,1.3775275971400054
8432,chloroceryle americana,1.243970078359224
8433,spinus psaltria,1.3370064307515965
8434,pecari tajacu,1.6780941270204717
8435,erinnyis ello,1.6847631878715719
8436,ortalis poliocephala,1.3046860983074171
8437,sphenarches anisodactylus,1.0784692502432285
8438,pterophorus pentadactyla,1.1649863515692658
8439,cicindela campestris,1.3573192536124241
8440,tegosa claudina,1.5125603062442465
8441,phoberia atomaris,1.0662219361520395
8442,chlidonias hybrida,1.5774274490553279
8443,dendrelaphis punctulatus,1.2054481233657524
8444,anaea andria,1.1130745434332987
8445,glyphodes onychinalis,1.2769687492065911
8446,murgantia histrionica,1.4655343318748411
8447,paragus haemorrhous,1.2936493005236325
8448,zopherus nodulosus,1.5344214894356334
8449,frontinella pyramitela,1.2760171699202609
8450,battus philenor,1.2138683011959732
8451,pieris oleracea,1.3461617131341796
8452,argia plana,1.1023192905068422
8453,erynnis baptisiae,1.1202653743940532
8454,salvator merianae,1.4572206363828268
8455,apiomerus californicus,1.2638531148653001
8456,toxomerus geminatus,1.1532088646683645
8457,plagodis phlogosaria,1.0549706583018545
8458,cladara atroliturata,1.0435208914649907
8459,anticlea vasiliata,1.0668108008859984
8460,sylvicapra grimmia,1.2866947399526398
8461,camnula pellucida,1.1202653743940532
8462,callosamia angulifera,1.059521224082729
8463,scalopus aquaticus,1.5477472361968161
8464,pisaura mirabilis,1.3781955313090835
8465,columba guinea,1.5872130176842794
8466,anthropoides paradiseus,1.5002823302711747
8467,prinia maculosa,1.3232165193545693
8468,buteo rufofuscus,1.1988092144027735
8469,orgyia postica,1.1356610965386131
8470,promerops cafer,1.1250315084986218
8471,nectarinia famosa,1.2391503196444369
8472,oenanthe familiaris,1.2617179763070816
8473,telophorus zeylonus,1.3507771501091121
8474,dendrocygna autumnalis,1.5973956086878121
8475,xylocopa micans,1.2794908904190994
8476,syngrapha rectangula,1.047921108750131
8477,cochlicella barbara,1.3937042030087825
8478,aramides albiventris,1.3207258428035948
8479,alouatta pigra,1.5271288569305552
8480,terathopius ecaudatus,1.5414963074232064
8481,bubo africanus,1.3283900108122537
8482,setophaga tigrina,1.0788898013979071
8483,tessellana tessellata,1.1026715794343827
8484,kleidocerys resedae,1.560743237328817
8485,tetraopes femoratus,1.065634723005038
8486,cysteodemus armatus,1.3279748531623965
8487,pantomorus cervinus,1
8488,cycloneda sanguinea,1.3174670205011214
8489,smerinthus ophthalmica,1
8490,chlosyne palla,1.1069610445109894
8491,euchromius ocellea,1.3092725782333889
8492,plagodis pulveraria,1.0618054539435133
8493,syndemis afflictana,1.6780941270204717
8494,zale minerea,1.0695575317039494
8495,endothenia hebesana,1.1048218408398331
8496,paectes oculatrix,1.0695575317039494
8497,allotria elonympha,1.3611574505947173
8498,mellilla xanthometata,1.0572145451748172
8499,cyclophora packardi,1.1151250228143665
8500,idaea degeneraria,1.0697163976435582
8501,nemoria lixaria,1.2434378616913901
8502,athetis tarda,1.23695787818912
8503,epimecis hortaria,1.0639539976833743
8504,furcula borealis,1.0719654554786406
8505,acronicta insularis,1.0822815373591443
8506,hethemia pistasciaria,1.256425483104777
8507,polistes aurifer,1.5870133211540436
8508,chionodes mediofuscella,1.0349622746878269
8509,cladara limitaria,1.2195846562229804
8510,merops apiaster,1.5160454169073874
8511,anas erythrorhyncha,1.6093955567718334
8512,quelea quelea,1.4011632439154582
8513,thyatira batis,1.0618054539435133
8514,cnaphalocrocis medinalis,1.0907789212107493
8515,lagonosticta senegala,1.4929898853827233
8516,corythaixoides concolor,1.4246205299029344
8517,coracias caudatus,1.1671367062853968
8518,eutrapela clemataria,1.0644171801242628
8519,charadrius dubius,1.434215662298709
8520,gonepteryx cleopatra,1.1748887840458329
8521,boloria euphrosyne,1.139122286233657
8522,euphydryas aurinia,1.3554439905808864
8523,pternistis capensis,1.4633749784847605
8524,muscicapa adusta,1.2399391529538661
8525,andropadus importunus,1.22690673620098
8526,pyrops candelaria,1.4239771309694116
8527,smerinthus cerisyi,1.2617179763070816
8528,crotalus horridus,1.3505700567959007
8529,euphoria inda,1.700729187383069
8530,bradybaena similaris,1.3212743992865628
8531,turdus olivaceus,1.2882632513257264
8532,sylvia melanocephala,1.2427118567975768
8533,thasus gigas,1.5244813268287274
8534,molothrus ater,1.5695821509766752
8535,paltothemis lineatipes,1.20138404647617
8536,acronicta rubricoma,1.2015601669835778
8537,phylidonyris niger,1.3263944437842423
8538,brunia antica,1.1697484324661465
8539,trimerotropis pallidipennis,1.0755871784485345
8540,icaricia acmon,1.2434378616913901
8541,cynanthus latirostris,1.4356332043093802
8542,macronyx croceus,1.0976584077689127
8543,discus rotundatus,1.5643554119211198
8544,porcellio spinicornis,1.0572145451748172
8545,halictus rubicundus,1.3580704425722332
8546,mallodon dasystomus,1.2195846562229804
8547,falco vespertinus,1.4992178754395322
8548,lanius collurio,1.3760124865246035
8549,acraea serena,1.1984521655315874
8550,hirundo albigularis,1.4540078912676084
8551,bombus vosnesenskii,1.2077548022736642
8552,camponotus modoc,1.6847631878715719
8553,libellula fulva,1.0618054539435133
8554,lasiommata megera,1.1485479819304349
8555,magallana gigas,1.2917575864562787
8556,leptoptilos crumenifer,1.6270556383493322
8557,passer diffusus,1.2738906192756041
8558,haliaeetus vocifer,1.3181547276367298
8559,cornu aspersum,1.4290051747111558
8560,vanellus armatus,1.5884871757221921
8561,necrosyrtes monachus,1.6108718274871434
8562,charadrius tricollaris,1.2102636335821542
8563,chrysodeixis includens,1.0723931454311602
8564,charadra deridens,1.0859515119230958
8565,augochlora pura,1.2760171699202609
8566,acytolepis puspa,1.3558979714549242
8567,lomographa glomeraria,1.0719654554786406
8568,philoscia muscorum,1.3131062982157706
8569,zygogramma signatipennis,1.3458794653248887
8570,buteogallus urubitinga,1.2083469250668002
8571,chloropicus fuscescens,1
8572,armases cinereum,1.6780941270204717
8573,ploceus ocularis,1.3111457243881466
8574,diglossa baritula,1.224516154861474
8575,icterus abeillei,1.3037489144389123
8576,coenonympha pamphilus,1.3381373559686758
8577,dryoscopus cubla,1.0907789212107493
8578,psamatodes abydata,1.0907789212107493
8579,anthocharis sara,1.4512678603450775
8580,euphilotes bernardino,1.230219567943863
8581,hemigrapsus sanguineus,1.503617517198069
8582,phoeniculus purpureus,1.2260040791269666
8583,sachem,1.3288476695492555
8584,quiscalus lugubris,1.3509480268456275
8585,callophrys augustinus,1.3114647993952397
8586,phalera bucephala,1.2803954164757112
8587,charadrius marginatus,1.4038936771535719
8588,thysanoplusia orichalcea,1.0572145451748172
8589,pontia daplidice,1.2568571570311351
8590,lophophanes cristatus,1.1946000034294944
8591,idaea seriata,1.293555744528031
8592,diplolepis polita,1.6560009363526271
8593,passer melanurus,1.5394633356616187
8594,ardea melanocephala,1.5387372675554747
8595,anthus cinnamomeus,1.1184133808996091
8596,passerina ciris,1.4105833542978867
8597,darapsa myron,1.0644171801242628
8598,merodon equestris,1.2805138905897961
8599,thyridopteryx ephemeraeformis,1.2050092268026462
8600,salticus scenicus,1.052541830788541
8601,coccyzus americanus,1.1586107152929686
8602,amphion floridensis,1.1889854685556502
8603,typocerus zebra,1.1247759033308466
8604,butorides virescens,1.1380134997496112
8605,xanthorhoe lacustrata,1.1151250228143665
8606,pituophis catenifer,1.4649933792148473
8607,charadrius alexandrinus,1.343930771007642
8608,mocis frugalis,1.0370123685583654
8609,ladona julia,1.1010735937787677
8610,mangora acalypha,1.2617754674544424
8611,cabera erythemaria,1.256425483104777
8612,sciurus yucatanensis,1.2882632513257264
8613,graptemys ouachitensis,1.065634723005038
8614,acronicta rumicis,1.2410845897572504
8615,atalantycha bilineata,1.1091980806359787
8616,dendrocygna bicolor,1.6087016041172071
8617,callospermophilus lateralis,1.0976584077689127
8618,fulica cristata,1.4081825108596684
8619,phalacrocorax capensis,1.6681078689660294
8620,elaphria versicolor,1.1151250228143665
8621,charadrius pecuarius,1.2120863229369172
8622,accipiter badius,1.2126733956756233
8623,lobophora nivigerata,1.0618054539435133
8624,centropus superciliosus,1.2385090892953075
8625,brotogeris chiriri,1.4279160374500202
8626,ancistrocerus gazella,1.0502185873406522
8627,ceratomia amyntor,1.1671367062853968
8628,hemieuxoa rudens,1.0112743853075115
8629,doxocopa laure,1.1048218408398331
8630,morrisonia confusa,1.0784365265177662
8631,zapornia flavirostra,1.1558919973675941
8632,haematopus moquini,1.5991310308119293
8633,gyps africanus,1.6690883494945687
8634,plestiodon gilberti,1.1802525176330696
8635,calidris minuta,1.5833876759986589
8636,lanius minor,1.3573192536124241
8637,plocepasser mahali,1.295254826322483
8638,armadillidium nasatum,1.2698506941862944
8639,mesoleuca ruficillata,1.0784692502432285
8640,dryocampa rubicunda,1.4526073159745794
8641,icterus cucullatus,1.1376993737444892
8642,camponotus pennsylvanicus,1.6985258331407649
8643,zerynthia rumina,1.2188830240564748
8644,catopsilia florella,1.4879402027567781
8645,clepsis melaleucana,1.0638527447459818
8646,epilachna mexicana,1.6780941270204717
8647,acronicta superans,1.2672247156031178
8648,hyppa xylinoides,1.3004224137682066
8649,ecliptopera silaceata,1.0812017133223784
8650,anartia jatrophae,1.3726465895011901
8651,chersina angulata,1.2881752641192816
8652,trachylepis margaritifera,1.2463851291659143
8653,trachylepis striata,1.22543659213623
8654,ophisaurus ventralis,1.3044644883830074
8655,dolichovespula arenaria,1.5455208131515841
8656,satyrium sylvinus,1.2790531117128923
8657,podargus strigoides,1.5382357402755518
8658,pachycephala rufiventris,1.1192253985576759
8659,ardea pacifica,1.3386411340502131
8660,arion subfuscus,1.3513252474426216
8661,anolis biporcatus,1.052541830788541
8662,basiliscus plumifrons,1.272982720834815
8663,urticina grebelnyi,1.4347673165519437
8664,clostera albosigma,1.1023192905068422
8665,neverita lewisii,1.3484216360827412
8666,campaea perlata,1.1226732981687446
8667,hyposidra talaca,1.0400710785206455
8668,carabus nemoralis,1.4114737056323008
8669,papilio helenus,1.4469506184942982
8670,phocides polybius,1.1344159216053888
8671,perispasta caeculalis,1.0592073304797156
8672,renia flavipunctalis,1.0502185873406522
8673,cheilomenes sexmaculata,1.4078673793391892
8674,scolopendra cingulata,1.3174657364649009
8675,tabanus atratus,1.0572145451748172
8676,euphyia intermediata,1.3434870322789392
8677,cactophagus spinolae,1.1508712253783242
8678,korscheltellus lupulina,1.0639539976833743
8679,hippotion celerio,1.3145849487064274
8680,catopsilia pomona,1.4420060441472793
8681,papilio demoleus,1.1691649960367687
8682,sassacus vitis,1.2820506399258889
8683,sceloporus clarkii,1.0592073304797156
8684,columba oenas,1.5865703019873401
8685,alaus lusciosus,1.0662219361520395
8686,hypomecis punctinalis,1.0638527447459818
8687,agrotis segetum,1.2513211431574023
8688,craniophora ligustri,1.0719654554786406
8689,elasmostethus interstinctus,1.4244292301178163
8690,chauliognathus marginatus,1.2850994825044502
8691,vireo olivaceus,1.0865396176015134
8692,blastobasis glandulella,1
8693,ochropleura implecta,1.3004224137682066
8694,trabala vishnou,1.4374811321332905
8695,darapsa choerilus,1.2661597937732119
8696,plagodis serinaria,1.2292563960024681
8697,lophocampa caryae,1.0728140883195354
8698,euparthenos nubilis,1.0309967060895056
8699,chytonix palliatricula,1.0888293696408167
8700,milionia zonea,1.3911270116341028
8701,agrilus planipennis,1.2120863229369172
8702,condica vecors,1.07265212548762
8703,coryphista meadii,1.0309967060895056
8704,leuconycta diphteroides,1.2672247156031178
8705,lon zabulon,1.2391541051981512
8706,hypsipetes amaurotis,1.0719719704765893
8707,orthetrum albistylum,1.0976584077689127
8708,chytolita morbidalis,1.1046543656030776
8709,cicindela trifasciata,1.1459985735626712
8710,mydas clavatus,1.3573801230267799
8711,baileya doubledayi,1.0502185873406522
8712,apamea sordens,1.1607780567148491
8713,stenomacra marginella,1.556128848787885
8714,lycaena arota,1.3076905412651521
8715,pogonomyrmex californicus,1.6795454982023359
8716,elanus axillaris,1.3486638728382543
8717,heliopetes ericetorum,1.2433541661334013
8718,colluricincla harmonica,1.1353814099603221
8719,pardalotus striatus,1.3313517620141828
8720,orthetrum chrysis,1.3606754500518377
8721,epiblema scudderiana,1.0272062113562279
8722,scarites subterraneus,1.3913457081859517
8723,emerita talpoida,1.2604223251216315
8724,ponometia erastrioides,1.059521224082729
8725,apiomerus spissipes,1.292101862836885
8726,platynota idaeusalis,1.0370123685583654
8727,protodeltote albidula,1.0502185873406522
8728,rhodobaenus quinquepunctatus,1.0755871784485345
8729,cyprinus rubrofuscus,1.4447720090517731
8730,thraupis abbas,1.3469062346589962
8731,euphonia elegantissima,1.3347161754666248
8732,storeria occipitomaculata,1.2557259367323468
8733,celithemis elisa,1.2944434500014204
8734,centruroides sculpturatus,1.3164822116850738
8735,amblyomma americanum,1.3242251185148071
8736,stiretrus anchorago,1.1202653743940532
8737,phosphuga atrata,1.2718158213933051
8738,erynnis horatius,1.2617179763070816
8739,rhionaeschna californica,1.2460492340297342
8740,pogonomyrmex rugosus,1.7618168517844486
8741,peribatodes rhomboidaria,1.2944434500014204
8742,pyralis farinalis,1.0812017133223784
8743,hoplodrina ambigua,1.0695575317039494
8744,eristalis arbustorum,1.3156167887670578
8745,psyche casta,1.04056522225241
8746,phlogophora iris,1.0572145451748172
8747,nemoria mimosaria,1.0638527447459818
8748,sphex pensylvanicus,1.1748887840458329
8749,central american agouti,1.3913560740652204
8750,lema daturaphila,1.3065277212324264
8751,scopus umbretta,1.2751009222108125
8752,polyboroides typus,1.0784692502432285
8753,philaeus chrysops,1.1112925651742425
8754,rhinichthys atratulus,1.2590000325886275
8755,lyssomanes viridis,1.1594452504916131
8756,cerma cerintha,1.0740680606407429
8757,iridopsis larvaria,1.0492121160937167
8758,pituophis deppei,1.2045121071752101
8759,sparganothis sulfureana,1.0611572309740918
8760,megaphasma denticrus,1.1443678792148226
8761,araneus bicentenarius,1.0412476728004458
8762,pasiphila rectangulata,1.0434314726404994
8763,leptopterna dolabrata,1.342262601966056
8764,anolis limifrons,1.1555439397645999
8765,ramphocelus carbo,1.2364064841332052
8766,morrisonia latex,1.0253311589819329
8767,grallina cyanoleuca,1.2083469250668002
8768,pardalotus punctatus,1.1965836442333937
8769,eucopina tocullionana,1.0918848172933129
8770,busycon carica,1.3515467379956336
8771,euphoria sepulcralis,1.2917307453712954
8772,melanitis leda,1.4080987583915918
8773,amazilia tzacatl,1.440280130663715
8774,euphonia hirundinacea,1.387015095422957
8775,lonchura punctulata,1.5724475309916639
8776,callopistria cordata,1.1202653743940532
8777,aglossa pinguinalis,1.0723931454311602
8778,prasinocyma semicrocea,1.3229751511648478
8779,urbanus procne,1.212740955481191
8780,sicalis luteola,1.4887537195596146
8781,strangalepta abbreviata,1.2433541661334013
8782,costaconvexa centrostrigaria,1.23695787818912
8783,iridopsis defectaria,1.0784692502432285
8784,maliattha synochitis,1.0541139981497294
8785,yellow-legged tortoiseshell,1.2120863229369172
8786,speyeria cybele,1.4516196140061468
8787,argynnis adippe,1.4768657252488067
8788,bombus borealis,1.3180634100851365
8789,schistocerca americana,1.3035616312412937
8790,blepharomastix ranalis,1.0069360493170347
8791,celastrina neglecta,1.3724294211104802
8792,eumorpha vitis,1.2747441926999554
8793,canis mesomelas,1.5266004425149402
8794,hyla japonica,1.3946998083601414
8795,anomoea laticlavia,1.4556300787311605
8796,toxomerus marginatus,1.255962183414749
8797,eueides isabella,1.3983600318694198
8798,lampropholis delicata,1.3737157060860379
8799,pycnonotus goiavier,1.3316833397896559
8800,muscicapa dauurica,1.1151250228143665
8801,agelaioides badius,1.2957764895228054
8802,argia tibialis,1.2591889447173985
8803,amorpha juglandis,1.1969524066404924
8804,campylopterus hemileucurus,1.3361032044414138
8805,oreotragus oreotragus,1.4200183324101299
8806,basileuterus culicivorus,1.1151250228143665
8807,eupithecia miserulata,1.1376993737444892
8808,eumenes fraternus,1.4018370562562366
8809,plagiodera versicolora,1.4115826796979807
8810,paraeschra georgica,1
8811,eudocima phalonia,1.2628799115768989
8812,bleptina caradrinalis,1.0218314172374552
8813,cnaphalocrocis poeyalis,1.2463851291659143
8814,allagrapha aerea,1.0719654554786406
8815,tyrannus forficatus,1.3957528938935189
8816,chiasmia emersaria,1.0391076232258407
8817,metanema inatomaria,1.0400710785206455
8818,icaricia lupini,1.0502185873406522
8819,psyllobora vigintiduopunctata,1.1048218408398331
8820,satyrium behrii,1.2596286924990068
8821,eupetomena macroura,1.3747415724895928
8822,spinus magellanicus,1.2661597937732119
8823,cathartes burrovianus,1.5272330930601583
8824,setophaga cerulea,1.2191912257082038
8825,disclisioprocta stellata,1.5672992616325447
8826,hyla eximia,1.1293261006792885
8827,danaus gilippus,1.3029517679412674
8828,egretta tricolor,1.3820016488456157
8829,eudocimus albus,1.3997855844805045
8830,passerina leclancherii,1.3394872224623331
8831,volatinia jacarina,1.2855598880411443
8832,euphoria basalis,1.3264041755598308
8833,patagioenas picazuro,1.4479450499437774
8834,columbina talpacoti,1.3931544168333292
8835,dyspteris abortivaria,1.0309967060895056
8836,pseudomops septentrionalis,1
8837,synchlora aerata,1.1137372515663164
8838,acrida conica,1.0812017133223784
8839,diabrotica balteata,1.052541830788541
8840,enicospilus purgatus,1.0617582602077182
8841,lepidocolaptes angustirostris,1.2187315608471263
8842,rana luteiventris,1.1748887840458329
8843,euphoria kernii,1.7973987913719844
8844,aphonopelma hentzi,1.1380134997496112
8845,chrysoteuchia topiarius,1.0639539976833743
8846,cyligramma latona,1.1130745434332987
8847,anolis distichus,1.4351621689854039
8848,anolis equestris,1.0644171801242628
8849,lucanus elaphus,1.4167661705089696
8850,picoides arcticus,1.2533712633057512
8851,papilio canadensis,1.3735812197058828
8852,asterias rubens,1.6440844085325916
8853,dendrocygna viduata,1.700779102963611
8854,strongylocentrotus droebachiensis,1.7634075423352802
8855,enallagma signatum,1.3977738678941702
8856,tetraopes tetrophthalmus,1.3906031529172853
8857,embernagra platensis,1.1466755679484171
8858,spilosoma lubricipeda,1.3862961647536749
8859,pyrausta laticlavia,1.2856125711649513
8860,spilosoma lutea,1.1289854376241648
8861,deilephila elpenor,1.0897177418052493
8862,pseudoips prasinana,1.0746460317844881
8863,saltator atriceps,1.2478862424909289
8864,icterus prosthemelas,1.2704913144364649
8865,xiphorhynchus flavigaster,1.1417608672302821
8866,ictinia plumbea,1.3405720004423958
8867,megascolia maculata,1.2374215776835398
8868,satyrium edwardsii,1.5396357285942894
8869,euthochtha galeator,1.1125132966336171
8870,xylocopa californica,1.3598675868631318
8871,myiopsitta monachus,1.5448181234049847
8872,apatura ilia,1.065028819323282
8873,libellula luctuosa,1.2599119217902028
8874,stilpnia larvata,1.2725554835720774
8875,icterus pyrrhopterus,1.3793423118470538
8876,cicindela purpurea,1.2460492340297342
8877,coenonympha tullia,1.256425483104777
8878,euphyes vestris,1.2698506941862944
8879,glaucopsyche lygdamus,1.2010732803430253
8880,erinaceus roumanicus,1.1607780567148491
8881,hypena palparia,1.0391076232258407
8882,myiozetetes similis,1.2099918383986537
8883,brachymesia furcata,1.2524185901760942
8884,roeseliana roeselii,1.2170049163388763
8885,climaciella brunnea,1.2099918383986537
8886,dichomeris flavocostella,1.0695575317039494
8887,axylia putris,1.0918848172933129
8888,lacanobia oleracea,1.0855583068682406
8889,habrosyne pyritoides,1.1069610445109894
8890,citheronia regalis,1.3004788394905296
8891,molothrus bonariensis,1.4807911629477615
8892,crocodylus moreletii,1.3311743534221456
8893,tetracis crocallata,1.2662453047180395
8894,pyrrharctia isabella,1.4931249530701463
8895,marathyssa inficita,1.0557667059296529
8896,norrisia norrisii,1.7973987913719844
8897,chlosyne gorgone,1.4275213382660077
8898,netta peposaca,1.579140531917258
8899,tosale oviplagalis,1.0557667059296529
8900,eutropis multifasciata,1.2626913662133934
8901,hadrurus arizonensis,1.1091980806359787
8902,idaea dimidiata,1.272982720834815
8903,misumena vatia,1.0953609291783917
8904,phyllorhynchus decurtatus,1
8905,parallelia bistriaris,1.0695575317039494
8906,pococera asperatella,1.232442901701992
8907,phimosus infuscatus,1.6245160012137672
8908,lochmaeus bilineata,1.0942215046983381
8909,balsa tristrigella,1.0611572309740918
8910,nicrophorus tomentosus,1.2871459462325265
8911,galasa nigrinodis,1.0719654554786406
8912,ariopsis felis,1.5672992616325447
8913,hasarius adansoni,1.0412730440121563
8914,hypagyrtis unipunctata,1.0787244289437194
8915,storeria dekayi,1.4772760434329859
8916,polioptila dumicola,1.1918675403503443
8917,tetanolita mynesalis,1.0755871784485345
8918,fernaldella fimetaria,1.2038008874196757
8919,virbia aurantiaca,1.1247759033308466
8920,apantesis arge,1
8921,photinus pyralis,1.2288582087788276
8922,lygropia rivulalis,1.0502185873406522
8923,apoda biguttata,1.2883730591233431
8924,sicya macularia,1.3678336239184457
8925,rynchops niger,1.6221217344662304
8926,saltator aurantiirostris,1.0548794700785817
8927,exomala orientalis,1.3046860983074171
8928,cycnia tenera,1.1271115087038546
8929,zanclognatha laevigata,1.2513211431574023
8930,aspidoscelis hyperythrus,1
8931,metalectra discalis,1.0644171801242628
8932,macaria pustularia,1.0999199587838204
8933,celithemis fasciata,1.1202653743940532
8934,papilio troilus,1.389573567132373
8935,bombina variegata,1.3942680443869109
8936,achaea janata,1.7303679825169129
8937,pheosia rimosa,1.2990624838240672
8938,sporophila caerulescens,1.3512698960271836
8939,metacyrba taeniola,1.0723931454311602
8940,vaejovis carolinianus,1.4605548658965906
8941,polyphylla decemlineata,1.1247759033308466
8942,hypsopygia olinalis,1.0618054539435133
8943,homalodisca vitripennis,1.1532088646683645
8944,syrigma sibilatrix,1.1069610445109894
8945,trichoplusia ni,1.0639539976833743
8946,hesperotettix viridis,1.2449130858883213
8947,pipraeidea bonariensis,1.4183403287714875
8948,tolmomyias sulphurescens,1.1417608672302821
8949,trogon collaris,1.0492121160937167
8950,turdus leucomelas,1.0976584077689127
8951,turdus rufiventris,1.3784219681799357
8952,polygrammate hebraeicum,1.0548794700785817
8953,pantographa limata,1.0999816512168019
8954,eumyias thalassinus,1.2787288234839242
8955,allograpta obliqua,1.3536291870106736
8956,anisota virginiensis,1.5539470668207174
8957,tarache aprica,1.233998560358514
8958,phaneroptera nana,1.22690673620098
8959,leptoglossus phyllopus,1.4430430787831812
8960,diabrotica undecimpunctata,1.3469062346589962
8961,synanthedon acerni,1.3333802106488593
8962,lapara bombycoides,1.6780941270204717
8963,lateroligia ophiogramma,1.0723931454311602
8964,patalene olyzonaria,1.0973754713450385
8965,callimorpha dominula,1.4048817143149515
8966,taricha sierrae,1.4299837643032327
8967,sceloporus malachiticus,1.1202653743940532
8968,aegithina tiphia,1.1213399485161037
8969,lampropeltis splendida,1.3632250740256149
8970,dinopium benghalense,1.1665759546765155
8971,agapostemon virescens,1.4466460767075131
8972,polites themistocles,1.0617582602077182
8973,oreochromis mossambicus,1.4910062491279998
8974,oxychilus draparnaudi,1.3856151166700341
8975,urosalpinx cinerea,1
8976,diadumene lineata,1.6983492968903811
8977,cardinalis sinuatus,1.1594452504916131
8978,adelphocoris lineolatus,1.260561152509839
8979,lycaena heteronea,1.2932236738912468
8980,banasa euchlora,1.0611572309740918
8981,calopteryx maculata,1.3652743423824658
8982,hyla intermedia,1.2117924086411345
8983,polia nimbosa,1.059521224082729
8984,protoboarmia porcelaria,1.3955516459463959
8985,euchlaena serrata,1.6132689112006486
8986,polistes carnifex,1
8987,hemithea aestivaria,1.0908712930687599
8988,pseudothyatira cymatophoroides,1.1506943896398947
8989,lophocampa maculata,1.2349215845760808
8990,pycnonotus leucotis,1.422459347102808
8991,apamea amputatrix,1.0695575317039494
8992,acronicta innotata,1.0740680606407429
8993,hebomoia glaucippe,1.5162839891174913
8994,hypena proboscidalis,1.1485479819304349
8995,laspeyria flexula,1.1125132966336171
8996,hofmannophila pseudospretella,1.4200232064965299
8997,anania hortulata,1.0695575317039494
8998,schizura unicornis,1.1099151731698196
8999,archips purpurana,1.2463851291659143
9000,steatoda triangulosa,1.2463851291659143
9001,papilio multicaudata,1.4843183647699618
9002,paruroctonus silvestrii,1.0824020951160875
9003,zosterops palpebrosus,1.3604937799661103
9004,coenobita clypeatus,1.3965956251475919
9005,periparus ater,1.2835138828255759
9006,anaplectoides prasina,1.0422723353624153
9007,larinus carlinae,1.0618054539435133
9008,euborellia annulipes,1.0618054539435133
9009,prionus imbricornis,1.0584270028419478
9010,sameodes cancellalis,1.1046543656030776
9011,arrhenodes minutus,1.2433541661334013
9012,platynota exasperatana,1.1226732981687446
9013,dendrocitta formosae,1.422095453480182
9014,hieraaetus pennatus,1.2281527539114172
9015,psilopogon haemacephalus,1.0999199587838204
9016,larus cachinnans,1.7056626952631184
9017,graphisurus fasciatus,1.0755871784485345
9018,acridotheres javanicus,1.4191986819948585
9019,merops persicus,1.4789778527872757
9020,euptoieta hegesia,1.0412476728004458
9021,strangalia luteicornis,1.3454317573066927
9022,disonycha glabrata,1.0812017133223784
9023,velarifictorus micado,1.0541139981497294
9024,verrucosa arenata,1.0695575317039494
9025,syricoris lacunana,1.2790531117128923
9026,copsychus fulicatus,1.2868990884049605
9027,neoscona arabesca,1.1023192905068422
9028,cisticola juncidis,1.2326950179722045
9029,boloria selene,1.1594452504916131
9030,carterocephalus palaemon,1.3665109647358753
9031,triakis semifasciata,1.3999929267345024
9032,lucidota atra,1.0638527447459818
9033,callistethus marginatus,1.4037254377989874
9034,necrodes surinamensis,1.1612882291355364
9035,bombus nevadensis,1.377292585170832
9036,cupha erymanthis,1.4081849875417074
9037,ptecticus trivittatus,1.3209306642694005
9038,micrathena gracilis,1.2778850057965807
9039,anthreptes malacensis,1.2042375548568893
9040,agraulis vanillae,1.1476035877042989
9041,anthidium manicatum,1.1374370178156237
9042,cecropis daurica,1.5679201053861838
9043,nematocampa resistaria,1.1762844976536784
9044,trichopoda pennipes,1.2191912257082038
9045,ctenolepisma lineata,1.0755871784485345
9046,belocaulus angustipes,1
9047,thymelicus sylvestris,1.3445169234512633
9048,neotibicen canicularis,1.3076357177212627
9049,ectropis crepuscularia,1.0592073304797156
9050,egretta sacra,1.4148184779202766
9051,eurystomus orientalis,1.3397982748835631
9052,sphecodina abbottii,1.8261284072862596
9053,zelus tetracanthus,1.065634723005038
9054,haematopus palliatus,1.5493571048725521
9055,favonius quercus,1.1772967078205243
9056,helophilus pendulus,1.3181538095211485
9057,virbia laeta,1.0784692502432285
9058,apoda y-inversum,1.2115163979124519
9059,lagria hirta,1.4410811818557387
9060,diaethria anna,1.0572145451748172
9061,isa textula,1.1748887840458329
9062,treron vernans,1.2912659605860117
9063,phyciodes tharos,1.4394451679595706
9064,euclea delphinii,1.1046543656030776
9065,pelophylax nigromaculatus,1.1325033643641498
9066,chrysoteuchia culmella,1.3954967142054979
9067,agriphila straminella,1.0723931454311602
9068,nigetia formosalis,1.3332338105694594
9069,idia lubricalis,1.0824020951160875
9070,lasiocampa quercus,1.2416016796509868
9071,diachrysia aereoides,1.0908712930687599
9072,hemaris diffinis,1.3199472444868265
9073,nyctibius jamaicensis,1.1578506186725119
9074,phoebis agarithe,1.1802090909931142
9075,asbolis capucinus,1.3257381992984627
9076,xylocopa virginica,1.3480856281830962
9077,entylia carinata,1.6634254429459339
9078,hystricia abrupta,1.3350525884186157
9079,epargyreus clarus,1.2436509382488483
9080,pachysphinx modesta,1.1773522877904901
9081,mallophora fautrix,1.2851708889506894
9082,caripeta divisata,1.2517210779513566
9083,leistes loyca,1.2988941266221097
9084,theristicus melanopis,1.4694663715375951
9085,liguus fasciatus,1.4473604752673208
9086,cosmia trapezina,1.1555439397645999
9087,ligdia adustata,1.0740680606407429
9088,drepana falcataria,1.1697484324661465
9089,perizoma alchemillata,1.0400710785206455
9090,idia rotundalis,1.0611572309740918
9091,elgaria kingii,1.0999816512168019
9092,milvago chimango,1.3292903779503846
9093,hypena bijugalis,1.052541830788541
9094,dicymolomia julianalis,1.3584640051681713
9095,anax junius,1.3642641130421582
9096,psorophora ciliata,1.2463851291659143
9097,eristalinus taeniops,1.0719654554786406
9098,anatrytone logan,1.1112925651742425
9099,efferia aestuans,1.1151250228143665
9100,trichocnemis spiculatus,1
9101,loxosceles reclusa,1.0290800106870452
9102,sitochroa palealis,1.1046543656030776
9103,pachylia ficus,1.0617582602077182
9104,cercyonis pegala,1.2586946464938991
9105,mitopus morio,1.0557667059296529
9106,crocallis elinguaria,1.2901491205547599
9107,chauliodes rastricornis,1.1202653743940532
9108,parapoynx badiusalis,1.0541139981497294
9109,pseudovadonia livida,1.2802295930802385
9110,lepomis gulosus,1.1289854376241648
9111,hemideina thoracica,1.0668108008859984
9112,antigone rubicunda,1.3378606442585956
9113,oncocera semirubella,1.0572145451748172
9114,hypena scabra,1.0999199587838204
9115,orthonama obstipata,1.317561560702976
9116,sylvia atricapilla,1.336520759301103
9117,pyrausta bicoloralis,1.256425483104777
9118,bombus vancouverensis,1
9119,junonia almana,1.1569679285925762
9120,crambus agitatellus,1.1555439397645999
9121,hesperia colorado,1.0572145451748172
9122,eunica monima,1.2523482164776483
9123,cicindela scutellaris,1.5998488307685252
9124,haploa clymene,1.0541139981497294
9125,tipula abdominalis,1.2477787967760186
9126,contopus cooperi,1.4849443940700997
9127,megatibicen dealbatus,1.6780941270204717
9128,sphinx poecila,1
9129,cavia aperea,1.5388088460475715
9130,scolecocampa liburna,1.059521224082729
9131,hypoprepia miniata,1.3155360786339512
9132,prunella collaris,1.32552492732093
9133,feltia herilis,1.256425483104777
9134,apantesis virgo,1.0456570428098793
9135,catocala ultronia,1.0253742678912747
9136,indotyphlops braminus,1.1831958528787623
9137,agama picticauda,1.2472709688240184
9138,athene cunicularia,1.3666096980263247
9139,choristoneura rosaceana,1.1312027177777422
9140,stictoleptura canadensis,1.3048204890557644
9141,icaricia icarioides,1.0999199587838204
9142,sympetrum pallipes,1.1069610445109894
9143,hypsopygia binodulalis,1.0638527447459818
9144,acronicta americana,1.2690690578605621
9145,cicindela oregona,1.1928159979335267
9146,zale lunata,1.0953609291783917
9147,watsonalla cultraria,1.059521224082729
9148,iphiclides feisthamelii,1.1545445212269467
9149,ischnura hastata,1.3062885762677463
9150,protodeltote muscosula,1.0719654554786406
9151,noctua fimbriata,1.3287574733888203
9152,euplagia quadripunctaria,1.6645099452470369
9153,melanargia lachesis,1.2835138828255759
9154,diastictis fracturalis,1.0617582602077182
9155,aeshna grandis,1.1332413603857168
9156,watsonalla binaria,1.3052298424418367
9157,junonia hedonia,1.3336786140259895
9158,epicallima argenticinctella,1.0617582602077182
9159,anarta trifolii,1.0695575317039494
9160,xanthorhoe fluctuata,1.2817355104295982
9161,ennomos subsignaria,1.0592073304797156
9162,diacme adipaloides,1.1023445189407963
9163,bombus terricola,1
9164,anomia simplex,1.7565028304163182
9165,cyrtopleura costata,1.6132689112006486
9166,hyles gallii,1.0412730440121563
9167,mellita quinquiesperforata,1.0865474436541014
9168,phrynosoma solare,1.1202653743940532
9169,doleschallia bisaltide,1.1649863515692658
9170,cepora nerissa,1.532059278121769
9171,conocephalus fasciatus,1.2840386064629692
9172,serrognathus titanus,1
9173,cyclophora linearia,1.1051192039561313
9174,ceratomia catalpae,1.3001773034497528
9175,setophaga pensylvanica,1.3336786140259895
9176,pontia occidentalis,1.5671923329545343
9177,hyles lineata,1.1582602128853461
9178,palthis angulalis,1.3302736649955464
9179,udea rubigalis,1.1697484324661465
9180,phyprosopus callitrichoides,1.256425483104777
9181,hypena baltimoralis,1.2630667534122808
9182,haematopus unicolor,1.6118355293231472
9183,hemiphaga novaeseelandiae,1.2343649164818769
9184,alcis repandata,1.1069610445109894
9185,drepana bilineata,1.0638527447459818
9186,syrbula admirabilis,1.0784692502432285
9187,diacrisia sannio,1.07265212548762
9188,agrotis puta,1.2771083145956097
9189,colostygia pectinataria,1.1046543656030776
9190,chloroclysta siterata,1.0400710785206455
9191,udea ferrugalis,1.059521224082729
9192,ilexia intractata,1.1046543656030776
9193,plethodon cylindraceus,1.233998560358514
9194,clemmys guttata,1.3668039406784591
9195,schistocerca obscura,1.2523482164776483
9196,pyrausta volupialis,1.0812017133223784
9197,eumorpha pandorus,1.0592073304797156
9198,limnaecia phragmitella,1.1202653743940532
9199,zale horrida,1.1091980806359787
9200,lithacodia musta,1.0639539976833743
9201,eudryas grata,1.0822085192627349
9202,lon taxiles,1.1506943896398947
9203,thesprotia graminis,1.2639807642444778
9204,melanoplus bivittatus,1.2593007304677009
9205,arctia caja,1.4284499035007758
9206,lucanus capreolus,1.2526138239455846
9207,ochropleura plecta,1.0592073304797156
9208,rivula sericealis,1.3253319651714848
9209,catocala grynea,1.0572145451748172
9210,anax parthenope,1.3717935649938915
9211,calopteryx haemorrhoidalis,1.0290800106870452
9212,anteos clorinde,1.1596378535569329
9213,chlorion aerarium,1.19812405593458
9214,araneus marmoreus,1.0412730440121563
9215,ceriagrion auranticum,1.2871870687058267
9216,promachus hinei,1.3647453123121267
9217,sympecma paedisca,1.1069610445109894
9218,hypoprepia fucosa,1.132928633459463
9219,scudderia furcata,1.0999816512168019
9220,papilio cresphontes,1.4015942168531177
9221,brachydiplax chalybea,1.0784365265177662
9222,pseudothemis zonata,1.3842706068151345
9223,agriphila tristella,1.059521224082729
9224,colias eurytheme,1.568994415242708
9225,pheucticus melanocephalus,1.2715864111517314
9226,aurelia labiata,1.7272487732887853
9227,peucaea ruficauda,1.224516154861474
9228,pyrocephalus rubinus,1.3618744132797713
9229,oreothlypis superciliosa,1.0482595775620793
9230,sympetrum fonscolombii,1.2054481233657524
9231,colaptes rubiginosus,1.2007754089794764
9232,amazilia cyanocephala,1.2667114814459306
9233,bombus perplexus,1.1777592765004141
9234,holcosus undulatus,1.1190084136614689
9235,icterus gularis,1.3556804511389025
9236,calidris alba,1.6491218834509485
9237,catocala concumbens,1.6252712506043159
9238,macaria liturata,1.0999816512168019
9239,marpesia petreus,1.3822784512628412
9240,bombus auricomus,1.4270283546681664
9241,spilomyia longicornis,1.2826150538916457
9242,gymnoscelis rufifasciata,1.0695575317039494
9243,sympetrum pedemontanum,1.1247759033308466
9244,pleuroprucha insulsaria,1.0639539976833743
9245,anageshna primordialis,1.143986437399662
9246,urola nivalis,1.0412476728004458
9247,microtheoris ophionalis,1.0492121160937167
9248,mimoschinia rufofascialis,1.2790531117128923
9249,mesoligia furuncula,1.0541139981497294
9250,monochamus notatus,1.1184133808996091
9251,pterophylla camellifolia,1.0639539976833743
9252,lacinipolia olivacea,1.0618054539435133
9253,nadata gibbosa,1.2100029710597495
9254,gluphisia septentrionis,1.0835541165333766
9255,setophaga dominica,1.1192253985576759
9256,halyomorpha halys,1.4236501333268794
9257,panopoda rufimargo,1.1600876547975012
9258,elgaria coerulea,1.1046543656030776
9259,neotamias townsendii,1.2743528421473957
9260,trichoglossus chlorolepidotus,1.4728696269410855
9261,leucania adjuta,1.232442901701992
9262,colias philodice,1.5429508022703817
9263,bombus citrinus,1.0572145451748172
9264,conchylodes ovulalis,1.2706593365045686
9265,phymata americana,1.1376993737444892
9266,bombus fervidus,1.4946649391751181
9267,nezara viridula,1.4832530091385649
9268,brachythemis contaminata,1.6045214843515754
9269,dolichovespula maculata,1.4133244677878145
9270,erythemis simplicicollis,1.284210658637887
9271,habrosyne scripta,1.4194957476404719
9272,tolype laricis,1.0456570428098793
9273,peridea angulosa,1.1532088646683645
9274,leptura quadrifasciata,1.2195846562229804
9275,scaphinotus angusticollis,1.312306447496459
9276,erythemis collocata,1.2617754674544424
9277,heterocampa umbrata,1.0541139981497294
9278,cydia latiferreana,1.0412476728004458
9279,ariolimax columbianus,1.1128863860581826
9280,chlosyne nycteis,1.3319414867353618
9281,pelidnota punctata,1.2737528071486515
9282,papilio glaucus,1.497248621812431
9283,emesis emesia,1
9284,carcharodus alceae,1.1048218408398331
9285,scolia bicincta,1.1130745434332987
9286,catocala neogama,1.2834142950169345
9287,polyommatus icarus,1.3336786140259895
9288,charaxes jasius,1.1151250228143665
9289,gnophaela vermiculata,1.2704913144364649
9290,anteos maerula,1.3539426651193511
9291,cyclophora pendulinaria,1.0541139981497294
9292,dysdercus cingulatus,1.5772565977671635
9293,celastrina argiolus,1.2441377416489656
9294,reduvius personatus,1.1247759033308466
9295,brachystola magna,1.2298451019313037
9296,paravaejovis spinigerus,1.6780941270204717
9297,oecanthus nigricornis,1.3858976628084023
9298,intellagama lesueurii,1.3689282105446354
9299,mungos mungo,1.4485005000639846
9300,mycteria ibis,1.6515281969840876
9301,eulithis explanata,1.2809016777207152
9302,abudefduf vaigiensis,1.739614191142234
9303,cosmodes elegans,1.0541139981497294
9304,spilosoma curvata,1.0618054539435133
9305,hesperia leonardus,1.3969863124916078
9306,enoplognatha ovata,1.1375652098003752
9307,scolia dubia,1.527582961250423
9308,thalasseus sandvicensis,1.6477922386214727
9309,gryllus pennsylvanicus,1.4432448461165035
9310,xenox tigrinus,1.1048218408398331
9311,larus heermanni,1.6785059284479495
9312,ceriagrion glabrum,1.1574598209221412
9313,orthetrum chrysostigma,1.3297075947556718
9314,zerene cesonia,1.2908325588573244
9315,papilio polyxenes,1.3513252474426216
9316,ochlodes sylvanoides,1.4319245830996183
9317,orthetrum julia,1.0644171801242628
9318,borbo cinnara,1.1616104863252641
9319,gymnandrosoma punctidiscanum,1.2460492340297342
9320,talicada nyseus,1.2704913144364649
9321,delias eucharis,1.3497837337634344
9322,catocala relicta,1.1010735937787677
9323,haematopis grataria,1.1578506186725119
9324,melanoplus punctulatus,1.3671627210476585
9325,flabellinopsis iodinea,1.2523482164776483
9326,catocala cara,1.0662219361520395
9327,navanax inermis,1.3442735207019361
9328,galgula partita,1.0618054539435133
9329,halmus chalybeus,1.6462655009793483
9330,xestia smithii,1.059521224082729
9331,malurus melanocephalus,1.4138080835565239
9332,strepera graculina,1.132928633459463
9333,xylocopa violacea,1.3316833397896559
9334,anthidium oblongatum,1.270302583661304
9335,chorthippus brunneus,1.0290800106870452
9336,cupido amyntula,1.3898776470889742
9337,aglais io,1.2530801116200552
9338,tylozygus bifidus,1.3696648984453041
9339,stenotus binotatus,1.3199148769929092
9340,euschistus servus,1.3196376297415424
9341,mormidea lugens,1.059521224082729
9342,melanolestes picipes,1.0719719704765893
9343,caligavis chrysops,1.1545433684356003
9344,hypocysta metirius,1.1116556298867801
9345,argiope trifasciata,1.1508712253783242
9346,mesembrina meridiana,1.3540189961196969
9347,meconema thalassinum,1.3845757428514269
9348,pelecinus polyturator,1.3643767733681551
9349,neriene radiata,1.0723931454311602
9350,lethocerus americanus,1.3006631794803942
9351,phacellophora camtschatica,1.0349622746878269
9352,dysstroma truncata,1.047921108750131
9353,desmia funeralis,1.1271115087038546
9354,bombus pensylvanicus,1.2913659082198001
9355,campaea margaritaria,1.0618054539435133
9356,neacoryphus bicrucis,1.3582506338293876
9357,paonias myops,1.1112925651742425
9358,dymasia dymas,1.3085671099802823
9359,erebia aethiops,1.47887614840464
9360,parapoynx maculalis,1.2902002101103771
9361,pantherophis spiloides,1.1312866094147016
9362,trichodezia albovittata,1.0391076232258407
9363,pheosidea elegans,1
9364,anoplotrupes stercorosus,1.4932075625575125
9365,caenurgia chloropha,1.1928159979335267
9366,marimatha nigrofimbria,1.0358317749114097
9367,microcarbo melanoleucos,1.5445661866665799
9368,pelecanus conspicillatus,1.5677559869880571
9369,hirundo tahitica,1.4619656372152643
9370,acharia stimulea,1.5112666700461084
9371,calpodes ethlius,1.2697870593596614
9372,nephelodes minians,1.0557667059296529
9373,sarpa salpa,1.6974878200554953
9374,chlosyne janais,1.3547985551607766
9375,phalaenostola larentioides,1.052541830788541
9376,pseudochorthippus parallelus,1.0422723353624153
9377,hypena manalis,1.0412476728004458
9378,neoxabea bipunctata,1.1202653743940532
9379,panorpa communis,1.0644171801242628
9380,stomoxys calcitrans,1.436314873427222
9381,monadenia fidelis,1.2760171699202609
9382,xestia c-nigrum,1.0644171801242628
9383,chalcolestes viridis,1.3501308688884821
9384,diaprepes abbreviatus,1.0908712930687599
9385,halysidota harrisii,1.293555744528031
9386,dynastes tityus,1.5974544008009048
9387,tivela stultorum,1.4166080511898993
9388,calopteron reticulatum,1.0644171801242628
9389,chauliodes pectinicornis,1.1671367062853968
9390,autographa precationis,1.0548794700785817
9391,dendrelaphis pictus,1.3322555827052094
9392,agrotis venerabilis,1.0584270028419478
9393,anser albifrons,1.6728228206688691
9394,bombus mixtus,1.2543036210307452
9395,machimia tentoriferella,1.1112925651742425
9396,tarache quadriplaga,1.31947266431398
9397,euclea incisa,1.0812017133223784
9398,sylvirana guentheri,1.2104684263408134
9399,aromia moschata,1.4164127506397024
9400,carpocoris purpureipennis,1.3158533382001405
9401,butorides striata,1.274064349517452
9402,tremex columba,1.1076370477856343
9403,largus succinctus,1.7002586216689468
9404,cingilia catenaria,1.256425483104777
9405,micrathyria hagenii,1.065634723005038
9406,papilio rumiko,1.2651295398724645
9407,melanis cephise,1.1271115087038546
9408,rana arvalis,1.5861902833218187
9409,hippocampus histrix,1.2308110761261439
9410,physalia physalis,1.2146734354918725
9411,psammodromus algirus,1.2373301655149767
9412,aplocera plagiata,1.0812017133223784
9413,vespula vidua,1
9414,orthetrum glaucum,1.1051192039561313
9415,hypsiglena ochrorhynchus,1
9416,lambdina fiscellaria,1.07265212548762
9417,lampropeltis calligaster,1.2478862424909289
9418,dicrurus macrocercus,1.4474229757027433
9419,anasaitis canosa,1.1072557442910123
9420,lampropeltis nigra,1.3971891936604952
9421,neotibicen pruinosus,1
9422,acanalonia conica,1.344424053308912
9423,limax maximus,1.4542036507266933
9424,eumorpha fasciatus,1.0976584077689127
9425,pogonomyrmex barbatus,1.6736519512826968
9426,clydonopteron sacculana,1.0617582602077182
9427,melipotis jucunda,1.0723931454311602
9428,eumorpha achemon,1.0638527447459818
9429,argiope bruennichi,1.4531736042730476
9430,euclidia glyphica,1.0572145451748172
9431,dysgonia algira,1.2285410064945512
9432,scaeva pyrastri,1.3137268176522643
9433,chilades pandava,1.3109312222226861
9434,udaspes folus,1.2024555765978331
9435,spisula solidissima,1
9436,rana italica,1.4678090506804762
9437,apatelodes torrefacta,1.1250315084986218
9438,helophilus fasciatus,1.3683392775419552
9439,argyrotaenia velutinana,1.2790531117128923
9440,digrammia ocellinata,1.2790531117128923
9441,palthis asopialis,1.1128863860581826
9442,eristalis pertinax,1.3437946602351976
9443,pyrochroa coccinea,1.1112925651742425
9444,amazona viridigenalis,1.2103667167677115
9445,salamandrina perspicillata,1.2126733956756233
9446,leucophaeus atricilla,1.650192642344289
9447,bufo spinosus,1.3131761654157066
9448,eumorpha satellitia,1.0358317749114097
9449,rumina decollata,1.2925045603809093
9450,isochaetes beutenmuelleri,1.0445293609559165
9451,petroica australis,1.1984521655315874
9452,helophilus trivittatus,1.0999816512168019
9453,pholidoptera griseoaptera,1.2115163979124519
9454,atta mexicana,1
9455,datana integerrima,1.4488563308131015
9456,sciurus alleni,1
9457,vanessa kershawi,1.3525972358311367
9458,danaus petilia,1.3059098847423587
9459,austrolestes leda,1.2318759498548519
9460,tyria jacobaeae,1.6701620825580772
9461,cerotoma trifurcata,1.2672247156031178
9462,corvus corone,1.4847201508521803
9463,dicromantispa interrupta,1.2790531117128923
9464,polistes metricus,1.3698575466112586
9465,euchrysops cnejus,1.1508712253783242
9466,leukoma staminea,1
9467,megalopyge crispata,1.0541139981497294
9468,spilotes pullatus,1.2702269789343241
9469,echinargus isola,1.3873543687977268
9470,mauremys leprosa,1.3987609512205077
9471,delichon urbicum,1.6098584946085817
9472,hamadryas guatemalena,1.059521224082729
9473,hamadryas amphinome,1.3410761320212659
9474,helicoverpa zea,1.2969613205222175
9475,zoropsis spinimana,1.1046543656030776
9476,hypercompe oslari,1.1678612616435613
9477,gambusia holbrooki,1.7126447166083549
9478,litoria fallax,1.1485479819304349
9479,todiramphus chloris,1.3403860804993379
9480,plantain squirrel,1.1558125883635977
9481,danaus chrysippus,1.0918848172933129
9482,phelsuma laticauda,1.2391541051981512
9483,xenocatantops humilis,1.1831875705939838
9484,stagmomantis limbata,1.2957764895228054
9485,cisthene tenuifascia,1.2915252774237187
9486,diphthera festiva,1.1226732981687446
9487,tringa ochropus,1.4017277188412551
9488,neoalcis californiaria,1.0918848172933129
9489,lacerta bilineata,1.2702621025426348
9490,triturus carnifex,1.177710455077692
9491,setophaga petechia,1.1490132072384576
9492,pyganodon grandis,1.7099228303581731
9493,hipparchia statilinus,1.2908325588573244
9494,arenaeus cribrarius,1.7973987913719844
9495,tachina fera,1.1091980806359787
9496,agapanthia villosoviridescens,1.3674195781014666
9497,aphonopelma eutylenum,1.2917575864562787
9498,donax variabilis,1.6430568239530223
9499,leptotes pirithous,1.1555439397645999
9500,aricia agestis,1.2434378616913901
9501,calopteron terminale,1.07265212548762
9502,elasmucha grisea,1.5521407910594862
9503,tectocoris diophthalmus,1.6294167994468407
9504,coelophora inaequalis,1.2517210779513566
9505,latrodectus geometricus,1.2170049163388763
9506,triphosa haesitata,1.1555439397645999
9507,steatoda grossa,1.3086867456687541
9508,buteo rufinus,1.3416137972754447
9509,phylloscopus trochilus,1.1773167897890076
9510,buprestis aurulenta,1.0592073304797156
9511,euthyrhynchus floridanus,1.6766269850415818
9512,cipangopaludina chinensis,1.4483758923976926
9513,psammodynastes pulverulentus,1.1536549612426048
9514,eopsaltria australis,1.3023018452197188
9515,herpetogramma licarsisalis,1.2038008874196757
9516,junonia iphita,1.1579864819058578
9517,hypselonotus punctiventris,1.0784692502432285
9518,ixobrychus minutus,1.2125724197410328
9519,anthus campestris,1.2804723115421588
9520,crocothemis erythraea,1.047921108750131
9521,trithemis annulata,1.1164587993400505
9522,thyris maculata,1.1621821393357648
9523,mestra amymone,1.0598711589746355
9524,eristalis tenax,1.2931322504917508
9525,aplodinotus grunniens,1.3816625565023946
9526,enyo lugubris,1.1184133808996091
9527,neoconocephalus triops,1.0855583068682406
9528,chlorochroa ligata,1.0755871784485345
9529,melanchroia chephise,1.2116179878393765
9530,diploderma swinhonis,1.1405016015978628
9531,pteropus giganteus,1.4418849601620116
9532,catochrysops strabo,1.0835541165333766
9533,campylorhynchus gularis,1.2603699893528519
9534,episyrphus balteatus,1.5145880501751869
9535,antigonus erosus,1.256425483104777
9536,anas undulata,1.4418835058214983
9537,mimus polyglottos,1.3532625791624653
9538,creatonotos gangis,1.1476389419873987
9539,dynamine postverta,1.0918848172933129
9540,regina septemvittata,1.2586946464938991
9541,operophtera brumata,1.2878464744772204
9542,adelpha iphicleola,1.1621821393357648
9543,leptotes plinius,1.6371171879639155
9544,jamides bochus,1.1986980358521071
9545,erannis defoliaria,1.2617179763070816
9546,pareuchaetes insulata,1.8087791251022223
9547,melipotis cellaris,1.4708606844389511
9548,acanthodoris lutea,1.0450726434450015
9549,ahaetulla prasina,1.2704913144364649
9550,papilio polymnestor,1.2719940029554704
9551,hapithus saltator,1
9552,melanerpes aurifrons,1.2126733956756233
9553,rachiplusia ou,1.0541139981497294
9554,palpada vinetorum,1.1356610965386131
9555,diaphania hyalinata,1.20138404647617
9556,smyrna blomfildia,1.4699937245495958
9557,utetheisa pulchella,1.2615180397690646
9558,eumomota superciliosa,1.3157252388477754
9559,romalea microptera,1.3977345935846417
9560,pyrisitia nise,1.2782228973868637
9561,syntomeida epilais,1.3201994835802715
9562,strymon istapa,1.28342638247948
9563,rosalia funebris,1.4313098363180197
9564,bronchocela cristatella,1.2523482164776483
9565,tragelaphus angasii,1.6798912230750669
9566,leptostales pannaria,1.0548794700785817
9567,arachnis picta,1.1212701841022332
9568,euchlaena amoenaria,1.0502185873406522
9569,plethodon dorsalis,1.2782228973868637
9570,erebia epipsodea,1.052541830788541
9571,syngamia florella,1.0835541165333766
9572,passerella iliaca,1.2016784195964669
9573,burnsius oileus,1.2756785596915055
9574,mimus gilvus,1.3682607254993027
9575,cyanocorax yucatanicus,1.3715902978422236
9576,melanitta perspicillata,1.629346082283317
9577,loxura atymnus,1.3948994345935637
9578,saxicola caprata,1.3248114586369797
9579,eumaeus atala,1.5627767765590095
9580,bufo gargarizans,1.1758614258114433
9581,cucumaria miniata,1.7565028304163182
9582,trimeresurus stejnegeri,1.0918848172933129
9583,hexagenia limbata,1.1918675403503443
9584,ganyra josephina,1.1508712253783242
9585,lanius cristatus,1.1311461057182413
9586,phoebis philea,1.4376136615521697
9587,heliconius charithonia,1.3363317032565949
9588,deidamia inscriptum,1.1151250228143665
9589,eudyptula minor,1.6113858205515137
9590,phalacrocorax varius,1.6317016428189359
9591,petroica longipes,1.3101187123155404
9592,jamides celeno,1.2495489137592659
9593,elasmostethus cruciatus,1.0719654554786406
9594,dryas iulia,1.4951990168534297
9595,stomolophus meleagris,1.5604658398072395
9596,lophocampa annulosa,1.0541139981497294
9597,hamadryas februa,1.0548794700785817
9598,oreochromis niloticus,1.6779709479882048
9599,urania fulgens,1.4589721150640398
9600,heteronympha merope,1.1569191815721063
9601,ophraella communa,1.1151250228143665
9602,setophaga magnolia,1.1255356059460109
9603,anas gracilis,1.6801055077455727
9604,cantao ocellatus,1.4476234685770693
9605,tettigonia viridissima,1.1988092144027735
9606,quiscalus niger,1.3416676735174806
9607,hermeuptychia hermes,1.2617754674544424
9608,dicaeum hirundinaceum,1.3948994345935637
9609,neverita duplicata,1.3895162875047742
9610,lampyris noctiluca,1.1125132966336171
9611,membracis mexicana,1.3637803028041493
9612,coenonympha arcania,1.1773522877904901
9613,gomphocerippus rufus,1.0400710785206455
9614,acraea horta,1.2782228973868637
9615,motacilla aguimp,1.4474192628760638
9616,hedydipna collaris,1.3295449952502794
9617,amblyospiza albifrons,1.1485479819304349
9618,pycnonotus capensis,1.3009215960558684
9619,anthus rufulus,1.0548794700785817
9620,circus macrourus,1.4143901607771914
9621,erynnis tages,1.2237637669096231
9622,campylorhynchus zonatus,1.3630923372422985
9623,eupsittula nana,1.2990624838240672
9624,polistes canadensis,1.3154417835069956
9625,belenois creona,1.2568571570311351
9626,junonia natalica,1.0756063492588068
9627,dindymus versicolor,1.372423560980085
9628,zizula hylax,1.317966195383304
9629,ocybadistes walkeri,1.2687688025223989
9630,lygodactylus capensis,1.2944434500014204
9631,polistes dominula,1.3827200014779784
9632,chlosyne theona,1.1220824735120061
9633,euthystira brachyptera,1.2771083145956097
9634,plebejus idas,1.2556462441086618
9635,rhabdomys pumilio,1.4613287063667317
9636,tadorna variegata,1.5740671579870238
9637,haliaeetus albicilla,1.486814178520071
9638,libellago lineata,1.3520481083721909
9639,ctenolepisma longicaudata,1.1130745434332987
9640,junonia terea,1.1594452504916131
9641,lanius senator,1.4483071076767371
9642,tachybaptus ruficollis,1.4909076079124421
9643,junonia oenone,1.3336786140259895
9644,illeis galbula,1.4289139744691775
9645,hemicordulia australiae,1.3192826844377237
9646,passer hispaniolensis,1.5469845981496573
9647,austroargiolestes icteromelas,1.1112925651742425
9648,arctocephalus forsteri,1.5308972394568068
9649,liolaemus tenuis,1.2288582087788276
9650,chroicocephalus maculipennis,1.7191600357383408
9651,scopula rubraria,1.1048218408398331
9652,acanthorhynchus tenuirostris,1.1353814099603221
9653,hypolimnas bolina,1.2698506941862944
9654,chalcomitra senegalensis,1.2168429805925711
9655,plecia nearctica,1.4232593652515466
9656,anthus trivialis,1.335800442937781
9657,elseyornis melanops,1.4121583341907491
9658,acanthiza chrysorrhoa,1.2803189543584552
9659,hemicordulia tau,1.2787182364741727
9660,agrotis munda,1.4337132315510892
9661,arhodia lasiocamparia,1.0592073304797156
9662,heteropoda venatoria,1.0541139981497294
9663,hellula hydralis,1.0935470631316433
9664,acanthopagrus australis,1.5583225159448046
9665,pseudopanthera macularia,1.1202653743940532
9666,issoria lathonia,1.2099918383986537
9667,odezia atrata,1.1112925651742425
9668,daphnis nerii,1.1773522877904901
9669,lycaena dispar,1.1958173770266682
9670,phloeodes diabolicus,1.1125132966336171
9671,chalcomitra amethystina,1.1860504155947358
9672,hemidactylus mabouia,1.2103667167677115
9673,feltia subterranea,1.07265212548762
9674,tisiphone abeona,1.1112925651742425
9675,circopetes obtusata,1.3454219333801543
9676,caligo telamonius,1.1600876547975012
9677,antigone canadensis,1.635963429685904
9678,lichanura orcutti,1.1128863860581826
9679,destolmia lineata,1.0120857836691854
9680,mimus longicaudatus,1.2610007995500336
9681,oulactis muscosa,1.4380331614806252
9682,pyrgus malvae,1.1545445212269467
9683,hygraula nitens,1.0668108008859984
9684,emberiza cirlus,1.1946000034294944
9685,anaxyrus americanus,1.2925045603809093
9686,monochamus clamator,1.0822206086040866
9687,crypsiphona ocultaria,1.1600876547975012
9688,culladia cuneiferellus,1.0953609291783917
9689,funambulus palmarum,1.4092052372936048
9690,mythimna convecta,1.0812017133223784
9691,digrammia continuata,1.4015581707943565
9692,hesperia comma,1.1271115087038546
9693,anas flavirostris,1.5498269441353081
9694,fulica ardesiaca,1.2344733623123525
9695,myrmecia pilosula,1.4069043774336558
9696,parnassius mnemosyne,1.3116498957455129
9697,streptopelia senegalensis,1.45066490311116
9698,geosciurus inauris,1.4646572671409046
9699,satyrium acadica,1.1250315084986218
9700,zerynthia polyxena,1.2826150538916457
9701,pieris virginiensis,1.4738784290886437
9702,spectrotrota fimbrialis,1.0755871784485345
9703,gerygone igata,1.0692712376657159
9704,todiramphus sanctus,1.3336671941853495
9705,gorsachius melanolophus,1.0715368564415337
9706,bufo bankorensis,1.0422723353624153
9707,polyommatus coridon,1.6315606726643597
9708,callizzia amorata,1.0516366762506926
9709,microcrambus biguttellus,1.0740680606407429
9710,promalactis suzukiella,1.1202653743940532
9711,dendrocitta vagabunda,1.2957515525042596
9712,sehirus cinctus,1.2591100380020179
9713,argyrotaenia quercifoliana,1.0638527447459818
9714,odorrana swinhoana,1.2878034511065053
9715,omophoita cyanipennis,1.4635349307030527
9716,nestor meridionalis,1.3167170855428725
9717,macrodiplax cora,1.065634723005038
9718,cryphia algae,1.0572145451748172
9719,rhaphigaster nebulosa,1.4723244019187847
9720,crested porcupine,1.2870906869005001
9721,myodes glareolus,1.1099151731698196
9722,anguis veronensis,1.7973987913719844
9723,mythimna albipuncta,1.1356610965386131
9724,phoenicurus ochruros,1.3230729711063838
9725,mayaheros urophthalmus,1.7254005685401586
9726,pseudomyrmex gracilis,1.3932609948462518
9727,cyanocorax yncas,1.3715309804965456
9728,spirobranchus cariniferus,1
9729,diloma aethiops,1.6259106101661625
9730,myliobatis tenuicaudatus,1.5692822367525887
9731,charadrius obscurus,1.1202653743940532
9732,libelloides coccajus,1.2286140119048057
9733,aporia crataegi,1.501141935963126
9734,lycaena alciphron,1.3793085969126782
9735,vanellus chilensis,1.5496037870125376
9736,crematogaster scutellaris,1.73044135463965
9737,lycaena virgaureae,1.3260737588547811
9738,rutpela maculata,1.3108908799338417
9739,palpopleura lucia,1.0572145451748172
9740,aythya nyroca,1.5400401631573974
9741,erebia ligea,1.384363761213949
9742,corvus cornix,1.4211784072617923
9743,poecile hudsonicus,1.3193175582654089
9744,colletes inaequalis,1.3032493636673317
9745,glaucopsyche alexis,1.3282005968912967
9746,phalaenophana pyramusalis,1.0400710785206455
9747,cupido argiades,1.3108084525182742
9748,parnassius apollo,1.1594452504916131
9749,monticola solitarius,1.2902653247878799
9750,merops philippinus,1.6152789991574137
9751,euphydryas editha,1.5169573520789443
9752,americoliva sayana,1.2617179763070816
9753,poecilocoris lewisi,1.3430252582144722
9754,streptopelia semitorquata,1.5099839800578716
9755,argopecten gibbus,1.5672992616325447
9756,psilopogon nuchalis,1.1069610445109894
9757,empusa pennata,1.3167091172406993
9758,dicrurus leucophaeus,1.2855598880411443
9759,polyommatus bellargus,1.3318084303862752
9760,pelargopsis capensis,1.2089703896104813
9761,melanolophia imitata,1
9762,chimarocephala pacifica,1.0136249342970416
9763,gomphurus fraternus,1.0572145451748172
9764,cypherotylus californicus,1.3118203310801848
9765,phalanta phalantha,1.4381425883892718
9766,comostola laesaria,1.0531776645693998
9767,sphrageidus similis,1.0391076232258407
9768,colotois pennaria,1.3895323423632766
9769,tachycineta bicolor,1.5764063101588937
9770,nymphalis polychloros,1.5003305379606093
9771,agonopterix alstroemeriana,1.052541830788541
9772,marpissa muscosa,1.1621821393357648
9773,chlidonias leucopterus,1.6311693730231429
9774,henricia leviuscula,1.4113343536842882
9775,ennomos magnaria,1.5275610999898315
9776,copivaleria grotei,1.23695787818912
9777,tringa erythropus,1.3819721122372781
9778,evasterias troschelii,1.4563848276175848
9779,iphiclides podalirius,1.0639539976833743
9780,hamearis lucina,1.3005678470811568
9781,spilostethus saxatilis,1.4017926085666641
9782,geometra papilionaria,1.1076370477856343
9783,amata phegea,1.472458558352284
9784,mylothris agathina,1.2458884145259954
9785,arctocephalus pusillus,1.6183070122945837
9786,araschnia levana,1.179230284280441
9787,osmia bicornis,1.4180223060790897
9788,lytrosis unitaria,1.130046561664769
9789,dysstroma hersiliata,1.7973987913719844
9790,horisme intestinata,1.0835541165333766
9791,speyeria aglaja,1.1380134997496112
9792,melitaea athalia,1.5704885437317477
9793,melitaea didyma,1.2500700423309823
9794,boloria dia,1.1485479819304349
9795,oiceoptoma thoracicum,1.583188813941478
9796,zonocerus elegans,1.3828675049169556
9797,bicyclus safitza,1.2718158213933051
9798,papilio bianor,1.3307888500049985
9799,euthalia aconthea,1.1271115087038546
9800,appias libythea,1.3095045309952538
9801,accipiter trivirgatus,1.1247759033308466
9802,spodoptera mauritia,1.3093929689298855
9803,scolypopa australis,1.7285443664797477
9804,polistes chinensis,1.6173377735787497
9805,lasiommata maera,1.2582423800542197
9806,tangara gyrola,1.4302672573384094
9807,anaxyrus terrestris,1.1099151731698196
9808,polydrusus formosus,1.1202653743940532
9809,myiodynastes maculatus,1.3232165193545693
9810,knulliana cincta,1.1946000034294944
9811,acridotheres cristatellus,1.4932631670144192
9812,anthrenus verbasci,1.4585758442757579
9813,adela reaumurella,1.5807294175645286
9814,carpocoris mediterraneus,1.3484015210029243
9815,alouatta seniculus,1.3946333681435863
9816,anthus spinoletta,1.3547643763688246
9817,ariadne ariadne,1.2856125711649513
9818,papilio clytia,1.3337115764706384
9819,cacomantis flabelliformis,1.1133081917830827
9820,andrena cineraria,1.0618054539435133
9821,acraea terpsicore,1.417958289236553
9822,melanerpes rubricapillus,1.1048218408398331
9823,coccinella transversalis,1.2103667167677115
9824,bubo bubo,1.3669626037784466
9825,graphosoma italicum,1.4202706732875483
9826,leptosia nina,1.3212809489241972
9827,castalius rosimon,1.3915444782043618
9828,hemaris fuciformis,1.1946000034294944
9829,phoenicurus phoenicurus,1.3155950292178027
9830,minois dryas,1.2089703896104813
9831,araneus quadratus,1.0855583068682406
9832,sympetrum vulgatum,1.2326950179722045
9833,coenonympha glycerion,1.256425483104777
9834,cominella adspersa,1
9835,aythya novaeseelandiae,1.5256537734220599
9836,proxys punctulatus,1.0865396176015134
9837,erythrodiplax funerea,1.263328749491982
9838,ampittia dioscorides,1.1151250228143665
9839,motacilla citreola,1.1748887840458329
9840,pareronia hippia,1.1356610965386131
9841,rhyothemis variegata,1.4107004120707394
9842,acanthacris ruficornis,1.0692712376657159
9843,valanga nigricornis,1.1947155410058365
9844,cimbex americanus,1
9845,gryllus bimaculatus,1.0572145451748172
9846,henosepilachna vigintioctopunctata,1.398348501083732
9847,ploceus capensis,1.2906205722293571
9848,milax gagates,1.6252712506043159
9849,loxigilla noctis,1.3022441308400619
9850,notocrypta curvifascia,1.3434445225374185
9851,iris oratoria,1.0835541165333766
9852,tuberolachnus salignus,1.6616217517302276
9853,polygyra cereolus,1.5526755570702604
9854,petrophila jaliscalis,1.0908712930687599
9855,saxicola torquatus,1.2944434500014204
9856,halictus tripartitus,1.3457624171522413
9857,bombus terrestris,1.5141555186944857
9858,papilio dardanus,1.0746460317844881
9859,ameles spallanzania,1.3871451794589436
9860,erebia medusa,1.3317885706843688
9861,zeuzera pyrina,1.1247759033308466
9862,ellida caniplaga,1.065634723005038
9863,anthocharis cardamines,1.2126733956756233
9864,potamarcha congener,1.6505180005419051
9865,brintesia circe,1.2661597937732119
9866,megacopta cribraria,1.4286182857947685
9867,pararge aegeria,1.0644171801242628
9868,paralabrax clathratus,1.4365605420644025
9869,patania ruralis,1.3010029094534792
9870,malacosoma neustria,1.6392398176962764
9871,euthrix potatoria,1.2936493005236325
9872,saturnia pyri,1.2281844890354108
9873,sphinx pinastri,1.0740680606407429
9874,eilema sororcula,1.256425483104777
9875,eilema lurideola,1.1151250228143665
9876,xestia xanthographa,1.1247759033308466
9877,orthetrum cancellatum,1.2477787967760186
9878,rhinella arenarum,1.0457001263430388
9879,timarcha tenebricosa,1.2941969692054083
9880,eurema brigitta,1.660103525170237
9881,banasa dimidiata,1.2054481233657524
9882,chlosyne gabbii,1.2625937966218188
9883,vasates quadripedes,1.6568380334281354
9884,coreus marginatus,1.4028643549639079
9885,eupeodes corollae,1.1380134997496112
9886,setophaga virens,1.0695575317039494
9887,periplaneta fuliginosa,1.7565028304163182
9888,tubuca arcuata,1.3797225139267961
9889,sterna striata,1.6838745093029794
9890,nyctemera annulata,1.5185550000256074
9891,anatis ocellata,1.1910464967950503
9892,porcellio scaber,1.5426372316942811
9893,cercopis vulnerata,1.2103667167677115
9894,testudo hermanni,1.5637177853568296
9895,cinclus cinclus,1.3357215181758142
9896,bufotes viridis,1.2696973754060059
9897,cantharis rustica,1.3332719077690922
9898,remiz pendulinus,1.2835138828255759
9899,scaeva affinis,1
9900,papilio machaon,1.1946000034294944
9901,buccinum undatum,1.5122229070815227
9902,varanus nebulosus,1.1151250228143665
9903,aspidimorpha miliaris,1.3633581792782299
9904,lytta magister,1.7048788459502062
9905,dioprosopa clavata,1.3642632333533509
9906,litoria ewingii,1.1964040128884137
9907,apis cerana,1.5244492000743901
9908,trypoxylus dichotomus,1.1059821103871617
9909,evania appendigaster,1.1555439397645999
9910,eristalis flavipes,1.2399709069502762
9911,agelastica alni,1.6550165791688491
9912,serpula columbiana,1.2861256090063253
9913,zosterops lateralis,1.4053665379361739
9914,kaniska canace,1.3669500957797049
9915,pangrapta decoralis,1.2191912257082038
9916,lacinipolia laudabilis,1.3375302063683194
9917,spodiopsar cineraceus,1.4223171394311811
9918,rhagium mordax,1.052541830788541
9919,calliteara pudibunda,1.2883730591233431
9920,trichonephila clavata,1.7565028304163182
9921,tripudia quadrifera,1.3360575666665699
9922,xanthorhoe montanata,1.065634723005038
9923,deilephila porcellus,1.3108908799338417
9924,regulus ignicapilla,1.163964117594821
9925,cyrtepistomus castaneus,1.132928633459463
9926,bulia deducta,1.2930858732843997
9927,pyrausta inornatalis,1.7388471524240656
9928,cassida rubiginosa,1.2853192149393113
9929,halictus poeyi,1.4266179163957478
9930,sturnus unicolor,1.5766831442375833
9931,aphomia sociella,1.1697484324661465
9932,zeugomantispa minuta,1.335800442937781
9933,chrysopilus thoracicus,1.2115163979124519
9934,leucauge argyra,1.3014708217458582
9935,lethe europa,1.3943507405187392
9936,colocasia propinquilinea,1.014320976633178
9937,hypsoropha hormos,1.1091980806359787
9938,daimio tethys,1.2349215845760808
9939,camponotus planatus,1
9940,geranoaetus polyosoma,1.0271465775950845
9941,pagurus granosimanus,1.3372076418446424
9942,bombus impatiens,1.4071608189010745
9943,helminthoglypta tudiculata,1.1443678792148226
9944,opisthograptis luteolata,1.0617582602077182
9945,apamea monoglypha,1.2463851291659143
9946,acrida cinerea,1.2804723115421588
9947,arctia villica,1.1130745434332987
9948,phosphila miselioides,1.0755871784485345
9949,mechanitis polymnia,1.1946000034294944
9950,spragueia guttata,1
9951,melitaea cinxia,1.3208481221698745
9952,rainieria antennaepes,1.2525355000430842
9953,ponometia semiflava,1.0445293609559165
9954,eudryas unio,1.0639539976833743
9955,euodynerus foraminatus,1.3164231670880697
9956,halyzia sedecimguttata,1.417020879319187
9957,megalopyge opercularis,1.3005685409532612
9958,cyanocorax chrysops,1.4038152781938797
9959,glenoides texanaria,1.0456570428098793
9960,leuconycta lepidula,1.052541830788541
9961,dysphania militaris,1.4279916589468848
9962,xylotrechus colonus,1.1600876547975012
9963,platycnemis pennipes,1.5717044688215518
9964,mimas tiliae,1.1476389419873987
9965,anolis sagrei,1.3202677436040786
9966,euclidia cuspidea,1.0445293609559165
9967,epipaschia superatalis,1.124175780859793
9968,artace cribrarius,1.0592073304797156
9969,prionoxystus robiniae,1.1151250228143665
9970,cisthene plumbea,1.2463851291659143
9971,prolimacodes badia,1.0719654554786406
9972,lithacodes fasciola,1.0697163976435582
9973,synema globosum,1.3622755106378235
9974,oebalus pugnax,1.3393387698984625
9975,dioctria hyalipennis,1.3255202789201808
9976,elliptio complanata,1.1212701841022332
9977,pyronia bathseba,1.2782228973868637
9978,acontia trabealis,1.1151250228143665
9979,cantharis livida,1.4471286607459535
9980,mergellus albellus,1.4673807221655957
9981,poecile montanus,1.3755958664535879
9982,apogeshna stenialis,1.1487788429816626
9983,girella nigricans,1
9984,sternula albifrons,1.4591241335800196
9985,rallus aquaticus,1.3059098847423587
9986,nemophora degeerella,1.4543136954668476
9987,zygaena transalpina,1.3161250798884896
9988,catocala micronympha,1.3172311840935682
9989,melanolophia canadaria,1.0618054539435133
9990,macrurocampa marthesia,1.0695575317039494
9991,acronicta insita,1
9992,clepsis persicana,1.0400710785206455
9993,trithemis pallidinervis,1.2256140582347925
9994,ictinogomphus rapax,1.1271115087038546
9995,raphia frater,1.0784692502432285
9996,erthesina fullo,1.5127228692001644
9997,megachile xylocopoides,1.3428905581122117
9998,graptopsaltria nigrofuscata,1.4758595426714312
9999,aurelia aurita,1.5653003288484357
10000,dolomedes albineus,1.1443678792148226
10001,pyronia cecilia,1.1089074575812785
10002,carabus coriaceus,1.3825731737652629
10003,thalassoma pavo,1.6624036054095856
10004,coris julis,1.4692848235603331
10005,graphosoma semipunctatum,1.4619644721981715
10006,andrena wilkella,1.3224326243761406
10007,crocidosema plebejana,1.052541830788541
10008,diplodus sargus,1.5667115463646542
10009,peridea ferruginea,1.0592073304797156
10010,poecilanthrax lucifer,1.4648551781738306
10011,zygaena lonicerae,1.2861659783907664
10012,scotopteryx chenopodiata,1.2638537492576576
10013,diplodus vulgaris,1.7190662905417708
10014,eueretagrotis perattentus,1.2126733956756233
10015,anthophora californica,1.4247898249823256
10016,hylaeus modestus,1.2720731182965279
10017,ardea purpurea,1.510216024014897
10018,serranus scriba,1.2395686419404333
10019,panulirus interruptus,1.302891086588839
10020,eumarozia malachitana,1.1212701841022332
10021,amazona albifrons,1.3149957410697688
10022,maniola jurtina,1.1943998443933403
10023,brenthis daphne,1.1671367062853968
10024,volucella pellucens,1.0391076232258407
10025,opilio canestrinii,1.0541139981497294
10026,plusiodonta compressipalpis,1.3405239340811943
10027,harrisimemna trisignata,1.0592073304797156
10028,hylephila phyleus,1.4533672809388074
10029,sphex nudus,1.1443678792148226
10030,amata huebneri,1.4228826281740219
10031,rhagonycha fulva,1.6134438335735584
10032,oblada melanura,1.7454096000326023
10033,crambus perlella,1.2651295398724645
10034,acleris forsskaleana,1.3568899439845961
10035,philanthus gibbosus,1.2562087956472814
10036,orientus ishidae,1.0400710785206455
10037,calotes versicolor,1.1237036624810577
10038,arctia plantaginis,1.2598852916238115
10039,idaea biselata,1.059521224082729
10040,parasa chloris,1
10041,lithosia quadra,1.0434314726404994
10042,eilema depressa,1.2056940023814353
10043,ostrea edulis,1.5986495665132212
10044,panthea acronyctoides,1.3647830102615051
10045,arta statalis,1.256425483104777
10046,analeptura lineola,1.2747441926999554
10047,chrysomela scripta,1.299530853402282
10048,meconema meridionale,1.0822206086040866
10049,hestina assimilis,1.3458441479626846
10050,aeshna umbrosa,1.130046561664769
10051,octopus vulgaris,1.2568571570311351
10052,idaea demissaria,1.3323340642686436
10053,velella velella,1.5858598460152462
10054,sphinx ligustri,1.1356610965386131
10055,pomatias elegans,1.3509911124954426
10056,lestes barbarus,1.2523482164776483
10057,morimus asper,1.2783529999896805
10058,luxilus cornutus,1.3799283285072157
10059,forpus conspicillatus,1.4413162177551726
10060,isogona tenuis,1.2617179763070816
10061,leiobunum vittatum,1.0580178834197562
10062,trithemis aurora,1.0844521889866259
10063,polypedates megacephalus,1.427342006463769
10064,meghimatium bilineatum,1.7565028304163182
10065,copera marginipes,1.3885771940675646
10066,bombus griseocollis,1.3706778219208853
10067,melissodes bimaculatus,1.2545596784406139
10068,schizura concinna,1.5602976931737818
10069,heliopetes laviana,1.2391541051981512
10070,pachliopta aristolochiae,1.6231278698774432
10071,sabella spallanzanii,1.2160777049052571
10072,hileithia magualis,1.0502185873406522
10073,leptoglossus occidentalis,1.2855598880411443
10074,ocyptamus fuscipennis,1.460695526646989
10075,pacarina puella,1.0557667059296529
10076,cameraria ohridella,1.5283361562109778
10077,rhetus arcius,1.0918848172933129
10078,bolitotherus cornutus,1.4756642020042341
10079,catocala maestosa,1.3181538095211485
10080,platynota flavedana,1.2349749945115085
10081,ischnura elegans,1.279533498581944
10082,squalius cephalus,1
10083,parapoynx allionealis,1.1600876547975012
10084,satyrium spini,1.255222251758761
10085,catocala lineella,1.0572145451748172
10086,euchaetes egle,1.5226531915646484
10087,rupornis magnirostris,1.2586946464938991
10088,propylea quatuordecimpunctata,1.3161624475293547
10089,neurothemis fluctuans,1.1280724347020068
10090,chrysochraon dispar,1.1125132966336171
10091,anthophora urbana,1.3838422699268755
10092,geothlypis formosa,1.4692014323823948
10093,volucella inanis,1.2734394478719364
10094,argynnis pandora,1.1332916692776098
10095,schinia arcigera,1.2790531117128923
10096,stictoleptura rubra,1.052541830788541
10097,eutamias sibiricus,1
10098,megatibicen resh,1.0492121160937167
10099,eratigena duellica,1.0973754713450385
10100,chlorostilbon canivetii,1.2099918383986537
10101,polycera atra,1.3732574466444487
10102,apantesis virguncula,1.6799185261763707
10103,moodna ostrinella,1.3287574733888203
10104,lymantria monacha,1.0638527447459818
10105,paectes abrostoloides,1.1010735937787677
10106,notocrypta paralysos,1.1151250228143665
10107,numenius madagascariensis,1.6545010851986701
10108,orectolobus maculatus,1.2861256090063253
10109,momotus aequatorialis,1.3111933610784752
10110,leptoglossus zonatus,1.5174696727392998
10111,acrocephalus arundinaceus,1.1596378535569329
10112,philesturnus rufusater,1.2530801116200552
10113,cuerna costalis,1.2038008874196757
10114,pseudochorthippus curtipennis,1.5477472361968161
10115,leucoma salicis,1.2782228973868637
10116,pycnoscelus surinamensis,1.0812017133223784
10117,chauliognathus basalis,1.2025294480032993
10118,cyprinodon variegatus,1.3888287541599302
10119,littoraria irrorata,1.5831036992887491
10120,myodocha serripes,1.2463851291659143
10121,tropidacris cristata,1.2561303937413093
10122,augochloropsis metallica,1.0370123685583654
10123,euchroma giganteum,1
10124,herpetogramma bipunctalis,1.0822085192627349
10125,pyrisitia proterpia,1.1247759033308466
10126,scolia nobilitata,1.1151250228143665
10127,cerastipsocus venosus,1.5875035297924356
10128,elaphidion mucronatum,1.1532088646683645
10129,repipta taurus,1.0391076232258407
10130,onychogomphus forcipatus,1.2195846562229804
10131,aculepeira ceropegia,1.0719654554786406
10132,cicindela hybrida,1.332430796639311
10133,orthetrum brunneum,1.0638527447459818
10134,samea baccatalis,1.0617582602077182
10135,ixobrychus sinensis,1.0930968632381397
10136,streptopelia tranquebarica,1.4308906441187061
10137,parapoynx diminutalis,1
10138,cochlicopa lubrica,1.3645956357882778
10139,elophila obliteralis,1.0697163976435582
10140,palpita vitrealis,1.0390873401870691
10141,tanaecia pelea,1.1046543656030776
10142,catopsilia pyranthe,1.3764843132703832
10143,carpocoris fuscispinus,1.256425483104777
10144,neogobius melanostomus,1.471213837773905
10145,lamprosema victoriae,1.4879067551773164
10146,anticarsia gemmatalis,1.0572145451748172
10147,junonia genoveva,1.2973491076531367
10148,trypocopris vernalis,1.1112925651742425
10149,eristalis dimidiata,1.0999816512168019
10150,cepaea nemoralis,1.4774239279599828
10151,acronicta vinnula,1.3052298424418367
10152,ischnura aurora,1.1091980806359787
10153,vanessa indica,1.2478332399905201
10154,cordylus niger,1.2067133640169798
10155,orthodera ministralis,1.3977523435132229
10156,heliophorus epicles,1.2623554437049755
10157,exaireta spinigera,1.0695575317039494
10158,phrynops hilarii,1.4711340654276688
10159,lepomis microlophus,1.6780941270204717
10160,tangara arthus,1.4016296112133202
10161,camponotus floridanus,1.3212912405486352
10162,euodynerus hidalgo,1.0644171801242628
10163,melacoryphus lateralis,1.4402365417020107
10164,pachodynerus erynnis,1.28303574037537
10165,platynota rostrana,1
10166,vanessa carye,1.0076527157973787
10167,boana rosenbergi,1.1772361273353864
10168,eristalis stipator,1.2476351532227137
10169,emarginea percara,1.256425483104777
10170,vanessa braziliensis,1.5313111756423106
10171,hyalymenus tarsatus,1.2734799506772356
10172,lycorma delicatula,1.5549582647466744
10173,saxicola maurus,1.143986437399662
10174,artamus cyanopterus,1.5859687199220438
10175,digitonthophagus gazella,1.3834441316584618
10176,phrissogonus laticostata,1.2672247156031178
10177,herpetogramma phaeopteralis,1.0918848172933129
10178,condica videns,1.1151250228143665
10179,conocephalus melaenus,1.0976584077689127
10180,chroicocephalus novaehollandiae,1.7201597946905216
10181,hemideina crassidens,1.0784365265177662
10182,oligosoma polychroma,1.2433541661334013
10183,phaulacridium marginale,1.2379772972783314
10184,leucinodes cordalis,1.5672992616325447
10185,trite auricoma,1.0940990512105724
10186,austrolestes colensonis,1.6252712506043159
10187,xanthocnemis zealandica,1.4205842162036457
10188,vanessa gonerilla,1.2532852890572577
10189,latrodectus katipo,1.2990624838240672
10190,falco novaeseelandiae,1.2170049163388763
10191,ninox novaeseelandiae,1.2789308718435297
10192,prionoplus reticularis,1.1380134997496112
10193,nyssus coloripes,1.23695787818912
10194,chloroclystis filata,1.1860504155947358
10195,clitarchus hookeri,1.2590081189824058
10196,trigonospila brevifacies,1.3921752478311245
10197,rhapsa scotosialis,1.5154691222692835
10198,orocrambus flexuosellus,1
10199,eriophora pustulosa,1.0548794700785817
10200,orthodera novaezealandiae,1.0370123685583654
10201,woodworthia maculata,1.3442396735602293
10202,declana floccosa,1.0907789212107493
10203,palaemon affinis,1.3922019763776317
10204,alcithoe arabica,1
10205,pseudocoremia suavis,1.0784692502432285
10206,vanessa itea,1.0400710785206455
10207,hypoblemum griseum,1.1773135888779807
10208,miomantis caffra,1.3475872919531409
10209,helpis minitabunda,1.0541139981497294
10210,trite planiceps,1.2856125711649513
10211,dasypodia cymatodes,1.2237637669096231
10212,sphenodon punctatus,1.2478332399905201
10213,aenetus virescens,1.0999816512168019
10214,isactinia olivacea,1.6073008285202948
10215,steatoda capensis,1.5672992616325447
10216,teleogryllus commodus,1.2587035066265131
10217,forsterygion lapillum,1.6833665840444092
10218,opodiphthera eucalypti,1.2697870593596614
10219,perna canaliculus,1
10220,struthiolaria papulosa,1.8087791251022223
10221,spatula rhynchotis,1.5502071586615029
10222,hippocampus abdominalis,1.3146955663524511
10223,melangyna novaezelandiae,1.6799185261763707
10224,coccinella undecimpunctata,1.1889854685556502
10225,micromus tasmaniae,1.3059098847423587
10226,chloroclystis inductata,1.2463851291659143
10227,ichneutica mutans,1.6780941270204717
10228,uraba lugens,1.4243120864479304
10229,anthothoe albocincta,1.6585439045463284
10230,caedicia simplex,1.1091980806359787
10231,polistes humilis,1.5995382481203673
10232,epyaxa rosearia,1.5672992616325447
10233,sidymella trapezia,1.2195846562229804
10234,ceratosoma amoenum,1.4160779162181303
10235,gymnothorax prasinus,1.2917980993971758
10236,arianta arbustorum,1.5644581711302261
10237,gazella gazella,1.6053781935609397
10238,vespula squamosa,1.2391541051981512
10239,dorcus parallelipipedus,1.5004452267420922
10240,megatibicen auletes,1.0973754713450385
10241,burhinus grallarius,1.5449025012081994
10242,tetragonisca angustula,1.5975368934483023
10243,idaea tacturata,1.0531776645693998
10244,lithobates septentrionalis,1.4338181238777223
10245,chrysomus icterocephalus,1.3721526209296258
10246,dryadula phaetusa,1.3604474797457777
10247,chrysolina americana,1.3321942066984662
10248,aedes vexans,1.0719654554786406
10249,tirumala septentrionis,1.4626509893178146
10250,certhia brachydactyla,1.352393563376399
10251,melipotis indomita,1.3061544357758521
10252,stilpnochlora couloniana,1.4309966023077694
10253,triodia sylvina,1.1023192905068422
10254,argopecten ventricosus,1.6780941270204717
10255,mocis marcida,1.0541139981497294
10256,diastema tigris,1
10257,meuschenia freycineti,1.2160777049052571
10258,sepia apama,1.3043008712297075
10259,pseudagrion microcephalum,1.3592998555046587
10260,sepia officinalis,1.4223173081274132
10261,melipotis acontioides,1.0918848172933129
10262,amyna stricta,1.3524011007688839
10263,eubolina impartialis,1.0644171801242628
10264,clepsis virescana,1.6799185261763707
10265,sparganothoides lentiginosana,1.0557667059296529
10266,agrotis porphyricollis,1.0787244289437194
10267,tetractenos glaber,1.2921951604271924
10268,elaphria festivoides,1.6799185261763707
10269,galeruca tanaceti,1.3112561419195032
10270,halone sejuncta,1.0784692502432285
10271,vireo flavoviridis,1.0812017133223784
10272,achyra affinitalis,1.2883533035242092
10273,melanodes anthracitaria,1.0618054539435133
10274,pantydia sparsa,1.0638527447459818
10275,endotricha pyrosalis,1.2460492340297342
10276,nacoleia rhoeoalis,1.0370123685583654
10277,myzomela sanguinolenta,1.2909499728519664
10278,callocephalon fimbriatum,1.3182280529145443
10279,neoponera villosa,1.1380134997496112
10280,rhyothemis graphiptera,1.1476035877042989
10281,prosotas nora,1.3409332186283693
10282,polistes bellicosus,1.6132689112006486
10283,aplysia vaccaria,1.0695575317039494
10284,heterodontus portusjacksoni,1.5184246909489401
10285,thylacodes squamigerus,1
10286,samea multiplicalis,1.0812017133223784
10287,trimerotropis maritima,1.0572145451748172
10288,emberiza rustica,1.340804881528582
10289,clanga clanga,1.5539081677390487
10290,tringa brevipes,1.3153550613688409
10291,galeopterus variegatus,1.3850935814714402
10292,gastrina cristaria,1
10293,vespa affinis,1.5825879182905584
10294,didymoctenia exsuperata,1.6780941270204717
10295,chloraspilates bicoloraria,1.143986437399662
10296,proteuxoa hypochalchis,1.2562145779524021
10297,megaustenia imperator,1
10298,stenurella melanura,1.2548022358637936
10299,lygaeus equestris,1.3268676873937915
10300,xanthogaleruca luteola,1.4664795674346185
10301,laevicaulis alte,1.1410301809506684
10302,camponotus niveosetosus,1
10303,thalassoma lucasanum,1.6459677555316488
10304,crematogaster peringueyi,1.6274976230917511
10305,camponotus fulvopilosus,1.3954401609325271
10306,argiope australis,1.2672247156031178
10307,acraea issoria,1.259697871161289
10308,delias hyparete,1.3312013223854011
10309,neptis sappho,1.3135407492723539
10310,limenitis populi,1.4801299896771238
10311,aptera fusca,1.8087791251022223
10312,anas poecilorhyncha,1.5439124493773648
10313,gonocerus acuteangulatus,1.4159937348863627
10314,cisticola exilis,1.1498606132978004
10315,archimantis latistyla,1.0812017133223784
10316,aelia acuminata,1.0557667059296529
10317,diaulula odonoghuei,1.1859135464243697
10318,gasteracantha kuhli,1.2099918383986537
10319,valgus hemipterus,1.3166568105158876
10320,cheiracanthium mildei,1.0824020951160875
10321,cyclophora nanaria,1.0201181469620573
10322,adversaeschna brevistyla,1.1099151731698196
10323,hynobius leechii,1
10324,bombina orientalis,1.3381665741145523
10325,pholodes sinistraria,1.5672992616325447
10326,rana latastei,1
10327,salamandra lanzai,1.4952111552484393
10328,papilio anactus,1.4124083479186569
10329,norape ovina,1.3793296949168938
10330,selenisa sueroides,1
10331,micrommata virescens,1.1271115087038546
10332,eburia quadrigeminata,1.0617582602077182
10333,bodianus diplotaenia,1.2650146096612827
10334,phrynoidis asper,1.1521889023071092
10335,tetrastes bonasia,1.3420052227242238
10336,lactura subfervens,1.5477472361968161
10337,isturgia dislocaria,1.0723931454311602
10338,sander vitreus,1.4468261218780341
10339,falco berigora,1.2573504195415313
10340,talpa europaea,1.196579054590271
10341,papilio aegeus,1.3018413234653419
10342,taeniopygia bichenovii,1.5807765395099445
10343,bradypodion damaranum,1.2820506399258889
10344,glaphyria sesquistrialis,1.2475016536568451
10345,pelopidas mathias,1.3538898615651498
10346,maliattha concinnimacula,1.0627310637929577
10347,stethophyma grossum,1.2649575534847719
10348,pseudocaranx georgianus,1.7240463108686939
10349,upeneichthys lineatus,1.2826150538916457
10350,lucanus cervus,1.1660273949873972
10351,prionus coriarius,1.2826150538916457
10352,stauropus fagi,1.0787244289437194
10353,nepa cinerea,1.3515743704109993
10354,chortophaga australior,1.1046543656030776
10355,anthene emolus,1.1069610445109894
10356,hypolycaena erylus,1.2626913662133934
10357,cigaritis vulcanus,1.154671334119272
10358,scorpis lineolata,1.8089540326162017
10359,riptortus pedestris,1.0855583068682406
10360,zamenis longissimus,1.3737611537688241
10361,zootoca vivipara,1.4714509919183936
10362,gryllus campestris,1.1226732981687446
10363,oligoria maculata,1.2099918383986537
10364,phaulacridium vittatum,1.1410301809506684
10365,deraeocoris ruber,1.0719654554786406
10366,omocestus rufipes,1.1380134997496112
10367,cerambyx scopolii,1.2211665257411664
10368,chrysomela vigintipunctata,1.2539663448270937
10369,clytra laeviuscula,1.0952372036460203
10370,trichodes apiarius,1.2463851291659143
10371,massylaea vermiculata,1
10372,miltochrista miniata,1.0740680606407429
10373,thyanta custator,1.1202653743940532
10374,cupido minimus,1.6082305352979565
10375,pyrochroa serraticornis,1.0976584077689127
10376,abraxas sylvata,1.0976584077689127
10377,ematurga atomaria,1.0695575317039494
10378,siona lineata,1.0309967060895056
10379,acrida ungarica,1.1091980806359787
10380,icterus pectoralis,1.1802068268891583
10381,pyrausta purpuralis,1.1697484324661465
10382,tetrao tetrix,1.4890438706071294
10383,girella tricuspidata,1.6719324234047899
10384,samea ecclesialis,1.0422723353624153
10385,coenagrion pulchellum,1.4627305786486788
10386,arta olivalis,1.4635349307030527
10387,lestes virens,1.3521747138409463
10388,dendrocopos syriacus,1.3987827422432386
10389,erythromma viridulum,1.5434147193707468
10390,erythromma najas,1.3864166449442448
10391,limax cinereoniger,1.1184133808996091
10392,gomphus vulgatissimus,1.2851197442745868
10393,cordulia aenea,1.2103667167677115
10394,brenthis ino,1.4208374207845234
10395,enoplosus armatus,1.6218393281485981
10396,girella zebra,1.6448220036242203
10397,thecla betulae,1.1125132966336171
10398,sympetrum flaveolum,1.1151250228143665
10399,sympetrum meridionale,1.1848836202186646
10400,panurus biarmicus,1.4639947801566047
10401,decticus verrucivorus,1.1376993737444892
10402,conocephalus fuscus,1.1046543656030776
10403,callithrix penicillata,1.3643974161660455
10404,lullula arborea,1.5468393562497704
10405,melanitis phedima,1.3853649532915242
10406,macrothylacia rubi,1.0349622746878269
10407,orthetrum testaceum,1.0638527447459818
10408,nisitrus vittatus,1.1772361273353864
10409,helix lucorum,1.3580545987389541
10410,lycaena tityrus,1.2183920660038048
10411,pyrgus malvoides,1.3575273212299375
10412,tyta luctuosa,1.1621821393357648
10413,rhodometra sacraria,1.2771083145956097
10414,hentzia mitrata,1.2667114814459306
10415,philanthus triangulum,1.2235657326025622
10416,calophasia lunula,1.2599577484553159
10417,phyllopertha horticola,1.5560249815897049
10418,cantharis fusca,1.2958473866394313
10419,stegasta bosqueella,1.3990188054039363
10420,aiolopus strepens,1.0502185873406522
10421,ancistrocerus adiabatus,1.1072557442910123
10422,corizus hyoscyami,1.1649863515692658
10423,anthropoides virgo,1.5744271403809853
10424,anas zonorhyncha,1.6110004145380707
10425,dolycoris baccarum,1.1184475415518402
10426,picus canus,1.1410301809506684
10427,lycaena hippothoe,1.2601340316519767
10428,scopula immorata,1.0787244289437194
10429,nyctemera amicus,1.0999816512168019
10430,cyclochila australasiae,1.3710742007313352
10431,athyma selenophora,1.1922355005907697
10432,synaphe punctalis,1.0456570428098793
10433,ceratosoma brevicaudatum,1.2149104318006128
10434,macroglossum stellatarum,1.3689282105446354
10435,eooxylides tharis,1.37859367410532
10436,polyommatus amandus,1.1119543288868248
10437,carpodacus erythrinus,1.3171315580643559
10438,tropidacris collaris,1.5095996685222568
10439,acrolophus texanella,1.1156461819193833
10440,leiobunum rotundum,1.02082901375143
10441,malachius bipustulatus,1.2826150538916457
10442,gekko chinensis,1.1984521655315874
10443,atolmis rubricollis,1.163964117594821
10444,phyllobius pomaceus,1.3017599427842601
10445,anisota stigma,1.4856425109197229
10446,callistege mi,1.256425483104777
10447,omocestus viridulus,1.23695787818912
10448,ormenoides venusta,1.2007754089794764
10449,gastrophysa viridula,1.5392448531303362
10450,bombus flavifrons,1.3216808683341981
10451,metria amella,1.0492121160937167
10452,tettigonia cantans,1.2136531447482812
10453,isodontia mexicana,1.0695575317039494
10454,cenopis pettitana,1.0784692502432285
10455,ctenoplusia oxygramma,1.1202653743940532
10456,trichodes alvearius,1.0541139981497294
10457,picromerus bidens,1.5495308382816495
10458,excultanus excultus,1.2463851291659143
10459,hystrix africaeaustralis,1.3615404107469096
10460,nola cereella,1.2672247156031178
10461,scythris trivinctella,1
10462,deltote pygarga,1.0740680606407429
10463,microcanthus strigatus,1.6261703217213896
10464,oedemera femorata,1.0638527447459818
10465,idaea rusticata,1.0638527447459818
10466,colias interior,1.475690743912057
10467,macaria alternata,1.0253742678912747
10468,phaneroptera falcata,1.0935470631316433
10469,elaphria chalcedonia,1.0617582602077182
10470,colocasia coryli,1.0572145451748172
10471,harpalus rufipes,1.5198778047328951
10472,leucania diatrecta,1.2902002101103771
10473,volucella zonaria,1.3311247426996233
10474,trichiotinus assimilis,1.1918675403503443
10475,microtheoris vibicalis,1.0935470631316433
10476,halictus scabiosae,1.2731431546467695
10477,carabus granulatus,1.2771083145956097
10478,euphaea decorata,1.2284699869279383
10479,parupeneus spilurus,1.6181010063617804
10480,potanthus omaha,1.3097473861472484
10481,agrionoptera insignis,1.0824020951160875
10482,ruspolia nitidula,1.0999199587838204
10483,megisba malaya,1.4331334195129681
10484,duberria lutrix,1.3990344356711506
10485,palomena prasina,1.4554701309991918
10486,donax gouldii,1.3856386023283038
10487,pezotettix giornae,1.2456365145308663
10488,hippocampus whitei,1.3814585719659651
10489,appias lyncida,1.3969646644526401
10490,lebadea martha,1.2779279134519523
10491,ypthima huebneri,1.3233727905671806
10492,vespa velutina,1.6245520441214647
10493,tilodon sexfasciatus,1.0695575317039494
10494,cheilodactylus nigripes,1.3400404691494514
10495,petrophila bifascialis,1.0541139981497294
10496,icterus chrysater,1.2979130164636217
10497,psaltoda plaga,1.3667354753055592
10498,monacanthus chinensis,1.1237036624810577
10499,leucania incognita,1.3292596012423639
10500,nososticta solida,1.3190700946929421
10501,octopus tetricus,1.2500700423309823
10502,austroagrion watsoni,1.3816918185594884
10503,nola desmotes,1
10504,pictilabrus laticlavius,1.2848410163327775
10505,pelecanus crispus,1.6801856095244609
10506,neurothemis taiwanensis,1.3167091172406993
10507,trachinops taeniatus,1.7042826516483927
10508,microcarbo pygmaeus,1.6101697763622433
10509,geitoneura klugii,1.2718158213933051
10510,epidesmia tryxaria,1.1963176588902027
10511,eurois occulta,1.0752873595791699
10512,peribalus strictus,1.3152541254432843
10513,acontia lucida,1.1802525176330696
10514,tessaratoma papillosa,1.3615410134355941
10515,microhyla fissipes,1.2990624838240672
10516,philenora aspectalella,1.272982720834815
10517,platycephalus fuscus,1.2853067115967163
10518,rhagium inquisitor,1.2476351532227137
10519,trachurus novaezelandiae,1.7021150825426066
10520,euploea midamus,1.4372181385861218
10521,maliattha amorpha,1.0572145451748172
10522,rhyparochromus vulgaris,1.4640270291492228
10523,jamides alecto,1.3224669103704789
10524,hypselonotus interruptus,1.7565028304163182
10525,cheilodactylus vestitus,1.2170049163388763
10526,notolabrus gymnogenis,1.1274094052768282
10527,agriocnemis femina,1.1697484324661465
10528,dicotylichthys punctulatus,1.3509385715789839
10529,idiodes apicata,1.0888293696408167
10530,nacaduba kurava,1.2819273033395739
10531,latropiscis purpurissatus,1.151348282334693
10532,scorpaena jacksoniensis,1.3218268186868893
10533,ophthalmolepis lineolata,1.2914506966443202
10534,dinolestes lewini,1.7234210347119887
10535,orectolobus halei,1.342407276856189
10536,anoplocapros inermis,1.1048218408398331
10537,cheilodactylus fuscus,1.4281803648186688
10538,ostorhinchus limenus,1.7045813262458014
10539,phycodurus eques,1.3577408961205293
10540,pseudolabrus guentheri,1.5107638747837471
10541,meuschenia trachylepis,1.267541498229797
10542,hypoplectrodes maccullochi,1.2344733623123525
10543,brachaluteres jacksonianus,1.3369641916820412
10544,enneapterygius atrogulare,1.2667114814459306
10545,trygonorrhina fasciata,1.0253742678912747
10546,achoerodus viridis,1.5061851520433707
10547,atypichthys strigatus,1.6972204042170398
10548,eupetrichthys angustipes,1.295869530803496
10549,parma microlepis,1.2798370047538159
10550,schuettea scalaripinnis,1.7405557713532382
10551,trygonoptera testacea,1.284210658637887
10552,mecaenichthys immaculatus,1.3407429675427094
10553,macaca cyclopis,1.6894706422117829
10554,kurixalus idiootocus,1.1212701841022332
10555,buergeria robusta,1.3581796799550641
10556,pteraeolidia ianthina,1.3128625353920869
10557,aphelodoris varia,1.4416676581890611
10558,strix uralensis,1.255962183414749
10559,iduna caligata,1.1046543656030776
10560,bradypodion pumilum,1.154671334119272
10561,austrolestes analis,1.0752873595791699
10562,dira clytus,1
10563,pseudagrion pilidorsum,1.3863761443233094
10564,calotes calotes,1.1984521655315874
10565,cyanistes cyanus,1.233998560358514
10566,thaumetopoea processionea,1.6116252331404537
10567,afrogecko porphyreus,1.6780941270204717
10568,nannodiplax rubra,1.3032990641794577
10569,matrona cyanoptera,1.260561152509839
10570,euphaea formosa,1.417488476071691
10571,sclerophrys pantherina,1
10572,heliophorus ila,1.473435661874269
10573,tinamus major,1.3912194848224306
10574,nocturnal curassow,1
10575,agouti paca,1
10576,blue whistling thrush,1.2873105970893992
10577,presbytis thomasi,1.2295224834784448
10578,bronze-tailed peacock-pheasant,1
10579,leopardus pardalis,1
10580,mazama americana,1.577230023565813
10581,black-fronted duiker,1
10582,philander opossum,1.2543036210307452
10583,myrmecophaga tridactyla,1.211014496128586
10584,funisciurus carruthersi,1
10585,bat-eared fox,1.5055010183393971
10586,crested partridge,1.4572797325846816
10587,meleagris ocellata,1.3947926398623745
10588,larry bird,1.4809790383775974
10589,macaca nemestrina,1.5601167381899845
10590,musophaga rossae,1.2944145390060808
10591,proechimys,1
10592,francolinus nobilis,1
10593,conepatus semistriatus,1
10594,gambian pouched rat,1
10595,mazama  temama,1
10596,francolinus africanus,1.572946315938532
10597,crab-eating fox,1.2665358240439406
10598,cephalophus silvicultor,1.3643781157999255
10599,black agouti,1.6252712506043159
10600,myiophoneus glaucinus,1.1847440963143747
10601,grey-headed dove,1.7973987913719844
10602,ictonyx striatus,1.1777737447717693
10603,myoprocta pratti,1
10604,lariscus insignis,1
10605,manis javanica,1.0825086921961553
10606,sciurus sp,1.2817516771168918
10607,white-bellied bustard,1.4207038328965953
10608,l'hoest's monkey,1.3368188590653729
10609,unstriped ground squirrel,1.3411276986135554
10610,great argus,1.3259668799700939
10611,streptopelia lugens,1.2868482405082762
10612,white-tailed mongoose,1.2901491205547599
10613,lophura inornata,1.3177819954902634
10614,crestless fireback,1.2096067048160473
10615,tambourine dove,1.1671367062853968
10616,blue ground dove,1.4333012661824243
10617,siberian blue robin,1.014320976633178
10618,virginia opossum,1
10619,mainland serow,1
10620,canis adustus,1.3791012111438798
10621,marbled cat,1.4612311790843702
10622,oryx beisa,1.6669399312775275
10623,hystrix brachyura,1.5566749274182485
10624,silver-eared mesia,1.3268486273602109
10625,white-eyed slaty flycatcher,1.1046543656030776
10626,moustached grass warbler,1.1555439397645999
10627,nanger granti,1.6359624749948356
10628,charming thicket rat,1
10629,protoxerus stangeri,1.440781063304899
10630,buff-crested bustard,1.3242809376857438
10631,link rat,1
10632,scrub hare,1.3813142355017731
10633,acryllium vulturinum,1.7035027061161754
10634,momotus momota,1.4501957764235336
10635,günther's dik-dik,1.2944145390060808
10636,niltava sumatrana,1.1506943896398947
10637,common tapeti,1
10638,mazama gouazoubira,1.4001123636628157
10639,african palm civet,1
10640,northern white-crowned shrike,1.3257655518375033
10641,masked palm civet,1.2733451051327553
10642,banded linsang,1.1461942951496424
10643,collocalia linchi,1.4702864955484285
10644,atherurus africanus,1.6132689112006486
10645,deer mice,1.3612318021351522
10646,dendrocitta occipitalis,1.2651311967579544
10647,herpestes semitorquatus,1
10648,peeper,1.3131761654157066
10649,bottom-feeder,1
10650,hatchling,1.6888912957792439
10651,pup,1.5572377677920946
10652,wolf pup,1.5464556467259711
10653,puppy,1.6544334568343864
10654,bear cub,1.3185249008064848
10655,tiger cub,1.3827463626940095
10656,suckling,1.6165322689585104
10657,arcella,1.272982720834815
10658,difflugia,1.3325621328234907
10659,paramecium,1.7145788069214156
10660,stentor,1.4624293364245076
10661,red algae,1.1633538404509698
10662,cryptomonad,1
10663,gregarine,1.6847631878715719
10664,leather carp,1.2237921171389996
10665,mirror carp,1.3244041226906726
10666,tench,1.4865069412660112
10667,dace,1.4515665458068239
10668,common shiner,1.456554504202604
10669,golden shiner,1.4089806367204101
10670,roach,1.3713650271641475
10671,scardinius erythrophthalmus,1.7218338130553663
10672,minnow,1.6409591917539874
10673,gudgeon,1.4418107607913819
10674,carassius auratus,1.3784901362526956
10675,crucian carp,1.3631973321408304
10676,electric eel,1.4846119216343685
10677,hog sucker,1.397627632440277
10678,redhorse,1.3406563050759279
10679,fundulus heteroclitus,1.6593343776519196
10680,striped killifish,1.8449003834795774
10681,rivulus,1.3055642015816484
10682,flagfish,1.3052333356995711
10683,swordtail,1.7347482378792463
10684,guppy,1.5802238688852301
10685,gambusia affinis,1.6632521844218371
10686,platy,1.677618690415895
10687,mollie,1
10688,reef squirrelfish,1.3535256824158897
10689,holocentrus ascensionis,1.5100974202008923
10690,soldierfish,1.6956254491216178
10691,john dory,1.4798975135412544
10692,boarfish,1.6119622777324101
10693,cornetfish,1.5054377941883634
10694,stickleback,1.5942261116771312
10695,gasterosteus aculeatus,1.6280171965800871
10696,seahorse,1.5575577134425669
10697,snipefish,1.4937735442858855
10698,shrimpfish,1.6258364242797438
10699,trumpetfish,1.1889854685556502
10700,lancelet,1.1622359770207304
10701,sea lamprey,1.5304113475465853
10702,myxine glutinosa,1
10703,eptatretus,1
10704,placoderm,1.1973079314014206
10705,cow shark,1.2957764895228054
10706,porbeagle,1.2900432265439949
10707,mako,1.191154508678826
10708,shortfin mako,1.4143615202923749
10709,great white shark,1.5383065621580636
10710,basking shark,1.3598675868631318
10711,thresher,1.3333945606475568
10712,carpet shark,1.3805042787906565
10713,nurse shark,1.585271393432701
10714,sand tiger,1.5942628524964135
10715,whale shark,1.5068767257996665
10716,cat shark,1.1376993737444892
10717,bull shark,1.5771753538513948
10718,sandbar shark,1.4673707305588295
10719,blacktip shark,1.353638641197755
10720,dusky shark,1.5049545482770252
10721,lemon shark,1.6437980373667571
10722,blue shark,1.3019709338097729
10723,soupfin shark,1
10724,smoothhound,1.153799439180371
10725,whitetip shark,1.4238662531601958
10726,spiny dogfish,1.3423289807318852
10727,smooth hammerhead,1
10728,shovelhead,1.21587202048503
10729,angel shark,1.2227837121698308
10730,electric ray,1.3718336708564181
10731,smalltooth sawfish,1.0723931454311602
10732,guitarfish,1.2149104318006128
10733,roughtail stingray,1.4405267323231339
10734,butterfly ray,1.3230729711063838
10735,aetobatus narinari,1.5524741165683722
10736,cownose ray,1.7138036916718686
10737,manta,1.4051660968802513
10738,skate,1
10739,fledgling,1.4085556676563882
10740,nestling,1.4581452079660815
10741,bird of passage,1.6664455076077958
10742,archaeopteryx,1.4539477942784795
10743,carinate,1
10744,struthio camelus,1.5174747021460144
10745,cassowary,1.3087126511744902
10746,electromagnetic unit,1.5148208852241436
10747,rhea,1.4209295183070099
10748,moa,1.2820506399258889
10749,alauda arvensis,1.2639807642444778
10750,anthus pratensis,1.2154548504102123
10751,chaffinch,1.1255356059460109
10752,fringilla montifringilla,1.4122666016027754
10753,carduelis carduelis,1.400571634332038
10754,linnet,1.3599063945380196
10755,siskin,1.38606357851581
10756,redpoll,1.5592330820949027
10757,spinus pinus,1.5664121386213345
10758,house finch,1.2305924128101022
10759,common canary,1.2834273565926004
10760,serin,1.3931647725420255
10761,loxia curvirostra,1.5132260697418056
10762,pyrrhula pyrrhula,1.3515676469426912
10763,dark eyed junco,1.4614046997730878
10764,pooecetes gramineus,1.3700751041388575
10765,white-throated sparrow,1.2295224834784448
10766,white-crowned sparrow,1.3114605602592389
10767,spizella passerina,1.0482121962181483
10768,melospiza melodia,1.0999199587838204
10769,swamp sparrow,1.0290800106870452
10770,passerina cyanea,1.2149104318006128
10771,emberiza hortulana,1.2952229512546529
10772,emberiza schoeniclus,1.2844145507416855
10773,emberiza citrinella,1.3420151174956751
10774,yellow-breasted bunting,1.3659459955220252
10775,plectrophenax nivalis,1.4993934302826253
10776,banana quit,1.4762034533475696
10777,passer domesticus,1.5156749390941335
10778,tree sparrow,1.3867909293431517
10779,evening grosbeak,1.4136931721734411
10780,hawfinch,1.2524718384308531
10781,pine grosbeak,1.3059098847423587
10782,cardinalis cardinalis,1.4168147878727297
10783,pyrrhuloxia,1.0999199587838204
10784,chewink,1.284987288029287
10785,green tailed towhee,1.0929801780525188
10786,ploceus philippinus,1.5534150285507926
10787,whydah,1.5992253634763722
10788,java sparrow,1.6847012536773498
10789,avadavat,1.3496277825324472
10790,zebra finch,1.6708324986848639
10791,lyrebird,1.2763255236187234
10792,arkansas kingbird,1.3892848997197198
10793,tyrannus vociferans,1.2007754089794764
10794,eastern kingbird,1.4319500246271279
10795,gray kingbird,1.2008992926938769
10796,pewee,1.1128863860581826
10797,phoebe,1.2853067115967163
10798,vermillion flycatcher,1.212740955481191
10799,cock of the rock,1.4437326096044845
10800,bellbird,1.2835138828255759
10801,umbrella bird,1.6231278698774432
10802,ant thrush,1.6055214668117703
10803,ant shrike,1.1969524066404924
10804,spotted antbird,1.2586311434435389
10805,scissortail,1.4067341384906047
10806,muscicapa striata,1.3610066120561248
10807,missel thrush,1.2349749945115085
10808,song thrush,1.1247759033308466
10809,fieldfare,1.6565155011491335
10810,redwing,1.2864422798267017
10811,ring ouzel,1.2689357737115379
10812,american robin,1.1247759033308466
10813,clay-colored robin,1.5507508887088841
10814,hermit thrush,1.2947551564951796
10815,veery,1.2033707589335465
10816,wood thrush,1.1842598746617305
10817,luscinia megarhynchos,1.2099918383986537
10818,thrush nightingale,1.3515997456279132
10819,stonechat,1.413238872612304
10820,whinchat,1.1756152004102167
10821,solitaire,1.0976584077689127
10822,redstart,1.2288582087788276
10823,wheatear,1.1860504155947358
10824,bluebird,1.4847069991727895
10825,bluethroat,1.1410301809506684
10826,gnatcatcher,1.1889854685556502
10827,regulus regulus,1.1697484324661465
10828,gold-crowned kinglet,1.0855583068682406
10829,ruby-crowned kinglet,1.3982125905226557
10830,blackcap,1.1485479819304349
10831,sylvia communis,1.154671334119272
10832,sylvia curruca,1.2501367633346177
10833,acrocephalus schoenobaenus,1.1293261006792885
10834,wren warbler,1.1873565274092674
10835,orthotomus sutorius,1.1125132966336171
10836,parula warbler,1.2630265217426691
10837,wilson warbler,1.1048218408398331
10838,setophaga ruticilla,1.3012224415627087
10839,cape may warbler,1.3116498957455129
10840,yellow warbler,1.1831875705939838
10841,audubon's warbler,1.3069168452263376
10842,myrtle warbler,1.2534916148468458
10843,blackpoll,1.3508434338763355
10844,icteria virens,1.2077548022736642
10845,ovenbird,1.2141843546184452
10846,water thrush,1.4653951294054566
10847,common yellowthroat,1.3043008712297075
10848,riflebird,1.4896574869588206
10849,baltimore oriole,1.183114687750674
10850,bullock's oriole,1.3131761654157066
10851,orchard oriole,1.163964117594821
10852,lark,1.3118203310801848
10853,cacique,1.3201629271994857
10854,dolichonyx oryzivorus,1.5798666628108566
10855,quiscalus quiscula,1.6034909488518179
10856,rusty blackbird,1.4806310473880422
10857,red-winged blackbird,1.5648364258280247
10858,oriolus oriolus,1.0572145451748172
10859,common starling,1.6267120625558373
10860,rose-colored starling,1.4783306266063421
10861,crested myna,1.5175686612473331
10862,hill myna,1.4999280742021308
10863,american crow,1.5624886410800254
10864,corvus corax,1.6191327663232089
10865,corvus frugilegus,1.5937806806703074
10866,jackdaw,1.2687688025223989
10867,chough,1.4342735634704795
10868,perisoreus canadensis,1.2917235615018758
10869,american magpie,1.3054010143582451
10870,butcherbird,1.1476035877042989
10871,currawong,1.5782853311273297
10872,gymnorhina tibicen,1.3726167585475584
10873,winter wren,1.3065875825033411
10874,house wren,1.2860715937516334
10875,long-billed marsh wren,1.1356610965386131
10876,sedge wren,1.163964117594821
10877,rock wren,1.3039264627716527
10878,carolina wren,1.3803209235600589
10879,cactus wren,1.4296810032058387
10880,blue mockingbird,1.2262860705586314
10881,gray catbird,1.1545445212269467
10882,brown thrasher,1.2003610920595693
10883,acanthisitta chloris,1.1545433684356003
10884,certhia americana,1.1202653743940532
10885,certhia familiaris,1.4139881229138416
10886,wall creeper,1.1555439397645999
10887,sitta canadensis,1.3675779103279961
10888,black capped chickadee,1.1578506186725119
10889,tufted titmouse,1.2547785173387649
10890,carolina chickadee,1.4268982731892685
10891,blue tit,1.1918675403503443
10892,bushtit,1.5886876769107237
10893,chamaea fasciata,1.0907789212107493
10894,auriparus flaviceps,1.366137664774226
10895,barn swallow,1.5989759673168196
10896,cliff swallow,1.5850763225855693
10897,tree swallow,1.6429176724566625
10898,house martin,1.4956433291252245
10899,riparia riparia,1.6591067538478497
10900,purple martin,1.6858008167759371
10901,wood swallow,1.5732245174603752
10902,scarlet tanager,1.2568571570311351
10903,western tanager,1.0434314726404994
10904,piranga rubra,1.0907789212107493
10905,hepatic tanager,1.1271115087038546
10906,lanius excubitor,1.1151250228143665
10907,lanius borealis,1.3486034853939177
10908,white-rumped shrike,1.2149104318006128
10909,loggerhead shrike,1.1184133808996091
10910,black-fronted bush shrike,1
10911,satin bowerbird,1.3463866718921091
10912,great bowerbird,1.7973987913719844
10913,cinclus mexicanus,1.2281844890354108
10914,red-eyed vireo,1.2146734354918725
10915,solitary vireo,1.1443678792148226
10916,blue headed vireo,1.139122286233657
10917,waxwing,1.4835957023619524
10918,accipiter gentilis,1.4970439110069256
10919,cooper's hawk,1.4258931315345489
10920,buteonine,1
10921,redtail,1.3067219921027611
10922,buteo lagopus,1.4258073839039616
10923,buteo lineatus,1.2877198015757265
10924,buteo buteo,1.3374829144374214
10925,pernis apivorus,1.4574806497098161
10926,milvus migrans,1.594021943596212
10927,swallow-tailed kite,1.5541124999641602
10928,elanus leucurus,1.5434800600619492
10929,circus aeruginosus,1.4766636366601733
10930,circus pygargus,1.4289242786901963
10931,circus cyaneus,1.634071840026208
10932,harrier eagle,1.6132689112006486
10933,peregrine,1.3240025637977713
10934,gyrfalcon,1.4414846582491903
10935,falco tinnunculus,1.2581156462137197
10936,sparrow hawk,1.451372910127567
10937,pigeon hawk,1.2722732926955211
10938,hobby,1.2893859222118356
10939,audubon's caracara,1.2697870593596614
10940,eaglet,1.4976000033662722
10941,golden eagle,1.3760503155181507
10942,tawny eagle,1.3701571925753337
10943,haliaeetus leucocephalus,1.4895944520358841
10944,kamchatkan sea eagle,1
10945,fishing eagle,1.4004496266476449
10946,pandion haliaetus,1.4799025543142474
10947,griffon vulture,1.6173280369453806
10948,gypaetus barbatus,1.3425952389033031
10949,neophron percnopterus,1.6249123982913845
10950,black vulture,1.7179484508435494
10951,sagittarius serpentarius,1.2338583158638214
10952,turkey vulture,1.5808727574159187
10953,vultur gryphus,1.262218359314569
10954,gymnogyps californianus,1.5321038261042723
10955,king vulture,1.527465035218263
10956,athene noctua,1.3351010394837877
10957,great horned owl,1.3110151027092942
10958,great grey owl,1.3707228272960443
10959,strix aluco,1.3409132895263018
10960,strix varia,1.1748887840458329
10961,screech owl,1.2535092783881141
10962,spotted owl,1.1772967078205243
10963,oriental scops owl,1.0907789212107493
10964,hoot owl,1.2717931767497896
10965,hawk owl,1.3382780351369299
10966,asio otus,1.2145372489680042
10967,laughing owl,1.1102260891458877
10968,barn owl,1.2867055374589138
10969,european fire salamander,1.3406287691000551
10970,spotted salamander,1.4893310681491212
10971,alpine salamander,1.2983821480997153
10972,common newt,1.3646068419348598
10973,notophthalmus viridescens,1.1889854685556502
10974,taricha granulosa,1.3536291870106736
10975,california newt,1.3862496587483175
10976,eft,1.0492121160937167
10977,mole salamander,1.3006269063611116
10978,ambystoma tigrinum,1.1649863515692658
10979,axolotl,1.4397758609291529
10980,waterdog,1.1376993737444892
10981,hellbender,1.4366863614205432
10982,giant salamander,1.2975615638003397
10983,olm,1.191154508678826
10984,pacific giant salamander,1.2267407951254787
10985,plethodon cinereus,1.4468742773330585
10986,plethodon vehiculum,1.1594452504916131
10987,dusky salamander,1.2882632513257264
10988,aneides lugubris,1.2349749945115085
10989,slender salamander,1.3322486238584748
10990,shasta salamander,1.1069610445109894
10991,limestone salamander,1.0576492269934685
10992,amphiuma,1.0908712930687599
10993,siren,1.6252712506043159
10994,wood-frog,1.463924349550521
10995,bullfrog,1.529441716909171
10996,green frog,1.3072504887346816
10997,goliath frog,1
10998,pickerel frog,1.1532088646683645
10999,tarahumara frog,1.6252712506043159
11000,rana temporaria,1.5722536203048825
11001,robber frog,1.0541139981497294
11002,barking frog,1.0765198311153059
11003,tailed frog,1.3364558879165667
11004,bufo,1.2947173230612659
11005,bufo bufo,1.406021402218347
11006,natterjack,1.2760171699202609
11007,american toad,1.3471212949825002
11008,eurasian green toad,1
11009,yosemite toad,1.3158887357176563
11010,texas toad,1.1476389419873987
11011,southwestern toad,1
11012,western toad,1.1271115087038546
11013,midwife toad,1.3464580725657123
11014,fire-bellied toad,1.382679416599107
11015,western spadefoot,1.2783074341622442
11016,plains spadefoot,1.2981734950895194
11017,spring peeper,1.2935532396208393
11018,hyla arenicolor,1.1697484324661465
11019,acris crepitans,1.2617754674544424
11020,eastern cricket frog,1.2230071725570233
11021,chorus frog,1.2326950179722045
11022,lowland burrowing treefrog,1.0952372036460203
11023,western narrow-mouthed toad,1.2553387757061896
11024,gastrophryne carolinensis,1.1645385828215993
11025,sheep frog,1.0639539976833743
11026,surinam toad,1.1748887840458329
11027,xenopus laevis,1.418639970939251
11028,caecilian,1.2826150538916457
11029,green turtle,1.1559491643704181
11030,ridley,1.1697484324661465
11031,hawksbill sea turtle,1.2067133640169798
11032,leatherback turtle,1.4514337432708968
11033,snapping turtle,1.606348243925261
11034,diamondback terrapin,1.4602608667899255
11035,pseudemys rubriventris,1.394211489453673
11036,box turtle,1.5167898838705309
11037,painted turtle,1.5427708183632429
11038,tortoise,1.4871873282656971
11039,soft-shelled turtle,1.3235475041011664
11040,tuatara,1.2589596267967278
11041,flying gecko,1.3096367317535691
11042,banded gecko,1.1271115087038546
11043,amblyrhynchus cristatus,1.6555490679188742
11044,dipsosaurus dorsalis,1.2929717127285718
11045,chuckwalla,1.4139881229138416
11046,callisaurus draconoides,1.0492121160937167
11047,fringe-toed lizard,1.1521889023071092
11048,earless lizard,1.1332916692776098
11049,collared lizard,1.3227881921063989
11050,leopard lizard,1.3469565987411405
11051,sceloporus occidentalis,1.3263944437842423
11052,sceloporus undulatus,1.0618054539435133
11053,sagebrush lizard,1.2912659605860117
11054,side-blotched lizard,1.1099151731698196
11055,tree lizard,1.2939211949029881
11056,horned lizard,1.0719719704765893
11057,basilisk,1.3547272352834456
11058,worm lizard,1.1271115087038546
11059,night lizard,1.5437122966719103
11060,western skink,1.065634723005038
11061,mountain skink,1.1694932819301365
11062,racerunner,1.3505700567959007
11063,plateau striped whiptail,1.2136531447482812
11064,chihuahuan spotted whiptail,1.1250315084986218
11065,western whiptail,1.2160777049052571
11066,checkered whiptail,1.0765198311153059
11067,teju,1.2033707589335465
11068,caiman lizard,1.2358633757267297
11069,agama,1.1508712253783242
11070,frilled lizard,1.3699315578021252
11071,alligator lizard,1.1594452504916131
11072,anguis fragilis,1.3480856281830962
11073,glass lizard,1.3262019243260506
11074,legless lizard,1.2477087096286488
11075,lanthanotus borneensis,1.6252712506043159
11076,venomous lizard,1.2517210779513566
11077,sand lizard,1.1802090909931142
11078,green lizard,1.233998560358514
11079,african chameleon,1.2595458077526187
11080,horned chameleon,1.179230284280441
11081,komodo dragon,1.3936020791985662
11082,crocodylus niloticus,1.5650864520313037
11083,asian crocodile,1.5615889984430671
11084,false gavial,1.6252712506043159
11085,american alligator,1.2954215142257344
11086,chinese alligator,1.2517210779513566
11087,spectacled caiman,1.4307278201641385
11088,gavial,1.2921162636330643
11089,stegosaurus,1.4775586322464735
11090,edmontonia,1.3257142372554704
11091,pachycephalosaur,1.2828117221514828
11092,protoceratops,1.3641394207897517
11093,triceratops,1.4228872778363635
11094,styracosaur,1.1916650508314346
11095,psittacosaur,1
11096,ornithopod,1.0886874932287065
11097,hadrosaur,1.4991664145915995
11098,apatosaur,1.5296150531088895
11099,barosaur,1
11100,diplodocus,1.4270892887051199
11101,coelophysis,1.5624324600869506
11102,tyrannosaurus,1.4007707688895101
11103,allosaur,1.4740181624514068
11104,ornithomimid,1.5351966284843832
11105,oviraptorid,1
11106,velociraptor,1.4277273695221808
11107,deinonychus,1.5894060697886836
11108,utahraptor,1.30539832976786
11109,pelycosaur,1.3302672732618239
11110,dimetrodon,1.38101287039277
11111,pterodactyl,1.3949768354088987
11112,ichthyosaur,1.5979140485591097
11113,plesiosaur,1.527582907174392
11114,hoop snake,1
11115,carphophis amoenus,1.3167091172406993
11116,ringneck snake,1.2054481233657524
11117,hognose snake,1.1048218408398331
11118,leaf-nosed snake,1.2534429318274438
11119,green snake,1.273477801094375
11120,blue racer,1.192259794818735
11121,horseshoe whipsnake,1.4635349307030527
11122,masticophis lateralis,1.2631185538893281
11123,sonoran whipsnake,1.3597433657510591
11124,black rat snake,1.3731638080813815
11125,chicken snake,1.1555439397645999
11126,indian rat snake,1.2604223251216315
11127,glossy snake,1.1802525176330696
11128,gopher snake,1.3359200942464011
11129,pine snake,1.5014963154654946
11130,common kingsnake,1.1112925651742425
11131,milk snake,1.1353814099603221
11132,garter snake,1.352115509102696
11133,tropidoclonion lineatum,1.4839470234914347
11134,sonora semiannulata,1.2511196883795548
11135,eastern ground snake,1.2416184752612047
11136,nerodia sipedon,1.3259378209110069
11137,water moccasin,1.3048204890557644
11138,viperine grass snake,1.2733451051327553
11139,red-bellied snake,1.3376343307822616
11140,banded sand snake,1
11141,black-headed snake,1.1356610965386131
11142,vine snake,1.543386322344531
11143,sonoran lyre snake,1.6252712506043159
11144,western blind snake,1.7164917126090513
11145,eastern indigo snake,1.3702796348990969
11146,boa constrictor,1.0617582602077182
11147,rubber boa,1.212740955481191
11148,rosy boa,1.6451005469971971
11149,carpet snake,1.1251304432493816
11150,reticulated python,1.2289673171992448
11151,indian python,1.4329766274787854
11152,rock python,1.2477991240445774
11153,amethystine python,1.1417608672302821
11154,eastern coral snake,1.349294970068831
11155,western coral snake,1.7565028304163182
11156,coral snake,1.4191359456052606
11157,australian coral snake,1.0695575317039494
11158,copperhead,1.2889054387982171
11159,indian cobra,1.4343621583318105
11160,hamadryad,1
11161,ringhals,1.2267567166525404
11162,black mamba,1.344424053308912
11163,green mamba,1.4043807902563192
11164,death adder,1.233998560358514
11165,notechis scutatus,1.228946367470926
11166,pseudechis porphyriacus,1.1736078460822101
11167,banded krait,1.2865248234504074
11168,taipan,1.1671367062853968
11169,vipera berus,1.1226732981687446
11170,puff adder,1.1894812509913812
11171,gaboon viper,1.1151250228143665
11172,horned viper,1.1212701841022332
11173,agkistrodon piscivorus,1.2610470497048971
11174,crotalus adamanteus,1.0897177418052493
11175,canebrake rattlesnake,1.3421177303097989
11176,crotalus viridis,1.1873412014167761
11177,crotalus cerastes,1.5392158519231014
11178,western diamondback,1.0639539976833743
11179,rock rattlesnake,1.2511196883795548
11180,tiger rattlesnake,1.2687956464100694
11181,crotalus scutulatus,1.2748867538365709
11182,speckled rattlesnake,1.3550111277153218
11183,sistrurus catenatus,1.3135284361747106
11184,ground rattler,1.2805855572828864
11185,fer-de-lance,1.1889854685556502
11186,trilobite,1.7226807337311643
11187,chelicera,1.0750204827669563
11188,scorpion,1.3722829715156022
11189,book scorpion,1.2056414253195835
11190,whip-scorpion,1.2742310390804596
11191,vinegarroon,1.2911359246538998
11192,spider,1.4318357404713922
11193,black and gold garden spider,1.1772361273353864
11194,barn spider,1.1621821393357648
11195,comb-footed spider,1.4969989054118922
11196,latrodectus mactans,1.4442954966173074
11197,tarantula,1.35943851934368
11198,wolf spider,1.132928633459463
11199,european wolf spider,1
11200,tick,1.1443678792148226
11201,hard tick,1.5477472361968161
11202,ixodes pacificus,1.0456570428098793
11203,ixodes scapularis,1.3630927714848435
11204,ixodes ricinus,1.1938906210008144
11205,wood tick,1.1645385828215993
11206,soft tick,1.292027663888585
11207,mite,1.2235657326025622
11208,spider mite,1.3220601345073453
11209,myriapod,1.3253853943873415
11210,tardigrade,1.1125132966336171
11211,centipede,1.3592254225472484
11212,scutigera coleoptrata,1.2463851291659143
11213,millipede,1.4739309682410842
11214,sea spider,1.2827177669496455
11215,merostomata,1.5718739055533297
11216,horseshoe crab,1.4488662982074105
11217,eurypterid,1.6324949762189984
11218,tongue worm,1
11219,plymouth rock,1.5970650386522394
11220,cornish,1.6132689112006486
11221,cochin,1.6379780731122642
11222,jungle cock,1.5154691222692835
11223,chick,1.6615576454742715
11224,cock,1.6379536810653432
11225,brood hen,1.4561172032801626
11226,rhode island red,1.6751883288691376
11227,orpington,1.6526532690061415
11228,turkey cock,1.4133502210464259
11229,ocellated turkey,1.5177631479368607
11230,blackcock,1.4189823082534649
11231,greyhen,1.7565028304163182
11232,red grouse,1.2912659605860117
11233,capercaillie,1.2882632513257264
11234,spruce grouse,1.1356610965386131
11235,sage grouse,1.3549707652833416
11236,ruffed grouse,1.2033707589335465
11237,sharp-tailed grouse,1.377727333326902
11238,greater prairie chicken,1.4994557539070876
11239,lesser prairie chicken,1.6449818019837603
11240,heath hen,1.5233449500635128
11241,piping guan,1.2617795074027081
11242,chachalaca,1.4914555923127508
11243,mallee fowl,1.3111157762486634
11244,alectura lathami,1.4610270011191075
11245,maleo,1.3860174533894747
11246,phasianus colchicus,1.3683898763017375
11247,afropavo,1.503299779476686
11248,golden pheasant,1.2243373039430814
11249,colinus virginianus,1.4439931462196371
11250,monal,1.4038888458331769
11251,peachick,1.5232920493514821
11252,peacock,1.4343250457384555
11253,peahen,1.5791877808622496
11254,blue peafowl,1.4231606556583454
11255,green peafowl,1.2718158213933051
11256,california quail,1.4497154764134141
11257,perdix perdix,1.5746889709370588
11258,red-legged partridge,1.2533300457314207
11259,greek partridge,1.5017462090988702
11260,mountain quail,1.3484910148969991
11261,guinea hen,1.5885250045609953
11262,hoatzin,1.3504850559783461
11263,dodo,1.3986137209286869
11264,pouter pigeon,1.3579284191936907
11265,rock dove,1.7139002019496363
11266,band-tailed pigeon,1.5886923170990936
11267,columba palumbus,1.5247945733915933
11268,streptopelia turtur,1.3755966373248907
11269,ringdove,1.4145739830773316
11270,australian turtledove,1
11271,mourning dove,1.3009397042746886
11272,fairy swallow,1.3774292622537496
11273,roller,1
11274,carrier pigeon,1.6754121144858556
11275,painted sandgrouse,1.4564603965981091
11276,pin-tailed sandgrouse,1.5492767658868345
11277,pallas's sandgrouse,1.6158816018904985
11278,african grey,1.6667265987087059
11279,macaw,1.6672892262295624
11280,nestor notabilis,1.5259980749873849
11281,cacatua galerita,1.5385755400786016
11282,pink cockatoo,1.6534201663976904
11283,lovebird,1.6049616892346286
11284,varied lorikeet,1.3251239484605943
11285,rainbow lorikeet,1.5177858565024471
11286,carolina parakeet,1.6037251288287488
11287,budgerigar,1.4710339369782588
11288,psittacula krameri,1.5343984464338403
11289,cuculus canorus,1.6026771568269949
11290,black billed cuckoo,1.0865396176015134
11291,roadrunner,1.3784074289383583
11292,crow pheasant,1.2874698107548332
11293,pheasant coucal,1.0999199587838204
11294,coracias garrulus,1.2617795074027081
11295,ground roller,1.0309967060895056
11296,kingfisher,1.0865474436541014
11297,eurasian kingfisher,1.3973936348692086
11298,belted kingfisher,1.2982572924219822
11299,bee eater,1.6427910901611238
11300,hornbill,1.346399344177303
11301,upupa epops,1.5479943484822303
11302,wood hoopoe,1.3701641536372065
11303,tody,1.3832887964704204
11304,tree swift,1.4094460337762926
11305,archilochus colubris,1.2935712554304792
11306,thornbill,1.2078390734251783
11307,european goatsucker,1.1697484324661465
11308,whippoorwill,1.8261284072862596
11309,nighthawk,1.3225123180912266
11310,poorwill,1.2742310390804596
11311,frogmouth,1.3978815073831425
11312,oilbird,1.5823359375255848
11313,green woodpecker,1.2230441374557244
11314,downy woodpecker,1.274064349517452
11315,yellow-shafted flicker,1.1965836442333937
11316,colaptes chrysoides,1.4903500707181536
11317,red-shafted flicker,1.3094505830663019
11318,yellow-bellied sapsucker,1.0728140883195354
11319,wryneck,1.3152541254432843
11320,piculet,1.2349749945115085
11321,barbet,1.2054481233657524
11322,puffbird,1.3941979560901281
11323,honey guide,1.6780941270204717
11324,jacamar,1.3513252474426216
11325,toucan,1.0886874932287065
11326,toucanet,1.2915252774237187
11327,resplendent quetzel,1.1594452504916131
11328,anas rubripes,1.6997174577552183
11329,greenwing,1.4515721153396717
11330,bluewing,1.5329157440681991
11331,garganey,1.6078033208727207
11332,american widgeon,1.6304835955676829
11333,anas acuta,1.7161292419038605
11334,sheldrake,1.5393786585483169
11335,oxyura jamaicensis,1.363293420100204
11336,bufflehead,1.6109290493474724
11337,barrow's goldeneye,1.5734499845605456
11338,canvasback,1.6731698842840281
11339,aythya ferina,1.7132914919052766
11340,aythya americana,1.6094721513049715
11341,scaup,1.7028058647704905
11342,wood drake,1.1545445212269467
11343,aix galericulata,1.638006356948434
11344,muscovy duck,1.3043779075377611
11345,eider,1.7070996744323843
11346,common scoter,1.5969914905591627
11347,clangula hyemalis,1.6801845755852356
11348,mergus merganser,1.6121318279681338
11349,american merganser,1.4517945840657851
11350,mergus serrator,1.5993845858002447
11351,smew,1.50868468441793
11352,lophodytes cucullatus,1.4325383998542003
11353,gosling,1.6412394086794744
11354,greylag,1.6702850833144702
11355,snow goose,1.5367454766812467
11356,common brant goose,1.656663526205945
11357,branta canadensis,1.5148721986143627
11358,branta leucopsis,1.3144584133135773
11359,coscoroba,1.6556668978038129
11360,cygnet,1.6186583157228016
11361,mute swan,1.5915096303564646
11362,whooper,1.5602007461784821
11363,whistling swan,1.5757825342635732
11364,bewick's swan,1.5680886615049392
11365,cygnus buccinator,1.4278482063478559
11366,cygnus atratus,1.4845210586384554
11367,horned screamer,1.4524836685809244
11368,chaja,1.6469433535846094
11369,echidna,1.4714290959606746
11370,platypus,1.4256633357251907
11371,didelphis marsupialis,1
11372,rabbit-eared bandicoot,1.8089540326162017
11373,macropus giganteus,1.6508690423931522
11374,common wallaby,1
11375,hare wallaby,1.5587681132103479
11376,nail-tailed wallaby,1.4634818002378029
11377,rock wallaby,1.5355619600492647
11378,pademelon,1.4940765366640221
11379,tree wallaby,1.4708606844389511
11380,potoroo,1.5195542727976221
11381,bettong,1.3713000711069301
11382,cuscus,1.2638531148653001
11383,trichosurus vulpecula,1.2054481233657524
11384,phascolarctos cinereus,1.3823941012705343
11385,wombat,1.4527254945799282
11386,native cat,1.1890105543505993
11387,thylacine,1.5037548618552119
11388,tasmanian devil,1.3327795638861857
11389,pouched mouse,1
11390,numbat,1.2170101228968979
11391,calf,1.620957052771568
11392,starnose mole,1.3917448455717101
11393,golden mole,1.7565028304163182
11394,american shrew mole,1.8087791251022223
11395,common shrew,1.1212701841022332
11396,masked shrew,1.1072557442910123
11397,short-tailed shrew,1.3532075398593335
11398,water shrew,1.3759337601870179
11399,least shrew,1.1506943896398947
11400,hedgehog,1.4635365443792265
11401,tailless tenrec,1.4324265467952175
11402,otter shrew,1.5154691222692835
11403,scallop shell,1.5247735935928421
11404,oyster shell,1.2991384570285971
11405,sponge (animal),1.5098819107215355
11406,glass sponge,1.4277354129677722
11407,venus's flower basket,1
11408,medusa,1.6925985543728208
11409,jellyfish,1.4724524368274166
11410,scyphozoan,1.39279466198079
11411,chrysaora quinquecirrha,1.5437906993652533
11412,hydra,1.1212701841022332
11413,portuguese man-of-war,1.5200196560433779
11414,apolemia,1
11415,anthozoan,1.2836479584252347
11416,actinia,1.4379197113027826
11417,gorgonian,1.5529244928193635
11418,sea feather,1.4417474977141844
11419,sea fan,1.1832044444096534
11420,stony coral,1.0135661577187134
11421,brain coral,1.4292326615123629
11422,staghorn coral,1.2365934525378566
11423,mushroom coral,1.0598711589746355
11424,ctenophore,1.5884053272385337
11425,beroe,1.6627953236009687
11426,worm,1.5120380986505624
11427,arrowworm,1
11428,planarian,1.1574598209221412
11429,liver fluke,1.4648551781738306
11430,schistosome,1
11431,echinococcus,1.1184133808996091
11432,ribbon worm,1.1860504155947358
11433,rotifer,1.422151130756542
11434,nematode,1.6096654499686354
11435,pinworm,1.7973987913719844
11436,hookworm,1.3251805527350624
11437,annelid,1.478579453817046
11438,earthworm,1.6027435919316413
11439,polychaete,1.4685116195430554
11440,lugworm,1.3972682593810553
11441,sea mouse,1.232442901701992
11442,bloodworm,1.4348302982516186
11443,leech,1.4188897707800758
11444,medicinal leech,1.4441996963876993
11445,horseleech,1
11446,molluscs,1.5556476676826616
11447,ormer,1.6566827534086479
11448,scorpion shell,1
11449,conch,1.6931084072066693
11450,giant conch,1.3254975312633597
11451,lymnaeidae,1.4215633280226994
11452,edible snail,1.6067236629553336
11453,garden snail,1.4380673799071582
11454,brown snail,1
11455,slug,1.431466884331331
11456,nerita,1.631374553142964
11457,bleeding tooth,1.3362085609630807
11458,neritina,1.4835404768418987
11459,whelk,1.4687275098580086
11460,moon shell,1.3452457887976661
11461,Common periwinkle,1.603789199686291
11462,limpet,1.6637292638967049
11463,common limpet,1.6577716944459124
11464,keyhole limpet,1.059521224082729
11465,river limpet,1.6833665840444092
11466,sea slug,1.4943326011279543
11467,sea hare,1.4949594922470206
11468,hermissenda crassicornis,1.0784692502432285
11469,physa,1.367516666489565
11470,cowrie,1.3912331972284679
11471,money cowrie,1.6565944109724413
11472,tiger cowrie,1.1860504155947358
11473,chiton,1.4503404323115467
11474,clam,1.4670566717624152
11475,seashell,1.3214934293705414
11476,soft-shell clam,1.5240427918413006
11477,littleneck,1.5504330894203715
11478,cherrystone,1.7308174031288466
11479,geoduck,1.6940034563406248
11480,japanese oyster,1.6388261952699137
11481,virginia oyster,1.6978561828197609
11482,pearl oyster,1.587613271752961
11483,saddle oyster,1.3746785551724372
11484,ark shell,1.2126733956756233
11485,blood clam,1.5858753659216061
11486,freshwater mussel,1.5667236423465134
11487,bay scallop,1.6000304349294614
11488,chambered nautilus,1.3825818824796436
11489,octopus,1.4571365692614546
11490,paper nautilus,1.4731436944216465
11491,decapod,1.2373301655149767
11492,crab,1.6268563930639317
11493,stone crab,1.5026764412463556
11494,cancer irroratus,1.5841082772282431
11495,cancer borealis,1.6109053174091192
11496,swimming crab,1.4511228595768426
11497,ovalipes ocellatus,1.7565028304163182
11498,fiddler crab,1.2295394001739024
11499,pea crab,1.7973987913719844
11500,king crab,1.5687261613329018
11501,spider crab,1.5470542018591984
11502,european spider crab,1.315141188190549
11503,giant crab,1.3912194848224306
11504,lobster,1.5955277636758032
11505,american lobster,1.4618005138694916
11506,cape lobster,1.5854086965397967
11507,norway lobster,1.6275366903412976
11508,spiny lobster,1.4821107138680958
11509,crayfish,1.5235330271848011
11510,hermit crab,1.5271428582723474
11511,shrimp,1.2721208182605304
11512,krill,1.3432051343160372
11513,opossum shrimp,1.675635803010151
11514,squilla,1.419106522611056
11515,woodlouse,1.4554120815967124
11516,sea louse,1.6780941270204717
11517,amphipod,1.2033707589335465
11518,skeleton shrimp,1.4741601376815083
11519,whale louse,1.5672992616325447
11520,daphnia,1.3077938356957814
11521,fairy shrimp,1.6202209010915039
11522,brine shrimp,1.5449817225571398
11523,tadpole shrimp,1.2719940029554704
11524,copepod,1.0723931454311602
11525,cyclops,1.0516366762506926
11526,white stork,1.6257872877922603
11527,black stork,1.4882886642213282
11528,adjutant bird,1.3784072118221513
11529,marabou,1.4921472723072418
11530,saddlebill,1.6106318697483208
11531,mycteria americana,1.5762252364166305
11532,shoebill,1.4688247506403176
11533,wood ibis,1.6437818247499285
11534,sacred ibis,1.5815424153081032
11535,common spoonbill,1.5673715188877013
11536,roseate spoonbill,1.587982298547868
11537,flamingo,1.6109688690613502
11538,great blue heron,1.3598675868631318
11539,little blue heron,1.2793006826700419
11540,egretta thula,1.4825380525822203
11541,egretta garzetta,1.5751466491314323
11542,great white heron,1.5911225512414111
11543,american egret,1.404159425427586
11544,bubulcus ibis,1.6396136204705978
11545,nycticorax nycticorax,1.2281844890354108
11546,nyctanassa violacea,1.0644171801242628
11547,cochlearius cochlearius,1.4311030879069508
11548,american bittern,1.052541830788541
11549,european bittern,1.1376993737444892
11550,least bittern,1.1202653743940532
11551,grus americana,1.4627620807589732
11552,courlan,1.2692303809453285
11553,limpkin,1.1046543656030776
11554,crested cariama,1.1271115087038546
11555,chunga,1.2936044633694725
11556,weka,1.4679727396271587
11557,crake,1.2771083145956097
11558,florida gallinule,1.4486421405070524
11559,moorhen,1.2586311434435389
11560,purple gallinule,1.3439023111804884
11561,european gallinule,1.3686426408036849
11562,notornis,1.4480178133438604
11563,fulica americana,1.5540655493155326
11564,old world coot,1.7063032848842923
11565,great bustard,1.5601702391172312
11566,plain turkey,1.8089540326162017
11567,plain wanderer,1.1226732981687446
11568,Trumpeter swan,1.5086393701250316
11569,brazilian trumpeter,1.5672992616325447
11570,piping plover,1.3382535081133411
11571,charadrius vociferus,1.3781020964741224
11572,dotterel,1.3852390712445524
11573,golden plover,1.4518170747696215
11574,lapwing,1.6721316221384033
11575,arenaria interpres,1.5326662874384844
11576,black turnstone,1.5415994884569066
11577,surfbird,1.6631873577387259
11578,actitis hypoleucos,1.1508712253783242
11579,spotted sandpiper,1.2204324112749749
11580,red-backed sandpiper,1.2811934358142736
11581,tringa nebularia,1.5251425092453201
11582,tringa totanus,1.3405864503080003
11583,yellowlegs,1.3046634918584412
11584,calidris melanotos,1.3969491997694097
11585,knot,1.4101765128272794
11586,calidris ferruginea,1.655212110483623
11587,sanderling,1.534594760069381
11588,upland sandpiper,1.4564288621698205
11589,ruff,1.1069610445109894
11590,tattler,1.3379558466987598
11591,woodcock,1.2588740790161379
11592,snipe,1.3191976842638797
11593,curlew,1.3855707513333666
11594,hudsonian godwit,1.6529992933647009
11595,black-necked stilt,1.5580616539124512
11596,himantopus himantopus,1.5833437938208792
11597,stilt,1.6045672002122298
11598,banded stilt,1.4235196200455293
11599,avocet,1.3407319772636315
11600,oystercatcher,1.6060333071347102
11601,northern phalarope,1.0786734129499871
11602,wilson's phalarope,1.4948091088792061
11603,pratincole,1.651843353915238
11604,cream-colored courser,1.3529234960325554
11605,crocodile bird,1.8089540326162017
11606,mew,1.5931587526598836
11607,larus marinus,1.6973929514061907
11608,laughing gull,1.6755004266322193
11609,ivory gull,1.6379928047143957
11610,kittiwake,1.6711950706291367
11611,sterna hirundo,1.6001129143973665
11612,skimmer,1.4796442864285955
11613,parasitic jaeger,1.4487419010631191
11614,great skua,1.6087767835041373
11615,razorbill,1.7048273995283396
11616,little auk,1.6846951275930686
11617,great auk,1.4435320642275462
11618,black guillemot,1.5366114456286286
11619,pigeon guillemot,1.414796398100425
11620,common murre,1.3772915764993039
11621,thick-billed murre,1.4772199213796187
11622,atlantic puffin,1.6220545947874221
11623,horned puffin,1.6368855950585792
11624,tufted puffin,1.6510487293410636
11625,grebe,1.3788889173859116
11626,white pelican,1.6366516027342133
11627,frigatebird,1.7057195872640603
11628,solan,1.5804107204677647
11629,booby,1.6880966909772159
11630,anhinga anhinga,1.3201994835802715
11631,tropic bird,1.296266599745838
11632,adelie,1.6594927013115079
11633,king penguin,1.6418608791873517
11634,emperor penguin,1.6958600198012261
11635,jackass penguin,1.7194030168427807
11636,rock hopper,1.6443581654152437
11637,black-footed albatross,1.661657176806391
11638,white-chinned petrel,1.6102523989735507
11639,giant petrel,1.5767613294286869
11640,manx shearwater,1.6392655540208181
11641,storm petrel,1.6272058656237012
11642,right whale,1.3759659672200393
11643,bowhead,1.4336524734691922
11644,blue whale,1.1772361273353864
11645,finback,1.4327536000165906
11646,sei whale,1.0668108008859984
11647,balaenoptera acutorostrata,1.3139292748848772
11648,humpback,1.4934596165082419
11649,eschrichtius robustus,1.4222299970458285
11650,sperm whale,1.3784072118221513
11651,pygmy sperm whale,1.1951817636297197
11652,beaked whale,1.5731290213405751
11653,common dolphins,1.5471749471981595
11654,tursiops truncatus,1.5638851410413377
11655,pacific bottlenose dolphin,1.5481302460671231
11656,phocoena phocoena,1.4730019825308007
11657,vaquita,1.326469598173178
11658,grampus,1.626886707365778
11659,killer whale,1.2801797702491944
11660,pilot whale,1.4672927669879026
11661,river dolphin,1.485710454167847
11662,narwhal,1.4965936423659787
11663,white whale,1.629972937888754
11664,trichechus manatus,1.3534848984104253
11665,dugong,1.6164783538918868
11666,steller's sea cow,1.2215401784172406
11667,crabeater seal,1.4879792387882429
11668,guadalupe fur seal,1.5675128080992571
11669,fur seal,1.4651499530772358
11670,otaria byronia,1.4876459043249819
11671,zalophus californianus,1.5659399116739086
11672,australian sea lion,1.6032679092300981
11673,steller sea lion,1.401445315614761
11674,harbor seal,1.6514212076310049
11675,harp seal,1.5968288217802653
11676,elephant seal,1.6082161888159938
11677,bearded seal,1.3425693868388759
11678,hooded seal,1.5013037681381736
11679,atlantic walrus,1.6125589352736829
11680,pacific walrus,1.586557744288279
11681,orycteropus afer,1.3948550330902458
11682,chihuahua,1.4329338911092004
11683,maltese dog,1.4282419113298404
11684,blenheim spaniel,1.6965978116420013
11685,papillon,1.353503457959395
11686,toy terrier,1.419825313149423
11687,rhodesian ridgeback,1.6315569361303139
11688,afghan hound,1.6081332158970887
11689,basset,1.6008136573881442
11690,bloodhound,1.4963211480884611
11691,bluetick,1.3281937680566307
11692,foxhound,1.6309893206757211
11693,plott hound,1.5263952387954212
11694,borzoi,1.5674334647146413
11695,irish wolfhound,1.6674233729806893
11696,italian greyhound,1.5641378962053005
11697,ibizan hound,1.5542216045155377
11698,norwegian elkhound,1.5349231828563206
11699,otterhound,1.457368721047609
11700,saluki,1.4528878783848518
11701,scottish deerhound,1.5808524722909061
11702,weimaraner,1.5362008397702003
11703,staffordshire bullterrier,1.6630287715480536
11704,american pit bull terrier,1.4775285507050653
11705,bedlington terrier,1.5292417731699264
11706,border terrier,1.5464640902346911
11707,kerry blue terrier,1.417415658425536
11708,irish terrier,1.5567714165391422
11709,norfolk terrier,1.6535669036571601
11710,norwich terrier,1.4628061361847013
11711,yorkshire terrier,1.4808430457961421
11712,toy manchester,1.4951139602744794
11713,smooth-haired fox terrier,1.7164917126090513
11714,wire hair fox terrier,1.4539024634526827
11715,lakeland terrier,1.6501194695053638
11716,sealyham terrier,1.5667385767031112
11717,airedale,1.6045900463312586
11718,cairn terrier,1.5957904895201773
11719,australian terrier,1.5708136356062181
11720,dandie dinmont,1.6123180677958038
11721,boston bull,1.579028302204815
11722,schnauzer,1.2566884047143667
11723,scottish terrier,1.4969398641483671
11724,tibetan terrier,1.5166373845909784
11725,skye terrier,1.4917886336804331
11726,west highland white terrier,1.4700979262327261
11727,flat-coated retriever,1.6164165878614352
11728,curly-coated retriever,1.5527064016125802
11729,golden retriever,1.5436528432068823
11730,labrador retriever,1.5587869332637641
11731,chesapeake bay retriever,1.5873250550551281
11732,pointer,1.4589079177760409
11733,english setter,1.5714553036734205
11734,irish setter,1.5870974576706576
11735,gordon setter,1.4304041310424371
11736,field spaniel,1.5357392405497075
11737,english springer,1.3126864079300133
11738,welsh springer spaniel,1.5478402776490139
11739,english cocker spaniel,1.4617800569960453
11740,sussex spaniel,1.7041756613033994
11741,water spaniel,1.5902781465450588
11742,kuvasz,1.5297150847372931
11743,schipperke,1.5540322634403467
11744,belgian sheepdog,1.4670674444161254
11745,kelpy,1.397220241203887
11746,komondor,1.5130859373014713
11747,old english sheepdog,1.5600945994774511
11748,border collie,1.4734094349758933
11749,bouvier des flandres,1.5189954636769469
11750,rottweiler,1.4180898350893223
11751,german shepherd,1.4380340107280254
11752,miniature pinscher,1.5155978733190643
11753,sennenhunde,1.5674825548173406
11754,boxer,1.5185781252960662
11755,tibetan mastiff,1.637785561210201
11756,english bulldog,1.5582213408403334
11757,saint bernard,1.4709612667187235
11758,eskimo dog,1.5752520577521203
11759,alaskan malamute,1.5971099558962645
11760,siberian husky,1.499052634007346
11761,dalmatian,1.4350082728867546
11762,affenpinscher,1.5367195696005818
11763,basenji,1.5162122458656113
11764,pug,1.6975836799101971
11765,great pyrenees,1.4626306445986459
11766,samoyed,1.5445293549587487
11767,pomeranian,1.4797893726572131
11768,chow,1.5267484797366953
11769,keeshond,1.5859230120833225
11770,griffon,1.1376993737444892
11771,pembroke welsh corgi,1.5536905642749712
11772,cardigan,1.5631137258150694
11773,poodle,1.3819887687962358
11774,mexican hairless,1.4787521944388189
11775,timber wolf,1.4094031286278386
11776,canis lupus tundrarum,1.4816551590635421
11777,red wolf,1.4477206048037821
11778,coydog,1.4299696942542051
11779,dingo,1.4766159939874135
11780,cuon alpinus,1.5573860908447683
11781,crab-eating dog,1
11782,raccoon dog,1.5005901803919837
11783,lycaon pictus,1.6911605294305807
11784,striped hyena,1.524554571091183
11785,brown hyena,1.4558275503347253
11786,crocuta crocuta,1.3946018521714423
11787,aardwolf,1.37380718521667
11788,reynard,1.2760171699202609
11789,black fox,1.3044548929449435
11790,silver fox,1.3073124572407129
11791,red fox,1.3382436978412009
11792,kit fox,1.4383202328807236
11793,blue fox,1.3497837337634344
11794,urocyon cinereoargenteus,1.3544171597659356
11795,kitten,1.5861402136358325
11796,Tortoiseshell cat,1.4764151533494807
11797,persian cat,1.4313457945612802
11798,Angora rabbit,1.3886988860062746
11799,blue point siamese,1.1802090909931142
11800,sand cat,1.3692841707300907
11801,felis silvestris,1.5175236362569722
11802,puma concolor,1.5555276902795401
11803,jaguarundi,1.3522462789065053
11804,leptailurus serval,1.4095162788163076
11805,leopard cat,1.3959059116147436
11806,leopardus wiedii,1.2982552557057028
11807,manul,1.3847496423408205
11808,common lynx,1.2230071725570233
11809,canada lynx,1.4110949119217135
11810,bobcat,1.3445169234512633
11811,spotted lynx,1.6847631878715719
11812,caracal,1.3523205047712494
11813,panther,1.2434378616913901
11814,snow leopard,1.1860504155947358
11815,panthera onca,1.1645385828215993
11816,lionet,1.5292313880672241
11817,bengal tiger,1.4906556518648433
11818,liger,1.296080184235632
11819,tiglon,1
11820,cheetah,1.3846593634054667
11821,saber-toothed tiger,1
11822,syrian bear,1.2761900482877473
11823,grizzly bear,1.2909646907631867
11824,kodiak bear,1.4783641801314034
11825,cinnamon bear,1.3228739766979778
11826,asiatic black bear,1.2936293489012745
11827,polar bear,1.4271209024106286
11828,sloth bear,1.513121895232149
11829,large civet,1
11830,small civet,1.6780941270204717
11831,binturong,1.496602248432698
11832,cryptoprocta,1.4314876268802128
11833,fossa,1.3077934758461047
11834,fanaloka,1.0855583068682406
11835,genet,1.1555439397645999
11836,hemigalus derbyanus,1.1356610965386131
11837,indian mongoose,1.217682918366904
11838,ichneumon,1.2912659605860117
11839,slender-tailed meerkat,1.494373383571785
11840,suricate,1.4512448213680773
11841,pteropus hypomelanus,1.6932358858423122
11842,harpy,1.3519052419211166
11843,cynopterus sphinx,1.4385511824447057
11844,mouse-eared bat,1.1594452504916131
11845,macrotus,1.5738880925602392
11846,phyllostomus hastatus,1.0834677558258878
11847,horseshoe bat,1.5951659064690284
11848,false vampire,1.1816360129311545
11849,big-eared bat,1.4348463985684319
11850,lasiurus borealis,1.2575825456782321
11851,brown bat,1.132928633459463
11852,little brown bat,1.3387705675841601
11853,cave myotis,1
11854,big brown bat,1.2952930221642378
11855,serotine,1.1417608672302821
11856,pallid bat,1.144352324500528
11857,pipistrelle,1.4010538774699006
11858,long-eared bat,1.3029517679412674
11859,freetail,1.655064773362724
11860,tadarida brasiliensis,1.3834595224742245
11861,mastiff bat,1.3598675868631318
11862,vampire bat,1.5481129369834328
11863,insect,1.7829975054221905
11864,social insect,1.6610231927441339
11865,gallfly,1.2750382966023552
11866,scorpion fly,1.1212701841022332
11867,hanging fly,1.0822206086040866
11868,springtail,1.617760636032167
11869,beetle,1.2747441926999554
11870,tiger beetle,1.0592073304797156
11871,ladybug,1.4313865403762061
11872,adalia bipunctata,1.1911446626403923
11873,mexican bean beetle,1.2725554835720774
11874,hippodamia convergens,1.3649887030912411
11875,vedalia,1.4648551781738306
11876,ground beetle,1.256425483104777
11877,bombardier beetle,1.2754423515293107
11878,calosoma,1.4128909640921619
11879,searcher,1.17449858371796
11880,firefly,1.0812017133223784
11881,sawyer,1.8449003834795774
11882,pine sawyer,1.1091980806359787
11883,leaf beetle,1.317622784710728
11884,flea beetle,1.5979165519737633
11885,leptinotarsa decemlineata,1.560129814829021
11886,carpet beetle,1.4603017784867669
11887,buffalo carpet beetle,1.8261284072862596
11888,black carpet beetle,1.8089540326162017
11889,clerid beetle,1.0548794700785817
11890,bee beetle,1.3599063945380196
11891,dung beetle,1.5467339970038516
11892,scarab,1.4741236491079479
11893,dorbeetle,1.0935470631316433
11894,june beetle,1.5130322212650031
11895,green june beetle,1.397302621495226
11896,popillia japonica,1.5583879799457754
11897,oriental beetle,1.4350988611480582
11898,rhinoceros beetle,1.5679472490082174
11899,cockchafer,1.0999816512168019
11900,macrodactylus subspinosus,1.1151250228143665
11901,cetonia aurata,1.4120070805153984
11902,stag beetle,1.7505596437234128
11903,elaterid beetle,1
11904,click beetle,1.1699880547811663
11905,wireworm,1.3442396735602293
11906,water beetle,1.5995440012090012
11907,whirligig beetle,1.5672784074449599
11908,deathwatch beetle,1.0855583068682406
11909,weevil,1.1356610965386131
11910,snout beetle,1.0592073304797156
11911,boll weevil,1.3196420812722767
11912,blister beetle,1.5687842478471983
11913,oil beetle,1.2676140660631472
11914,spanish fly,1.3469806031761404
11915,bark beetle,1.3293240017734707
11916,spruce bark beetle,1.6799185261763707
11917,rove beetle,1.0502185873406522
11918,darkling beetle,1.2434378616913901
11919,flour beetle,1.4244671003743388
11920,seed beetle,1.4212559602652743
11921,pea weevil,1.3204907225520435
11922,bean weevil,1.4425782586256051
11923,rice weevil,1.4836520221416696
11924,asian longhorned beetle,1.4058504428566043
11925,web spinner,1.2170049163388763
11926,louse,1.603738249556129
11927,body louse,1.1010735937787677
11928,bird louse,1
11929,flea,1.07265212548762
11930,pulex irritans,1.1048218408398331
11931,dog flea,1.2620174786893645
11932,cat flea,1.0865396176015134
11933,chigoe,1
11934,sticktight,1
11935,gall midge,1.7016893098614809
11936,hessian fly,1
11937,tsetse fly,1.0723931454311602
11938,calliphora vicina,1.1748887840458329
11939,greenbottle,1.4371224790640387
11940,flesh fly,1.513747616263136
11941,tachina fly,1.0445293609559165
11942,botfly,1.0541139981497294
11943,warble fly,1.0788898013979071
11944,horse flies,1.1125132966336171
11945,bee fly,1.2543473869502999
11946,robber flies,1.2463851291659143
11947,apple maggot,1.5479943484822303
11948,mediterranean fruit fly,1.1916650508314346
11949,drosophila,1.7030889283947084
11950,vinegar fly,1.2099918383986537
11951,louse fly,1.2826150538916457
11952,yellow-fever mosquito,1.3368431969088725
11953,aedes albopictus,1.0755871784485345
11954,anopheline,1
11955,common mosquito,1.334398072165677
11956,culex quinquefasciatus,1.6143733084504497
11957,punkie,1
11958,fungus gnat,1.7314814797407783
11959,crane fly,1.1682283983895643
11960,queen bee,1.6347579909774548
11961,worker bee,1.688876613320671
11962,africanized bee,1.5729439901686408
11963,black bee,1.4176036582282832
11964,carniolan bee,1
11965,italian bee,1.5987173870515881
11966,carpenter bee,1.3343454511403658
11967,bumblebee,1.4564344246092158
11968,cuckoo-bumblebee,1.2344733623123525
11969,andrena,1.2944434500014204
11970,leaf-cutting bee,1.2146734354918725
11971,mason bee,1.6235606649688465
11972,potter bee,1.8449003834795774
11973,giant hornet,1.4657472458616403
11974,vespula vulgaris,1.6009228654019025
11975,bald-faced hornet,1.5817190831423646
11976,vespula maculifrons,1.5084875620807727
11977,polistes annularis,1.6422935834648327
11978,potter wasp,1.3306074481108161
11979,velvet ant,1.2116179878393765
11980,mason wasp,1.4658748635164622
11981,cicada killer,1.1645385828215993
11982,mud dauber,1.564575345069789
11983,ichneumon fly,1.1946000034294944
11984,sawfly,1.1151250228143665
11985,pharaoh ant,1.8087791251022223
11986,little black ant,1.6807015729118362
11987,army ant,1.6346823972203133
11988,carpenter ant,1.6558557664161255
11989,fire ant,1.7151026527114723
11990,wood ant,1.1964040128884137
11991,formica fusca,1.6518582468839176
11992,sanguinary ant,1
11993,bulldog ant,1.2953648385127798
11994,amazon ant,1.6882008664835193
11995,dry-wood termite,1.7973987913719844
11996,mastotermes darwiniensis,1.6315695999240873
11997,grasshopper,1.3506078064736275
11998,short-horned grasshopper,1.2617754674544424
11999,locusta migratoria,1.4824072981051566
12000,migratory grasshopper,1.3403075232071904
12001,katydid,1.271579157223224
12002,mormon cricket,1.3034091881490582
12003,mole cricket,1.0855583068682406
12004,european house cricket,1.8087791251022223
12005,field cricket,1.0572145451748172
12006,snowy tree cricket,1.2523482164776483
12007,diapheromera,1.0617582602077182
12008,oriental cockroach,1.3746106676310397
12009,periplaneta americana,1.6122934192043679
12010,periplaneta australasiae,1.0516366762506926
12011,german cockroach,1.3843073889368305
12012,praying mantis,1.1374370178156237
12013,leaf bug,1.4102764618831762
12014,mirid bug,1.3290618679714401
12015,poecilocapsus lineatus,1.4708000606155611
12016,lygus bug,1.4479730410480824
12017,tarnished plant bug,1.2359199360134685
12018,lace bug,1.7085183437092015
12019,lygaeid,1.2826150538916457
12020,chinch bug,1.5972998632336299
12021,coreid bug,1.3446053961795632
12022,anasa tristis,1.6924879205633854
12023,leaf-footed bug,1.6109723267059075
12024,backswimmer,1.5442206445837778
12025,true bug,1.5278124909713284
12026,giant water bug,1.3678405602397088
12027,water scorpion,1.1594452504916131
12028,water boatman,1.3320838574227478
12029,common pond-skater,1.5138055022461412
12030,conenose,1.0835541165333766
12031,arilus cristatus,1.5006646143944127
12032,firebug,1.5103448355380471
12033,cotton stainer,1.6066001198488591
12034,whitefly,1.6644957772925442
12035,citrus mealybug,1.6132689112006486
12036,aphid,1.7213452165041074
12037,dog-day cicada,1.1069610445109894
12038,seventeen-year locust,1.6089047183649057
12039,philaenus spumarius,1.4287609960422256
12040,pine spittlebug,1.6833665840444092
12041,saratoga spittlebug,1.6252712506043159
12042,leafhopper,1.4037903153800202
12043,psocid,1.0822085192627349
12044,booklouse,1.7973987913719844
12045,ephemerid,1.344230502384651
12046,stonefly,1.4884734939900395
12047,green lacewing,1.1748887840458329
12048,brown lacewing,1.1697484324661465
12049,corydalus cornutus,1.3065277212324264
12050,fish fly,1.3467555286449509
12051,alderfly,1.4205459357747321
12052,snakefly,1.0557667059296529
12053,mantispid,1.4089598598759592
12054,caddis fly,1.0918848172933129
12055,bristletail,1.2288582087788276
12056,silverfish,1.0755871784485345
12057,firebrat,1.047921108750131
12058,jumping bristletail,1.22690673620098
12059,thrips,1.6769361051779592
12060,earwig,1.5010158832614957
12061,common european earwig,1.1312027177777422
12062,butterfly,1.7034186110031331
12063,mourning cloak,1.2978083356437944
12064,Tortoiseshell butterflies,1.3860776394010832
12065,painted beauty,1.3679926714456814
12066,admiral,1.3172881785957793
12067,red admiral,1.3747554362547563
12068,white admiral,1.0618054539435133
12069,limenitis arthemis,1.3213446267396953
12070,red-spotted purple,1.1578506186725119
12071,viceroy (butterfly),1.4213034352015121
12072,anglewing,1.2434378616913901
12073,ringlet,1.1102260891458877
12074,polygonia comma,1.3131761654157066
12075,silverspot,1.3722766756698013
12076,emperor butterfly,1.337127434636233
12077,purple emperor,1.1102260891458877
12078,danaid,1.4174927208903367
12079,danaus plexippus,1.6614982123216531
12080,pierid,1.4773397836993012
12081,small white,1.1574598209221412
12082,large white,1.4006044497518824
12083,southern cabbage butterfly,1
12084,sulphur butterfly,1.5533704994357744
12085,blue,1.1485479819304349
12086,american copper,1.398451445533305
12087,strymon melinus,1.2054481233657524
12088,moth miller,1.132689399749391
12089,leaf roller,1.5328391498069793
12090,tea tortrix,1
12091,orange tortrix,1.0662219361520395
12092,codling moth,1.0618054539435133
12093,lymantriid,1.6847631878715719
12094,lymantria dispar,1.6378398313655422
12095,browntail,1.589274699530604
12096,euproctis chrysorrhoea,1.5482318859621245
12097,measuring worm,1.2676140660631472
12098,galleria mellonella,1.1443678792148226
12099,corn borer,1.1212701841022332
12100,mediterranean flour moth,1.4635349307030527
12101,tobacco moth,1
12102,almond moth,1
12103,raisin moth,1
12104,casemaking clothes moth,1.7565028304163182
12105,carpet moth,1.0715368564415337
12106,grain moth,1.2146734354918725
12107,cutworm,1.4347302157507638
12108,red underwing,1.0886874932287065
12109,antler moth,1.1046543656030776
12110,heliothis moth,1
12111,Moth armyworm,1.3942081884607065
12112,armyworm,1.6493931966113653
12113,spodoptera exigua,1.4805972790420836
12114,spodoptera frugiperda,1.1860504155947358
12115,manduca sexta,1.4155821038510621
12116,tomato hornworm,1.2937861968648172
12117,acherontia atropos,1.5864604389009749
12118,bombycid,1.2056940023814353
12119,silkworm,1.6465460167809991
12120,Emperor moths,1.2687956464100694
12121,imperial moth,1.557791128707174
12122,actias luna,1.4175232571409437
12123,cecropia,1.5977701035728087
12124,cynthia moth,1.1116556298867801
12125,automeris io,1.1988092144027735
12126,polyphemus moth,1.3091031119079979
12127,tussah,1.4635349307030527
12128,atlas moth,1.6879528549910296
12129,tiger moth,1.6810136842616599
12130,cinnabar,1.7106492034976792
12131,eggar,1.2717896374076016
12132,malacosoma americana,1.6123099932375067
12133,tent-caterpillar moth,1.376287582680513
12134,forest tent caterpillar,1.6792810172485162
12135,lappet,1.1594452504916131
12136,webworm moth,1.4460218059580447
12137,hyphantria cunea,1.4164635802250753
12138,garden webworm,1.3359200942464011
12139,woolly bear moth,1.1963176588902027
12140,maggot,1.0279655702598836
12141,chrysalis,1.7519996042933133
12142,peanut worm,1.1490132072384576
12143,echinoderm,1.4839192206134968
12144,starfish,1.3618103947263689
12145,brittle star,1.4426915608246396
12146,basket star,1.2236483591342802
12147,astrophyton muricatum,1.1046543656030776
12148,sea urchin,1.5278674641279559
12149,crinoid,1.3689019398522229
12150,sea lily,1.3503051834500897
12151,feather star,1.5199242705136395
12152,sea cucumber,1.4582159971942348
12153,trepang,1.3565667762455929
12154,rabbit ears,1.4853929456766208
12155,oryctolagus cuniculus,1.3364170372520903
12156,sylvilagus floridanus,1.4062797212478737
12157,swamp rabbit,1.3322282013797255
12158,white-tailed jackrabbit,1.4133923478366173
12159,lepus californicus,1.3676265697004726
12160,polar hare,1.3784072118221513
12161,lepus americanus,1.3880373502861461
12162,belgian hare,1.397529585201329
12163,little chief hare,1.1802525176330696
12164,collared pika,1.2281844890354108
12165,mus musculus,1.1407211508215827
12166,harvest mouse,1.2869404520920755
12167,nude mouse,1
12168,sewer rat,1.7973987913719844
12169,rattus rattus,1.3929994815156941
12170,bandicoot rat,1
12171,beaver rat,1.1612882291355364
12172,wood mouse,1.4247413426018118
12173,muskrat,1.0662219361520395
12174,cotton rat,1.3192157807569787
12175,wood rat,1.2064927793683375
12176,vole,1.0695575317039494
12177,neotoma fuscipes,1.3004644791066662
12178,hamster,1.0930968632381397
12179,jird,1.4863716812753076
12180,sand rat,1.2000645121216842
12181,lemming,1.3889099537805789
12182,brush-tailed porcupine,1.1963176588902027
12183,long-tailed porcupine,1
12184,erethizon dorsatum,1.4345429887428192
12185,silky pocket mouse,1
12186,plains pocket mouse,1
12187,hispid pocket mouse,1
12188,kangaroo rat,1.3111933610784752
12189,kangaroo mouse,1.1660273949873972
12190,meadow jumping mouse,1.0983796678180624
12191,jaculus jaculus,1.0999199587838204
12192,loir,1.3482227119925705
12193,lerot,1.3615474538035903
12194,gopher,1.4062910952417309
12195,plains pocket gopher,1.0618054539435133
12196,thomomys bottae,1.2771083145956097
12197,eastern grey squirrel,1.1645385828215993
12198,western grey squirrel,1.1889854685556502
12199,sciurus niger,1.2994686890529645
12200,black squirrel,1.3150623779004835
12201,american red squirrel,1.5118706455821123
12202,chickeree,1.6780941270204717
12203,antelope squirrel,1.1594452504916131
12204,mantled ground squirrel,1.367867876579707
12205,suslik,1.2889263987832245
12206,flickertail,1.1910464967950503
12207,rock squirrel,1.4193855209916009
12208,arctic ground squirrel,1.0812017133223784
12209,prairie dog,1.5142944243111893
12210,tamias striatus,1.4241247684923166
12211,chipmunk,1.2718158213933051
12212,american flying squirrel,1
12213,groundhog,1.3237944067873886
12214,hoary marmot,1.2683968298982011
12215,yellowbelly marmot,1.3368182134649629
12216,beaver,1.4189249232637153
12217,sewellel,1.2742310390804596
12218,guinea pig,1.6790041259244259
12219,aperea,1.3871303114752807
12220,mara,1.4314759435692737
12221,capybara,1.7052111052631087
12222,myocastor coypus,1.4051703173749672
12223,chinchilla,1.3395221712528995
12224,mountain chinchilla,1
12225,viscacha,1.4029315840686953
12226,naked mole rat,1.3513014616175203
12227,procavia capensis,1.5409465269938774
12228,equus caballus,1.8156993237416039
12229,eohippus,1.7973987913719844
12230,foal,1.4468120213137967
12231,colt,1.4460259108238613
12232,buckskin,1.3669335736448018
12233,pinto,1.3828600722515989
12234,burro,1.6863012406209756
12235,hinny,1.4523358656410026
12236,equus asinus,1.5272987725736971
12237,kiang,1.542697262077469
12238,onager,1.4635827217431716
12239,chigetai,1
12240,common zebra,1.6995878738525623
12241,mountain zebra,1.6362710850263613
12242,equus grevyi,1.4389340548093301
12243,equus quagga,1.6386383110610812
12244,indian rhinoceros,1.3963582979725504
12245,woolly rhinoceros,1.3144884280445339
12246,ceratotherium simum,1.6134129165778279
12247,black rhinoceros,1.4517437407806093
12248,tapirus terrestris,1.6780941270204717
12249,malayan tapir,1.2926955059987322
12250,piglet,1.5336318530606685
12251,tayassu pecari,1.569481678183601
12252,hippopotamus amphibius,1.5615386205079433
12253,texas longhorn,1.5324089461271553
12254,zebu,1.6358878203568461
12255,yak,1.5721918789790446
12256,red poll,1.5534004147942237
12257,santa gertrudis,1.5615656306976236
12258,aberdeen angus,1.3996979802178962
12259,charolais,1.5711528639363046
12260,galloway,1.6939467961489667
12261,carabao,1.4683277754359003
12262,cape buffalo,1.395825370510952
12263,gaur,1.6811279177862088
12264,american bison,1.6098047110234046
12265,wisent,1.5412705947531931
12266,sheep,1.6995340395403806
12267,lamb,1.7039398341093093
12268,lambkin,1.656013933645512
12269,baa-lamb,1.5771004356126386
12270,argali,1.5543946608397374
12271,marco polo sheep,1.5487916064353104
12272,urial,1.5545572695320962
12273,dall sheep,1.658090512900988
12274,ovis canadensis,1.6457037538427732
12275,mouflon,1.5414947307180111
12276,barbary sheep,1.4943887715716582
12277,angora,1.5946389300281985
12278,markhor,1.5341743244990136
12279,capra ibex,1.6789522702018167
12280,mountain goat,1.4807246431491936
12281,goral,1.443246137600867
12282,chamois,1.6388205513970533
12283,takin,1.5588472107303271
12284,blackbuck,1.4292764846968831
12285,gerenuk,1.5573646572013422
12286,addax,1.6778866294781096
12287,wildebeest,1.4845226125625501
12288,hartebeest,1.5530437375442019
12289,sassaby,1.4979678636449729
12290,impala,1.5541144327516037
12291,eudorcas thomsonii,1.6291806511349707
12292,gazella subgutturosa,1.5594665604063489
12293,antidorcas marsupialis,1.6011163695115358
12294,bongo,1.5111893631819415
12295,tragelaphus strepsiceros,1.5816957718060665
12296,lesser kudu,1.6016384659925107
12297,nyala,1.5615324010576508
12298,mountain nyala,1.6239586616725092
12299,tragelaphus scriptus,1.4880558567845985
12300,nilgai,1.574317243381204
12301,sable antelope,1.6399528907968079
12302,saiga,1.3500307211647706
12303,raphicerus campestris,1.4605100633726182
12304,common eland,1.5629524046626184
12305,giant eland,1.5948551991530513
12306,kobus kob,1.5974783111595658
12307,lechwe,1.608798833630495
12308,puku,1.7121224875669032
12309,gemsbok,1.693779292018315
12310,antilocapra americana,1.5401622522152865
12311,stag,1.614227590827656
12312,pricket,1.4963146097127207
12313,fawn,1.2674095797778089
12314,hart,1.426383920359358
12315,hind,1.5419861958048267
12316,wapiti,1.4651073659598994
12317,japanese deer,1.5847471919948011
12318,odocoileus virginianus,1.5625657059687332
12319,black tailed deer,1.3252448137111543
12320,moose,1.4581884057676255
12321,roe deer,1.3820870547168167
12322,woodland caribou,1.5642065008524411
12323,barren ground caribou,1.4966922430930572
12324,muntjac,1.457107633526026
12325,musk deer,1.4622388119719596
12326,pere david's deer,1.5099158033970741
12327,kanchil,1.2148732805946991
12328,napu,1.0618054539435133
12329,camelus dromedarius,1.5587367880883845
12330,bactrian camel,1.4577233088837711
12331,vicuña,1.5223347174903861
12332,giraffe,1.5528028002350542
12333,okapi,1.2704219606760088
12334,stoat,1.3277624649068809
12335,mustela nivalis,1.3914108545696018
12336,longtail weasel,1.2523482164776483
12337,american mink,1.2149104318006128
12338,ferret,1.5246599706999979
12339,black-footed ferret,1.4858099968089398
12340,muishond,1.4425672358346018
12341,eurasian otter,1.3131323601542535
12342,sea otter,1.436987402934172
12343,striped skunk,1.482373012106561
12344,hooded skunk,1.2617754674544424
12345,conepatus leuconotus,1.1250315084986218
12346,spotted skunk,1.4987500937788116
12347,american badger,1.3541498956334128
12348,meles meles,1.3574395369699803
12349,ratel,1.1715543898288239
12350,ferret badger,1.2062946828528986
12351,hog badger,1.228946367470926
12352,wolverine,1.4360509543890845
12353,grison,1.7973987913719844
12354,pine marten,1.2182404003665264
12355,martes americana,1.5155110836597909
12356,stone marten,1.7565028304163182
12357,fisher,1.3700231092952118
12358,martes flavigula,1.4283236326374853
12359,eira barbara,1
12360,dasypus novemcinctus,1.5672992616325447
12361,tatouay,1
12362,peludo,1.1748887840458329
12363,priodontes maximus,1.3506715615236653
12364,three-toed sloth,1.2099918383986537
12365,two-toed sloth,1.0746460317844881
12366,ant bear,1.2782228973868637
12367,silky anteater,1.0952372036460203
12368,tadpole,1.6140369394880749
12369,orangutan,1.4729466019311277
12370,gorilla,1.5750376046624432
12371,chimpanzee,1.3775281490225257
12372,gibbon,1.333625882542377
12373,siamang,1.4059446810545411
12374,talapoin,1.3187480062464307
12375,grivet,1.25649268894266
12376,vervet,1.3222601075042495
12377,green monkey,1.5373779574806385
12378,mangabey,1.4546417261586697
12379,patas,1.3527712258432025
12380,papio ursinus,1.6229378455682495
12381,mandrill,1.3229346842594301
12382,macaca mulatta,1.6000781659817722
12383,macaca radiata,1.5371309696829005
12384,barbary ape,1.4089971415209743
12385,entellus,1.5217206283242981
12386,guereza,1.5419753304135309
12387,proboscis monkey,1.647223756839628
12388,pygmy marmoset,1.3440880263684036
12389,tamarin,1.3365586018139743
12390,pinche,1.4090935240742901
12391,douroucouli,1.3790608376403672
12392,howler monkey,1.4381736180295346
12393,saki,1.2815839403513154
12394,uakari,1.4677297037981401
12395,titi,1.392692476005603
12396,ateles geoffroyi,1.5751689110401415
12397,squirrel monkey,1.5530290962960545
12398,woolly monkey,1.5156627021197258
12399,tree shrew,1.3021479466572616
12400,prosimian,1.4747667754414748
12401,madagascar cat,1.4109551375217415
12402,aye-aye,1.1196522289750619
12403,slender loris,1.1072557442910123
12404,slow loris,1.5689279036622357
12405,potto,1.1476389419873987
12406,angwantibo,1
12407,galago,1.1202653743940532
12408,indri,1.3315302288093656
12409,woolly indris,1
12410,tarsius syrichta,1.3619900847447555
12411,cynocephalus variegatus,1.2902002101103771
12412,elephas maximus,1.5474969132336787
12413,loxodonta africana,1.6587598298763098
12414,woolly mammoth,1.4817324689801104
12415,raccoon,1.3225744225119904
12416,bassarisk,1.1192253985576759
12417,kinkajou,1.2125724197410328
12418,red panda,1.2828117221514828
12419,giant panda,1.4432204539651947
12420,parr,1.4595703160516602
12421,mouthbreeder,1
12422,barracouta,1.5815847879284788
12423,northern snakehead,1.4096229306532999
12424,coelacanth,1.3498702556452067
12425,lungfish,1.4388323228032245
12426,european catfish,1.2873749294228605
12427,electric catfish,1.3961354860738155
12428,horned pout,1.4069626902828252
12429,brown bullhead,1.6376225425296631
12430,blue catfish,1.4374464567037457
12431,flathead catfish,1.1882188850390896
12432,armored catfish,1.4853793297719746
12433,sea catfish,1.8087791251022223
12434,atlantic cod,1.7124385214321935
12435,whiting,1.5095820585551545
12436,burbot,1.4107337282925159
12437,pollack,1.5662458467741169
12438,ling,1.4490828325351544
12439,cusk,1.2767794778307366
12440,grenadier,1
12441,tuna,1.4894228263135971
12442,moray,1.3665714429267011
12443,conger,1.4251580488080431
12444,whitebait,1.6027373734801831
12445,menhaden,1.5272196028961185
12446,pacific sardine,1.6752561032165803
12447,atlantic salmon,1.5973255317890738
12448,sockeye,1.5455425063018842
12449,chinook,1.6546438142544924
12450,chum salmon,1.2531476843955851
12451,oncorhynchus kisutch,1.6088358162924188
12452,salmo trutta,1.5825163594168858
12453,sea trout,1.5828549957801816
12454,arctic char,1.4889208040741455
12455,lake whitefish,1.656523529846947
12456,cisco,1
12457,round whitefish,1
12458,capelin,1.6555132058480539
12459,ladyfish,1.4139881229138416
12460,bonefish,1.2734227799343798
12461,lanternfish,1.3973493717523013
12462,lizardfish,1.3805085221571838
12463,lancetfish,1
12464,opah,1.4841003435989844
12465,ribbonfish,1.4490828325351544
12466,oarfish,1.2952846905688919
12467,batfish,1.616267557242594
12468,goosefish,1.2888938125294023
12469,toadfish,1.0592073304797156
12470,frogfish,1.139577067390229
12471,sargassum fish,1.2582423800542197
12472,needlefish,1.6389624771635134
12473,flying fish,1.5792864273725669
12474,halfbeak,1.517326367265464
12475,saury,1.5203843058657074
12476,perch,1.5474376693786236
12477,climbing perch,1.07265212548762
12478,yellow perch,1.5101686683350928
12479,european perch,1.6004122870077029
12480,walleye,1.4113770857082824
12481,snail darter,1
12482,sandfish,1.389604465989231
12483,cusk-eel,1.2683968298982011
12484,brotula,1.1772967078205243
12485,robalo,1.5794153127026269
12486,snook,1.4621582124125698
12487,northern pike,1.4591979172952501
12488,muskellunge,1.1545445212269467
12489,chain pickerel,1.2597749796985074
12490,redfin pickerel,1.6132689112006486
12491,pomoxis nigromaculatus,1.5761077484234196
12492,white crappie,1.5228705516460146
12493,pumpkinseed,1.2457461929163238
12494,lepomis macrochirus,1.5151277093369919
12495,spotted sunfish,1.1048218408398331
12496,ambloplites rupestris,1.2725554835720774
12497,micropterus dolomieu,1.3421430292196168
12498,largemouth,1.3058085711438916
12499,yellow bass,1.4479412580700965
12500,black sea bass,1.567515930258546
12501,striped bass,1.6175282293830127
12502,Epinephelus,1.6780941270204717
12503,rock hind,1.1578506186725119
12504,creole-fish,1.4492002703023359
12505,jewfish,1.5639605896943896
12506,soapfish,1.3508434338763355
12507,rainbow seaperch,1.6010553170990049
12508,bigeye,1.7149236961085894
12509,catalufa,1.6843671039512356
12510,cardinalfish,1.7138176226702351
12511,tilefish,1.5966093140383357
12512,pomatomus saltatrix,1.5147039915480907
12513,cobia,1.4792457593457362
12514,sharksucker,1.6341114831466317
12515,crevalle jack,1.6711509280068482
12516,yellow jack,1.6962548694552195
12517,rainbow runner,1.7076387215318354
12518,threadfish,1
12519,moonfish,1.7132817824445481
12520,amberjack,1.5119555113831629
12521,rudderfish,1.7401177634073757
12522,kingfish,1.5175370868525269
12523,florida pompano,1.6165075787220797
12524,pilotfish,1.7183717848883717
12525,bigeye scad,1.6266634191738572
12526,mackerel scad,1.6616154054157293
12527,round scad,1.6366636926821856
12528,coryphaena hippurus,1.3139292748848772
12529,pomfret,1.2611755994052172
12530,tetra,1.6171459614688151
12531,cardinal tetra,1.4893141695260252
12532,piranha,1.6837668189384569
12533,cichlid,1.588230663011905
12534,red snapper,1.6596065204834574
12535,grey snapper,1.5877101901767885
12536,mutton snapper,1.619273385655263
12537,lutjanus apodus,1.6406997408988877
12538,ocyurus chrysurus,1.6145195629615932
12539,spanish grunt,1.6472493449220191
12540,cottonwick,1.6673899997026416
12541,sailor's-choice,1.6047222426478824
12542,porkfish,1.6582646495508218
12543,red porgy,1.5430754346784767
12544,sheepshead,1.3916293638979078
12545,lagodon rhomboides,1.6547951319748004
12546,sheepshead porgy,1.3482262961399472
12547,striped drum,1
12548,jackknife-fish,1.2685613146943808
12549,silver perch,1.3072504887346816
12550,sciaenops ocellatus,1.4762713405159824
12551,mulloway,1.2016784195964669
12552,maigre,1.6970517857944194
12553,micropogonias undulatus,1.1212701841022332
12554,yellowfin croaker,1.7164917126090513
12555,corbina,1.2957764895228054
12556,spotted weakfish,1.4190494079673781
12557,mullet,1.5504397982896085
12558,yellow goatfish,1.6707652862430948
12559,mugil cephalus,1.6588290127127954
12560,white mullet,1.4750964403169875
12561,liza,1
12562,silversides,1.4001719046579324
12563,great barracuda,1.6431529802390437
12564,bermuda chub,1.715048353546142
12565,spadefish,1.6194008459031815
12566,chaetodon,1.4887485092111381
12567,angelfish,1.6595167536512681
12568,rock beauty,1.4621653291240697
12569,beaugregory,1.426314760003629
12570,clown anemone fish,1.4440605244815929
12571,abudefduf saxatilis,1.7300295226480771
12572,pigfish,1.643171257799223
12573,hogfish,1.4153844798480151
12574,slippery dick,1.6431850976473386
12575,puddingwife,1.5148497459494816
12576,bluehead,1.6656525391960786
12577,razor fish,1.5461583565507011
12578,pearly razorfish,1.3839690939775462
12579,tautog,1.229981111725948
12580,cunner,1.5339245678787599
12581,parrotfish,1.3815793821925468
12582,threadfin,1.5904824600455816
12583,jawfish,1.1648477032014801
12584,stargazer,1.1735651065396782
12585,blenny,1.2844145507416855
12586,shanny,1.2897724546985747
12587,clinid,1.1574598209221412
12588,pikeblenny,1.3707113393958528
12589,gunnel,1.3094114588667691
12590,rock gunnel,1.4142340635492479
12591,wolffish,1.3932407835841842
12592,viviparous eelpout,1
12593,ocean pout,1.6847631878715719
12594,sand lance,1.2140334235805432
12595,goby,1.4245907330010723
12596,mudskipper,1.5253950701836034
12597,flathead,1.3944032249485359
12598,archerfish,1.7325060013355507
12599,surgeonfish,1.7038532898976633
12600,doctorfish,1.7086533053022099
12601,oilfish,1.2393125099638327
12602,cutlassfish,1.3368303214188682
12603,chub mackerel,1.6489110021774236
12604,wahoo,1.3670303495713547
12605,king mackerel,1.5463912278959242
12606,scomberomorus maculatus,1.7164917126090513
12607,cero,1
12608,bluefin,1.4794066418907621
12609,skipjack,1.5775010987616387
12610,bonito,1.6997884430352124
12611,swordfish,1.4611729819772474
12612,atlantic sailfish,1.5561767816803651
12613,blue marlin,1.4820380673035027
12614,black marlin,1.3037725390894113
12615,striped marlin,1.3848152079942264
12616,white marlin,1.4893267155952632
12617,spearfish,1.3358394151107302
12618,palometa,1.6955352485439645
12619,harvestfish,1.1072557442910123
12620,squaretail,1.1640794342549468
12621,barrelfish,1.2215401784172406
12622,clingfish,1.3392747342481259
12623,tripletail,1.553298276984115
12624,yellowfin mojarra,1.4824889255352192
12625,bowfin,1.1213399485161037
12626,paddlefish,1.3202677436040786
12627,beluga whale,1.6371331068424793
12628,gar,1.483805529525567
12629,plumed scorpionfish,1.047921108750131
12630,lionfish,1.0784365265177662
12631,stonefish,1.3232165193545693
12632,copper rockfish,1.2056940023814353
12633,vermillion rockfish,1.4672003006238283
12634,red rockfish,1.5672992616325447
12635,rosefish,1.4300992316017791
12636,bullhead,1.3803020170206259
12637,sea raven,1.2099918383986537
12638,lumpsucker,1.485385489808994
12639,pogge,1.0695575317039494
12640,kelp greenling,1.3271396247567548
12641,painted greenling,1.233998560358514
12642,tub gurnard,1.3790934325109783
12643,sea robin,1.4139339599081857
12644,queen triggerfish,1.5597642181504039
12645,filefish,1.369083875193609
12646,leatherjacket,1.3110652142825745
12647,cowfish,1.457478698492515
12648,puffer,1.5409758670926845
12649,diodon hystrix,1.4338229756282368
12650,balloonfish,1.2787182364741727
12651,burrfish,1.4215447170372657
12652,ocean sunfish,1.5499485777053561
12653,flounder,1.5102807021756797
12654,plaice,1.4930267643149395
12655,yellowtail flounder,1
12656,winter flounder,1.6799185261763707
12657,halibut,1.6628517868071944
12658,atlantic halibut,1.5280919178985695
12659,pacific halibut,1.5423067567954347
12660,southern flounder,1.3477510032710034
12661,summer flounder,1.4734929878394172
12662,sand dab,1.1280724347020068
12663,brill,1.6780941270204717
12664,turbot,1.3578604897885818
12665,tonguefish,1.299530853402282
12666,english sole,1.2215401784172406
12667,hogchoker,1.4260107425589954
12668,smoker,1.5154691222692835
12669,person,1.7609922046282211
12670,poultry,1.7204859323331174
12671,hen,1.357380764826104
12672,duckling,1.734540408300038
12673,goose,1.6699143153026599
12674,grouse,1.3465032737447298
12675,quail,1.5490276863792589
12676,partridge,1.4479690397288478
12677,saltwater fish,1.7360551406311313
12678,bream,1.7153017935437851
12679,freshwater bass,1.4708319886961414
12680,dolphinfish,1.609264039813378
12681,carp,1.4420247672460862
12682,pike,1.3067839016121545
12683,monkfish,1.480999608168843
12684,catfish,1.441637780318358
12685,sunfish,1.1640794342549468
12686,spanish mackerel,1.6304795729599311
12687,squid,1.5176568139191151
12688,escargots,1.6132761407440097
12689,panfish,1.4752509356092502
12690,mussel,1.4475909296260792
12691,anchovy (food),1.5941216231291531
12692,eel,1.6062215277604481
12693,lingcod,1.6585713066490997
12694,huitre,1.6710974635834717
12695,quahaug,1.6845165300884899
12696,cockle,1.5346260291409775
12697,blue crab,1.2534429318274438
12698,dungeness crab,1.6673095678862206
12699,flatfish,1.6294766566515158
12700,redfish,1.6035466949058303
12701,rockfish,1.2763255236187234
12702,european lobster,1.1947277193545747
12703,langustas,1.6225096063934359
12704,prawn,1.3972071505212242
12705,rainbow trout,1.5830504585027572
12706,brook trout,1.5348808596524921
12707,lake trout,1.3417231357294803
12708,silver salmon,1.6641501843205981
12709,avifauna,1.8018182308778656
12710,shell,1.5126694291828973
12711,mermaid,1
12712,adult,1.9228730636943818
12713,black man,1.7720897279629368
12714,black woman,1.67644368997015
12715,white man,1.7533682306674758
12716,accordionist,1.2994438886115325
12717,aerialist,1.4887969454684253
12718,amputee,1.3355091998846262
12719,angler,1.5507559045113983
12720,archer,1.6276106504108658
12721,astronaut,1.4593799491184527
12722,athlete,1.6995512621950279
12723,aviatrix,1
12724,baby,1.7162377209294193
12725,baldhead,1.3205024219542221
12726,ballplayer,1.6720325751839549
12727,bullfighter,1.5920450812325642
12728,basketball player,1.7009449996467287
12729,bassoonist,1.3161331903750821
12730,bat boy,1.5571231924723894
12731,belly dancer,1.5638901139091916
12732,billiard player,1.6167079677532807
12733,boatman,1.5115163365848381
12734,bride,1.3395121169525634
12735,bridesmaid,1.5088388628138438
12736,caddie,1.5075959413207793
12737,card player,1.5545776177455792
12738,carillonneur,1.3799283285072157
12739,cavalryman,1.5058815195861439
12740,cellist,1.4894501043683259
12741,charioteer,1.4374647959669904
12742,cheerleader,1.6792172816738029
12743,chess player,1.6254030912889712
12744,child,1.8850834855470291
12745,cigarette smoker,1.3297871822264422
12746,cigar smoker,1.4768655215450752
12747,clarinetist,1.5052094279437973
12748,climber,1.6502578081767894
12749,clown,1.4917035721752532
12750,coachman,1.5854086965397967
12751,computer user,1.6157323829282393
12752,conductor,1.3667729556463204
12753,cricketer,1.5807521671909792
12754,cyborg,1.5072249127594237
12755,cyclist,1.7263939575846097
12756,cymbalist,1.5232401120934527
12757,dancer,1.6007942386020386
12758,diver,1.688132901200293
12759,physician,1.4999445079131819
12760,draftsman,1.325457147888411
12761,drinker,1.5410729454801391
12762,drummer,1.474827414416586
12763,dunker,1.4492324864291271
12764,falconer,1.3805085221571838
12765,fencer,1.5518454442989675
12766,fighter pilot,1.4942402091389912
12767,fire-eater,1.3149164639045758
12768,fireman,1.6923407658700487
12769,flautist,1.4681644239692608
12770,football player,1.6205873353142963
12771,girl,1.8306928158267881
12772,goatherd,1.5202650635349095
12773,golfer,1.457233519305799
12774,grinner,1.4239975158701252
12775,groom,1.3531473318253047
12776,groomsman,1.6445096621829196
12777,guard,1.5976174709939732
12778,guitarist,1.5079375326249331
12779,gymnast,1.6898932783882392
12780,hairdresser,1.5105571624165481
12781,halberdier,1.5437971279735234
12782,harpist,1.456527645035125
12783,helmsman,1.4148723118719604
12784,herder,1.5784055409588045
12785,hockey player,1.7131856825427696
12786,hornist,1.6003120755771296
12787,equestrian,1.2980221077571339
12788,horsewoman,1.4777760556751234
12789,hugger,1.2596142843817209
12790,huntress,1.02082901375143
12791,hurdler,1.568476200810313
12792,interviewer,1.5536913260895324
12793,keyboardist,1.5764602091426336
12794,kisser,1.2900733522956647
12795,kneeler,1.4004126015101805
12796,knitter,1.6466973077030955
12797,koto player,1.5331360343266267
12798,lacrosse player,1.699072678165926
12799,laugher,1.4552009544174527
12800,lumberman,1.5249581747136274
12801,macebearer,1.4217448059450599
12802,mahout,1.5798539490301862
12803,maid,1.5463248345572498
12804,male child,1.8130081542360079
12805,man,1.9282375797260214
12806,masquerader,1.6032687184637355
12807,masseur,1.5787396689858011
12808,masseuse,1.5289882604111653
12809,miner,1.5157630235065647
12810,muralist,1.6380712400744355
12811,musher,1.6201261437216206
12812,musician,1.6481076336397886
12813,musketeer,1.6506146372075059
12814,muslimah,1.6809434027398009
12815,myope,1.4859632413600941
12816,nurse,1.6352571251236572
12817,oarswoman,1.4668013820263126
12818,oboist,1.4731114560680347
12819,oldster,1.8190844073306218
12820,old woman,1.6488001729462916
12821,organ-grinder,1
12822,painter,1
12823,pallbearer,1.6553072357421481
12824,parachutist,1.489783382772107
12825,passenger,1.7143647827503399
12826,passerby,1.6879646997348781
12827,pavement artist,1.6305179928146614
12828,peasant,1.607286205074284
12829,percussionist,1.5508618089204877
12830,photographer,1.6960869589465597
12831,pianist,1.3610494686530505
12832,picnicker,1.6980521671708035
12833,pilot,1.5672992616325447
12834,pipe smoker,1.1599520292042009
12835,pisser,1.474235676599847
12836,plasterer,1.3712272183170078
12837,police officer,1.6964789889084895
12838,portraitist,1.3929875177154147
12839,punter,1.6542473881868778
12840,rider,1.6637496874533535
12841,ring girl,1.4235263428535909
12842,roadman,1.5416075354679206
12843,roller-skater,1.6523283689441142
12844,ropewalker,1.4418616600996619
12845,runner,1.5692278322112359
12846,sailor,1.4888429499498104
12847,saunterer,1.7222462379878491
12848,saxophonist,1.5641281624882899
12849,schoolchild,1.7592796977031251
12850,schoolgirl,1.711761832008889
12851,serviceman,1.7458509232768256
12852,sheepherder,1.6547748526742021
12853,shot putter,1.3582091116315143
12854,sign painter,1.5967520200741105
12855,singer,1.4859524631330299
12856,sipper,1.3709423754884436
12857,skateboarder,1.5379527358100238
12858,skier,1.649001496815123
12859,sledder,1.66295238480171
12860,sleeper,1.4508501253803969
12861,snake charmer,1.4186847108390779
12862,sneezer,1.1809852038689064
12863,soccer player,1.6607886321470855
12864,soldier,1.7056627140422358
12865,spacewalker,1.4663610388362944
12866,speaker,1.4130090900989127
12867,street cleaner,1.5282498890573302
12868,stretcher-bearer,1.6859584696687451
12869,student,1.7686035912548099
12870,surfer,1.6359770484879257
12871,sweeper,1.5983331152220583
12872,swimmer,1.5556164857998338
12873,telephone operator,1
12874,toiler,1.6444500770289312
12875,tennis player,1.5885100589607113
12876,tiler,1.5326577556793179
12877,trombonist,1.6477904117794258
12878,trumpeter,1.3955866029696073
12879,unicyclist,1.5463349153613861
12880,vaulter,1.4166103615143266
12881,violinist,1.4904466611981924
12882,volleyball player,1.7389444737449389
12883,waitress,1.3559881537386151
12884,weatherman,1.4293645829209325
12885,weightlifter,1.3733489309650118
12886,whisperer,1.4372547902563819
12887,woman,1.907347890113841
12888,woodcarver,1.6006154566604534
12889,young buck,1.6313690257343467
12890,youth,1.8076269556364228
12891,coral,1.3559910256885823
12892,caucasian women,1.4297423830658447
12893,chianina,1.6339050576803724
12894,otocyon,1.4748993045819827
12895,coquerel's sifaka,1.5758884389026231
12896,pit bull,1.6755101598802293
12897,hippotigris,1.6768844909617255
12898,miniature dachshund,1.3583263884227426
12899,sinistral snail,1.5263869517281303
12900,goat kid,1.6735363028653434
12901,badminton player,1.5708947608177048
12902,polo player,1.6386696877320495
12903,asian elephant,1.5928443434029405
12904,windsurfer,1.7001298654175181
12905,table tennis player,1.7183990452445799
12906,taekwondo athlete,1.5646195284506468
12907,somali goat,1.5881661935272904
12908,street musician,1.491502892109611
12909,hairless cats,1.4477155421760408
12910,rhesus macaque,1.6099435060515663
12911,wistar rat,1.665838284581094
12912,freediver,1.7014938111939029
12913,beach volleyball player,1.5693088011852119
12914,wheelchair tennis player,1.5724595126470549
12915,feral pigeon,1.7338943174458783
12916,cornicen,1.5100751127076482
12917,owtscharka,1.6128146934615217
12918,helicopter pilot,1.5062127590819248
12919,odocoileus virginianus borealis,1.4850803480249093
12920,maltipoo,1.5044002475071228
12921,maremma sheepdog,1.5789097246654231
12922,ocean rower,1.6585363203064427
12923,cane corso,1.542681215444865
12924,alaskan husky,1.6362898014795357
12925,reindeer in south georgia,1.6327117374254834
12926,normande cattle,1.5802340483652446
12927,wakeboarder,1.5407367676434518
12928,sparus aurata,1.536675840127083
12929,simmental cattle,1.6347733140913854
12930,western osprey,1.3614272661574531
12931,common pheasant,1.0604158262110939
12932,paraglider pilot,1.4522641333469415
12933,polled hereford,1.6288575731719137
12934,wingless insect,1.5619981956466757
12935,bicolor cat,1.4446656799945428
12936,catalan sheepdog,1.1594452504916131
12937,male goat,1.666491140880308
12938,danish swedish farmdog,1.5869148999448268
12939,akita,1.4105619017149666
12940,finnish lapphund,1.5653346561175663
12941,british shorthair,1.4844423743908113
12942,british semi-longhair,1
12943,disc golfer,1.4726305229058578
12944,guard goose,1.6655041978692362
12945,pregnant women,1.4558993927850965
12946,dolichohippus,1.6592061601609558
12947,can de palleiro,1.7286067606876929
12948,morkie,1.45273773178398
12949,disabled woman,1.339529796169423
12950,swedish blue duck,1.5642672389457664
12951,gliding ant,1.6286807481176973
12952,american hairless terrier,1.56235440422914
12953,american akita,1.5504530997669774
12954,anatolian shepherd,1.3423019611467006
12955,australian cattle dog,1.5225628394448631
12956,bearded collie,1.6376537032038567
12957,chinese chongqing dog,1.5116242786087299
12958,american eskimo dog,1.6238553852198241
12959,dogo canario,1.4982735701193719
12960,english shepherd,1.4152317603922318
12961,aidi,1.2387553575491581
12962,entlebucher mountain dog,1.6643860192392768
12963,shinty player,1.6045933914730139
12964,bullmastiff,1.6040085521700505
12965,alaskan klee kai,1.5049976855644638
12966,akbash,1.5860189826005464
12967,american mastiff,1.3823150146175027
12968,labradoodle,1.5491678257972663
12969,jack russell terrier,1.4203738891475959
12970,dobermann,1.4454604934856179
12971,english mastiff,1.5672753914096003
12972,bull and terrier,1.549785597029822
12973,portuguese water dog,1.4428205148439683
12974,central asian shepherd dog,1.4219987094254078
12975,molosser,1.5365967009375481
12976,rough collie,1.4760880953761009
12977,smooth fox terrier,1.4783306291756348
12978,redbone coonhound,1.4036846650921393
12979,podenco canario,1.459940381190767
12980,portuguese podengo,1.3815616133356297
12981,swedish vallhund,1.4665077284918451
12982,northern inuit dog,1.4775671524317242
12983,wire fox terrier,1.6644030481008123
12984,exotic shorthair,1.1374370178156237
12985,cornish rex,1.1894812509913812
12986,non-human primate,1.5507223719321557
12987,freshwater snail,1.5727980339492225
12988,andalusian horse,1.5502649732640865
12989,maine-anjou,1.3874183673903826
12990,africanis,1.606516401506755
12991,crested duck,1.5361588156897481
12992,german spitz mittel,1.3619099174893337
12993,american bully,1.5608455392759737
12994,arm wrestler,1.458054387969465
12995,highland cattle,1.6805232435689681
12996,tango dancer,1.2768257374481644
12997,powerchair footballer,1.6284172953232037
12998,cow herder,1.6578433709652971
12999,judoka,1.4397651890321539
13000,ray fish,1.6341659854249158
13001,concertmaster,1.3448469928441267
13002,northwestern crow,1.6138975645465288
13003,narragansett turkey,1.5915915631855921
13004,egyptian mau,1.4880291698127375
13005,dragon li,1.5477472361968161
13006,kurilian bobtail,1.3993403580028849
13007,urban coyote,1.2662377898379793
13008,barnevelder,1.6387221989671255
13009,aylesbury duck,1.6744052900017663
13010,sphynx kittens,1.4845042983469392
13011,belted galloway,1.5833549075493198
13012,pterois volitans,1.3368203760134507
13013,silver y,1.0572145451748172
13014,rackets player,1.7164917126090513
13015,cayuga duck,1.5870265333157962
13016,exmoor pony,1.6524237738239722
13017,pitador,1.3600308375509127
13018,jersey cattle,1.5948625936102907
13019,pekin duck,1.4709092242812856
13020,westiepoo,1.4817356154703665
13021,card,1
13022,napkin,1
13023,cheese sauce,1
13024,model,1.7621623032788079
13025,box,1.72451664355982
13026,jam,1
13027,centerpiece,1
13028,picture_frame,1
13029,bannister,1
13030,shelf,1.7024147473179814
13031,mirror,1
13032,bar,1
13033,bouquet,1
13034,vase,1.6549947861493417
13035,decoration,1.8265204723079005
13036,ashcan,1
13037,lamppost,1
13038,ring,1
13039,booth,1
13040,milk_vetch,1
13041,iceland poppy,1
13042,shoe,1
13043,trouser,1
13044,day_lily,1
13045,door,1.8263681059842001
13046,nidus,1.2562974368956876
13047,tricycle,1.6994090348882374
13048,tongs,1.6424235863711334
13049,lighting_fixture,1.8401314760578256
13050,sloth,1
13051,writing_implement,1.7083669679999787
13052,percussion_instrument,1.6871504842136504
13053,acarine,1.4029710301301705
13054,Cricket (insect),1.548019169821881
13055,cutting_implement,1.7337700034664352
13056,signaling_device,1
13057,vessel,1.7240668997535051
13058,ant,1.6561711257749507
13059,face_mask,1.6975472996840471
13060,piece_of_cloth,1.3501713660574726
13061,bee,1.7165962427367976
13062,module,1.3784072118221513
13063,hand_tool,1.6456072101821491
13064,elephant,1
13065,container,1.6742627857971355
13066,board,1.7562318320243815
13067,kangaroo,1
13068,foodstuff,1.7175989964527036
13069,ball,1.7196391272621052
13070,tiger,1
13071,animal,1.7190824923375501
13072,moth,1.6401655367699657
13073,butt,1
13074,signboard,1.7315313905185823
13075,garden_tool,1.7288985202759024
13076,toy,1.7634375972171537
13077,rat,1.6847631878715719
13078,dairy_product,1.7162322273469706
13079,photographic_equipment,1.7338475769623569
13080,anteater,1
13081,snake,1.4374925665133307
13082,mammal,1.673142234951015
13083,jewel,1.7877060426411568
13084,squirrel,1
13085,heater,1.6191512669858596
13086,dinosaur,1.5982735017867453
13087,musical_instrument,1.751615393836174
13088,optical_instrument,1
13089,crustacean,1.7075301342426674
13090,otter,1
13091,housing,1.7091655670721435
13092,saurian,1.4642470966644037
13093,mechanical_device,1.7407124840605643
13094,frozen_dessert,1.699573788366127
13095,currency,1.5235737411198849
13096,fireplace,1
13097,cleaning_implement,1.4462744791038444
13098,kitchen_appliance,1.7434894569463715
13099,dim_sum,1.7481926543162394
13100,cell,1.6718682709684758
13101,lion,1
13102,bat (animal),1
13103,conduit,1.6799185261763707
13104,cetacean,1
13105,fish,1.6534336283628286
13106,hardware,1.7289897001005243
13107,plastic,1.6129937801763781
13108,protective_covering,1.7547458565708531
13109,microorganism,1.6780941270204717
13110,vehicle,1.6683953169487662
13111,paper,1.7915763669863431
13112,sports_ball,1.6132689112006486
13113,drafting_instrument,1.4853192288392689
13114,monkey,1.8261284072862596
13115,sweet,1.6232434855520186
13116,kitchenware,1.6996647501137661
13117,postbox,1
13118,component,1.7951807993394007
13119,mat,1.6643383352633987
13120,keyboard_instrument,1.5891649751500463
13121,wind_instrument,1.6943742005814941
13122,elastic_device,1.616445053286774
13123,rodent,1.6833665840444092
13124,fishing_gear,1.5692822367525887
13125,rescue_equipment,1.7345012598647358
13126,canine,1.7632326242902878
13127,electronic_device,1.780910356680883
13128,plant,1.3055719360133817
13129,paint,1
13130,shop,1.5690641644560914
13131,cockroach,1.7185965125172336
13132,fabric,1.3080538257822083
13133,tent,1.7988136539147512
13134,Dish (food),1.7115914606111944
13135,column,1
13136,camel,1.4635349307030527
13137,tube,1.7778393628538938
13138,electrical_device,1
13139,dragonfly,1.318270930136435
13140,fungus,1.7157583460879224
13141,turtle,1
13142,deer,1.3799283285072157
13143,makeup,1.6689150668967445
13144,furniture,1.6227177814890095
13145,amphibian,1
13146,"""ducks",1.6311087743638417
13147,grain,1.6073660697318273
13148,car,1.8158202029063868
13149,fox,1
13150,fly,1.6982951618345403
13151,cleaning products,1.7042263384714667
13152,memory_device,1.6731615613681532
13153,celestial_body,1.7380117912774049
13154,root_vegetable,1.7415952275369881
13155,cart,1.6523997804927075
13156,cloth_covering,1.7155653750566162
13157,bath_linen,1.7622615891052653
13158,shackle,1.6569185382495619
13159,plug,1
13160,weapon,1.7424454996295711
13161,emblem,1.6946388621193811
13162,ox,1.6955051717461491
13163,reptile,1.6158541607949428
13164,shellfish,1.7346207675145853
13165,chess piece,1.644970447170893
13166,entity,1.5483805594523423
13167,sports_equipment,1.8219103498196603
13168,barn,1.315824211678956
13169,medical_instrument,1.695977348851363
13170,public_transport,1.6277066487847369
13171,goat_antelope,1.5658791535207828
13172,table_linen,1.6601089213293005
13173,coelenterate,1.7388471524240656
13174,framework,1.7841175235611877
13175,antique,1.7115580809935986
13176,plastic_art,1.7000757973939877
13177,flower,1.5652263570216738
13178,stringed_instrument,1.5897538064651275
13179,medicine,1
13180,traffic light,1.6644005979426519
13181,seafood,1.7125959938769078
13182,toiletries,1.6527672921662431
13183,fruit,1.6342325237589421
13184,dressing,1.7545501920374711
13185,cat,1.5553539287368014
13186,seal,1
13187,crocodile,1
13188,artifact,1.8068193549171154
13189,armadillo,1
13190,power_tool,1
13191,accessory,1.8545785641813426
13192,instrumentality,1.7874280970508949
13193,bridge,1.6283088664906331
13194,submachine_gun,1.5786247783808902
13195,salamander,1.3540759584563156
13196,vegetable,1.7401663479785325
13197,baked_goods,1.7407981606477703
13198,building,1.6318369758917719
13199,frog,1.4869824109755803
13200,meat,1.7555842760118567
13201,cactus,1.6371869108084143
13202,kitchen_utensil,1.7398412578601949
13203,arthropod,1.3296363884691447
13204,clothing,1.8988175611440323
